cat,joint,steel,split,part,top,nomI,nomV,nomSpeed,n_on,dur_s,I_mean,I_std,I_cv,V_mean,V_std,V_cv,feed_mean,gas_mean,press_mean,wire,n_img
Good,FILLET,FE410,TRAIN,04-01-23-0024-00,2_good_weld_2_02-09-23_Fe410,165,21.0,25,237,26.07,178.19789029535866,10.054069153692746,0.05642080911860613,17.455738396624472,1.5285583600527815,0.08756767117616569,0.23371308016877637,20.844092827004218,0.12919831223628692,5.9,5
Good,NON_FILLET,FE410,TRAIN,12-13-22-0423-00,good_weld_28_12-13-22_butt,160,22.0,30,234,25.74,146.22175213675214,14.08985584345607,0.09635950628110858,17.98346153846154,2.27045787308419,0.12625254977904685,36.35564102564103,17.473119658119657,0.0758974358974359,1452.46,5
Good,NON_FILLET,FE410,TRAIN,12-13-22-0355-00,good_weld_24_12-13-22_butt,150,19.0,30,235,25.85,149.4379574468085,11.904609934411509,0.07966255787890356,19.209404255319146,0.8816445312420388,0.04589650566585939,33.537574468085104,15.596595744680855,0.07306382978723402,1355.08,5
Good,NON_FILLET,FE410,TRAIN,09-26-22-0032-00,good_weld_4_09-26-22_plane_plate,170,22.0,30,234,25.74,174.776452991453,16.349456994563887,0.09354496395097008,23.090641025641023,2.0837608413574977,0.09024265887826949,44.88235042735043,12.87948717948718,0.1711965811965812,1854.43,5
Good,NON_FILLET,FE410,TRAIN,12-13-22-0452-00,good_weld_29_12-13-22_butt,165,21.0,30,235,25.85,154.50936170212765,10.588492181838348,0.06852977751763335,19.48889361702128,1.6269610288783802,0.08348144645098884,38.74553191489362,12.958127659574469,0.04774468085106384,1598.69,5
Good,NON_FILLET,FE410,TRAIN,10-21-22-0176-00,good_weld_15_10-21-22_Plane_Plate,155,20.0,30,232,25.52,140.71387931034485,9.854897766797428,0.07003500873614908,21.007284482758624,1.5736347607617382,0.07490900416249766,39.48478448275862,15.275689655172414,0.20310344827586202,1634.75,5
Good,NON_FILLET,FE410,TRAIN,09-29-22-0022-00,good_weld_8_09-29-22_butt,170,22.0,30,233,25.63,158.51416309012876,8.820554673553644,0.05564521492340347,23.26811158798283,1.6757133955561057,0.07201759322924828,33.35545064377682,12.054678111587982,0.060772532188841204,1665.41,5
Good,FILLET,FE410,TRAIN,02-16-23-0087-00,good_weld_5_02-16-23_Fe410,160,19.0,25,280,30.8,128.3205714285714,10.13986697058988,0.07901980841968237,20.338642857142855,1.3470563743125366,0.06623137953570267,43.239107142857144,4.27225,0.11460714285714284,2051.64,5
Good,FILLET,FE410,TRAIN,04-01-23-0007-00,2_good_weld_2_02-09-23_Fe410,165,21.0,25,238,26.18,178.40264705882353,12.75972534398017,0.07152206289726738,17.669285714285717,2.1496766301528787,0.12166177314201519,0.28516806722689075,21.505714285714284,0.10705882352941175,8.03,5
Good,NON_FILLET,FE410,TRAIN,12-13-22-0356-00,good_weld_24_12-13-22_butt,150,19.0,30,235,25.85,145.06612765957445,13.052693925070873,0.08997754428036797,19.46995744680851,1.5433484237708106,0.07926819706654234,33.20221276595745,14.62153191489362,0.12825531914893618,1344.59,5
Good,NON_FILLET,FE410,TRAIN,12-13-22-0330-00,good_weld_23_12-13-22_butt,150,20.0,30,236,25.96,138.81970338983052,8.595935922267751,0.06192158398529946,20.73627118644068,1.4675904678976754,0.07077407768747372,33.757923728813566,13.587288135593218,0.09444915254237289,1352.13,5
Good,NON_FILLET,FE410,TRAIN,11-20-22-0240-00,good_weld_18_11-18-22_plane_plate,160,22.0,30,222,24.42,148.26500000000001,12.132496721484518,0.08182980960769243,22.819909909909914,1.222775564993343,0.053583715703554684,37.48045045045045,15.498243243243246,0.07576576576576577,1469.51,5
Good,NON_FILLET,FE410,TRAIN,08-17-22-0005-00,good_weld_08_17_22_plane_plate,180,24.0,30,243,26.73,178.32201646090536,14.170361151829605,0.07946501185363312,24.856666666666666,1.288094563029355,0.051820888951160854,59.18827160493828,13.905102880658436,0.10839506172839503,2204.1,5
Good,NON_FILLET,FE410,TRAIN,08-17-22-0016-00,good_weld_08_17_22_plane_plate,180,24.0,30,241,26.51,175.04207468879667,17.901497954390997,0.10226968565253619,25.0550622406639,2.0683939261199633,0.08255393286403409,34.70896265560166,13.440746887966805,0.07348547717842324,1649.34,5
Good,NON_FILLET,FE410,TRAIN,11-18-22-0207-00,good_weld_17_11-18-22_plane_plate,160,21.0,30,220,24.2,121.21318181818182,15.080244110509108,0.12441092531610362,22.461045454545452,2.0108021747681453,0.08952397958667674,35.835772727272726,11.191454545454546,0.043136363636363646,1355.25,5
Good,NON_FILLET,FE410,TRAIN,10-21-22-0161-00,good_weld_15_10-21-22_Plane_Plate,155,20.0,30,232,25.52,142.31586206896552,14.4254045728055,0.10136188871072589,20.89081896551724,1.9635809063399061,0.09399252894685593,40.51008620689655,16.475905172413793,0.24129310344827581,1640.66,5
Good,FILLET,FE410,TRAIN,02-17-23-0110-00,good_weld_6_02-17-23_Fe410,165,19.0,25,279,30.69,134.5883512544803,10.157436946858882,0.07547040180062203,20.36010752688172,1.2637717567443025,0.06207097654448671,45.693835125448025,33.60924731182796,0.6227598566308243,2148.2,5
Good,NON_FILLET,FE410,TRAIN,12-13-22-0428-00,good_weld_28_12-13-22_butt,160,22.0,30,234,25.74,150.87380341880342,12.309156352370893,0.08158577614831179,17.890470085470085,1.838895741011866,0.1027863288234859,36.0,17.255042735042736,0.07837606837606839,1436.07,5
Good,NON_FILLET,FE410,TRAIN,09-30-22-0059-00,good_weld_9_09-29-22_butt,160,23.0,30,232,25.52,147.82668103448273,16.33742278662935,0.1105174158839324,24.276163793103446,2.500636530027257,0.1030078949598147,35.89534482758621,12.091551724137933,0.13512931034482759,1525.57,5
Good,NON_FILLET,FE410,TRAIN,09-26-22-0017-00,good_weld_3_09-26-22_plane_plate,170,23.0,30,235,25.85,166.68097872340425,15.562203812427894,0.09336520538586657,24.08672340425532,1.4370152129720644,0.05966005375053179,42.62757446808511,13.49940425531915,0.194,1769.18,5
Good,NON_FILLET,FE410,TRAIN,12-13-22-0369-00,good_weld_25_12-13-22_butt,155,20.0,30,233,25.63,140.41450643776824,13.06866543463468,0.09307204623068427,20.975493562231758,1.6947176657346803,0.08079512697551824,35.718068669527895,17.05296137339056,0.06815450643776826,1436.89,5
Good,NON_FILLET,FE410,TRAIN,12-13-22-0417-00,good_weld_27_12-13-22_butt,160,21.0,30,234,25.74,148.94871794871796,11.430006855570513,0.07673786664955241,17.915170940170942,1.3672233746033502,0.07631651292467681,36.00111111111111,17.62320512820513,0.06782051282051284,1440.98,5
Good,NON_FILLET,FE410,TRAIN,09-26-22-0071-00,good_weld_6_09-26-22_plane_plate,160,22.0,30,234,25.74,167.6835042735043,12.767835951235591,0.0761424685543922,22.874230769230767,1.2700821364038946,0.055524583502599936,40.331965811965816,12.687820512820512,0.11076923076923079,1690.49,5
Good,NON_FILLET,FE410,TRAIN,10-20-22-0093-00,good_weld_11_10-20-22_Plane_Plate,150,21.0,30,234,25.74,135.0594871794872,10.287184898039131,0.07616780659301618,21.961923076923078,1.290406388087861,0.05875652981608795,33.45747863247863,16.04820512820513,0.20029914529914525,1421.64,5
Good,NON_FILLET,FE410,TRAIN,12-31-22-0013-00,9_good_weld_plane_plate,160,21.0,30,234,25.74,148.6694017094017,12.756829176078064,0.08580668940212284,21.934871794871796,1.7879993928932036,0.08151401155265581,40.44816239316239,11.881923076923076,0.08576923076923076,1655.41,5
Good,FILLET,FE410,TRAIN,02-13-23-0051-00,good_weld_3_02-13-23_Fe410,150,18.0,25,274,30.14,119.77748175182481,8.156018915558485,0.06809309058991156,19.035474452554745,1.331912321968256,0.06997000916830316,39.03240875912409,22.43817518248175,0.5568248175182482,1823.12,5
Good,NON_FILLET,FE410,TRAIN,12-13-22-0362-00,good_weld_25_12-13-22_butt,155,20.0,30,236,25.96,147.85021186440676,10.15028113842001,0.0686524625864508,20.746822033898304,1.4740748509033157,0.07105063361004493,35.48088983050848,17.440084745762714,0.035847457627118676,1434.92,5
Good,NON_FILLET,FE410,TRAIN,09-26-22-0043-00,good_weld_5_09-26-22_plane_plate,160,23.0,30,236,25.96,163.29050847457626,12.900714830760688,0.07900468282741174,24.06406779661017,1.604729837294493,0.06668572623954068,39.25122881355932,12.504110169491524,0.13944915254237283,1652.62,5
Good,FILLET,FE410,TRAIN,02-13-23-0045-00,good_weld_3_02-13-23_Fe410,150,18.0,25,286,31.46,121.20723776223778,11.0022904661332,0.09077255343212658,19.191013986013985,1.385233409864094,0.07218135586132257,38.87356643356643,23.12800699300699,0.5676223776223777,1844.75,5
Good,NON_FILLET,FE410,TRAIN,09-30-22-0066-00,good_weld_10_09-29-22_butt,160,22.0,30,233,25.63,145.60862660944204,16.137209593064586,0.1108259171783038,23.21274678111588,2.2488188873695507,0.09687862055166252,28.748755364806865,12.781974248927037,0.10725321888412015,1413.61,5
Good,NON_FILLET,FE410,TRAIN,12-13-22-0363-00,good_weld_25_12-13-22_butt,155,20.0,30,234,25.74,142.40529914529913,15.812085727706595,0.1110357958770424,21.201239316239317,2.681000822508843,0.12645491060776345,35.26773504273504,17.48551282051282,0.03683760683760683,1419.34,5
Good,NON_FILLET,FE410,TRAIN,11-18-22-0184-00,good_weld_16_11-18-22_plane_plate,170,24.0,30,220,24.2,158.61413636363636,11.887845205683329,0.07494820750673467,25.27554545454545,1.359492979867131,0.053786889873929315,40.93963636363636,10.454863636363635,0.05359090909090909,1606.23,5
Good,NON_FILLET,FE410,TRAIN,09-26-22-0042-00,good_weld_5_09-26-22_plane_plate,160,23.0,30,233,25.63,164.66021459227466,13.236778453727403,0.0803884440847099,23.83008583690987,0.8141967648613025,0.03416675753640014,40.592532188841204,13.109356223175967,0.14965665236051504,1691.15,5
Good,NON_FILLET,FE410,TRAIN,10-20-22-0136-00,good_weld_13_10-20-22_Plane_Plate,150,20.0,30,234,25.74,132.91230769230768,11.138661078305843,0.08380458718760546,21.188717948717947,2.23960796633081,0.10569813481642576,38.849914529914535,17.360470085470084,0.17666666666666664,1562.95,5
Good,NON_FILLET,FE410,TRAIN,12-13-22-0444-00,good_weld_29_12-13-22_butt,165,21.0,30,236,25.96,155.6706779661017,13.0269049722268,0.08368245800961627,19.5264406779661,1.5420577715941792,0.07897280395470425,39.27186440677966,15.245423728813556,0.06288135593220338,1600.82,5
Good,NON_FILLET,FE410,TRAIN,10-21-22-0156-00,good_weld_14_10-21-22_Plane_Plate,150,19.0,30,232,25.52,136.49512931034485,10.512158327882965,0.07701489702230904,19.850301724137932,1.7972348637063795,0.09053942296105984,38.022629310344826,15.684525862068964,0.2836637931034483,1519.18,5
Good,NON_FILLET,FE410,TRAIN,09-26-22-0034-00,good_weld_4_09-26-22_plane_plate,170,22.0,30,233,25.63,174.9890128755365,12.586974362028023,0.07193008381035153,23.11236051502146,1.5633477034500327,0.0676411958196119,41.1162660944206,12.568454935622317,0.16566523605150216,1751.31,5
Good,NON_FILLET,FE410,TRAIN,12-13-22-0381-00,good_weld_26_12-13-22_butt,155,19.0,30,235,25.85,145.9172340425532,11.499065755832332,0.07880539835670755,19.54553191489362,1.0089412418632921,0.05162004524903632,35.34221276595745,17.65591489361702,0.08310638297872341,1431.31,5
Good,NON_FILLET,FE410,TRAIN,11-20-22-0227-00,good_weld_18_11-18-22_plane_plate,160,22.0,30,222,24.42,150.52725225225225,10.150899526347377,0.06743562627009618,22.93400900900901,1.7416057655084882,0.07593987448179448,37.145855855855864,15.686306306306307,0.07108108108108108,1463.44,5
Good,NON_FILLET,FE410,TRAIN,12-13-22-0446-00,good_weld_29_12-13-22_butt,165,21.0,30,235,25.85,148.78042553191486,11.064598810019989,0.07436864608003507,19.916723404255322,1.4481909980239456,0.07271231159009475,38.095021276595745,14.065574468085106,0.059829787234042565,1577.05,5
Good,NON_FILLET,FE410,TRAIN,10-21-22-0141-00,good_weld_14_10-21-22_Plane_Plate,150,19.0,30,230,25.3,135.12095652173915,14.326856478248107,0.10602986277663827,19.987000000000002,2.7521947018435835,0.1376992395979178,37.75821739130434,13.742826086956521,0.28800000000000003,1541.15,5
Good,NON_FILLET,FE410,TRAIN,12-13-22-0432-00,good_weld_28_12-13-22_butt,160,22.0,30,235,25.85,146.4609361702128,11.237737551379555,0.07672856561779294,18.230297872340426,1.3392846016535183,0.07346476788432088,35.59323404255319,17.596765957446806,0.11161702127659573,1435.74,5
Good,NON_FILLET,FE410,TRAIN,10-20-22-0102-00,good_weld_12_10-20-22_Plane_Plate,150,22.0,30,235,25.85,133.90893617021277,11.012153975867575,0.0822361396544136,23.162638297872345,1.7411745277639004,0.07517168404446568,33.408468085106385,17.535404255319147,0.23510638297872347,1312.62,5
Good,NON_FILLET,FE410,TRAIN,12-13-22-0308-00,good_weld_22_12-13-22_butt,150,22.0,30,233,25.63,139.81798283261804,10.845815447620428,0.07757096210295357,22.856394849785403,1.5398902385786828,0.06737240272138284,33.17274678111588,13.13884120171674,0.10180257510729615,1344.59,5
Good,NON_FILLET,FE410,TRAIN,10-21-22-0180-00,good_weld_15_10-21-22_Plane_Plate,155,20.0,30,234,25.74,141.7194017094017,10.676128100978133,0.07533286178324218,20.878034188034185,1.3920079912677226,0.06667332655607601,40.54311965811966,14.619273504273504,0.19923076923076918,1626.23,5
Good,NON_FILLET,FE410,TRAIN,11-18-22-0209-00,good_weld_17_11-18-22_plane_plate,160,21.0,30,222,24.42,125.06882882882883,15.434304522336435,0.12340648478814867,22.406891891891892,2.322157246581831,0.10363584819285543,35.69576576576577,9.969774774774775,0.120990990990991,1403.12,5
Good,FILLET,FE410,TRAIN,02-17-23-0115-00,good_weld_6_02-17-23_Fe410,165,19.0,25,279,30.69,132.18021505376345,9.592356967075473,0.07257029324073837,20.38086021505376,1.0293173569881526,0.05050411739872862,45.4573476702509,34.20781362007168,0.5647311827956989,2155.08,5
Good,NON_FILLET,FE410,TRAIN,12-13-22-0406-00,good_weld_27_12-13-22_butt,160,21.0,30,235,25.85,144.78757446808513,13.975645929057734,0.09652517476310318,18.406425531914895,2.5200722393719244,0.1369126360249779,36.609744680851065,17.234340425531915,0.043744680851063825,1451.64,5
Good,NON_FILLET,FE410,TRAIN,10-21-22-0171-00,good_weld_15_10-21-22_Plane_Plate,155,20.0,30,233,25.63,140.19201716738198,17.880363573399322,0.12754195234990517,21.19004291845494,2.7582929031430607,0.13016929289656107,40.237167381974245,15.352317596566522,0.1859656652360515,1644.26,5
Good,NON_FILLET,FE410,TRAIN,12-13-22-0371-00,good_weld_25_12-13-22_butt,155,20.0,30,234,25.74,140.96931623931624,13.047963432852539,0.09255888998355992,20.868589743589745,1.544275090872479,0.07399997363726209,35.925213675213676,16.792692307692306,0.07871794871794872,1440.66,5
Good,NON_FILLET,FE410,TRAIN,11-18-22-0189-00,good_weld_16_11-18-22_plane_plate,170,24.0,30,219,24.09,161.25242009132418,14.500955206966777,0.08992705473042986,25.212191780821918,1.5625595738297458,0.061976348086417984,41.62324200913241,10.412557077625573,0.0652054794520548,1607.87,5
Good,NON_FILLET,FE410,TRAIN,12-13-22-0408-00,good_weld_27_12-13-22_butt,160,21.0,30,235,25.85,154.31025531914895,11.403573810916876,0.07390029773025568,17.73868085106383,1.3902002731326433,0.07837111929601404,35.26314893617021,17.458510638297874,0.09361702127659574,1430.82,5
Good,NON_FILLET,FE410,TRAIN,09-26-22-0062-00,good_weld_6_09-26-22_plane_plate,160,22.0,30,234,25.74,165.31145299145297,13.501404807846269,0.08167253123438657,22.997948717948717,1.3173921035289413,0.05728302639881897,39.15205128205128,13.814957264957267,0.13205128205128203,1678.85,5
Good,FILLET,FE410,TRAIN,02-13-23-0044-00,good_weld_3_02-13-23_Fe410,150,18.0,25,285,31.35,123.07603508771929,11.148633911711158,0.09058330408324622,19.04582456140351,1.283373540778078,0.06738345912199795,39.04189473684211,23.130035087719296,0.5034736842105263,1844.1,5
Good,NON_FILLET,FE410,TRAIN,09-30-22-0078-00,good_weld_10_09-29-22_butt,160,22.0,30,233,25.63,146.31214592274677,11.348895914520266,0.0775663280922181,22.94656652360515,1.1341711488611335,0.04942661673128356,38.38957081545065,15.159656652360514,0.0959227467811159,1591.97,5
Good,NON_FILLET,FE410,TRAIN,12-13-22-0372-00,good_weld_25_12-13-22_butt,155,20.0,30,233,25.63,140.16995708154508,9.402037632134915,0.06707598281324434,20.89158798283262,1.2987804499207494,0.06216762703668121,35.803562231759656,16.567510729613733,0.07373390557939914,1439.34,5
Good,NON_FILLET,FE410,TRAIN,09-30-22-0046-00,good_weld_9_09-29-22_butt,160,23.0,30,234,25.74,148.53089743589743,12.788518977820997,0.08610005863150616,24.1725641025641,1.338425603734326,0.05536961648153631,34.83679487179487,10.727606837606837,0.20042735042735046,1543.93,5
Good,NON_FILLET,FE410,TRAIN,09-26-22-0015-00,good_weld_3_09-26-22_plane_plate,170,23.0,30,234,25.74,172.5401282051282,15.18665532576192,0.08801810618632973,24.02094017094017,1.6349464077032532,0.06806338120275422,40.924786324786325,12.575128205128205,0.18072649572649574,1805.08,5
Good,NON_FILLET,FE410,TRAIN,12-13-22-0351-00,good_weld_24_12-13-22_butt,150,19.0,30,236,25.96,138.47796610169493,13.784640978621255,0.09954393010436145,19.949025423728816,2.724618791096782,0.1365790424957764,32.90033898305085,15.160932203389832,0.06961864406779661,1348.03,5
Good,NON_FILLET,FE410,TRAIN,12-13-22-0301-00,good_weld_22_12-13-22_butt,150,22.0,30,235,25.85,139.51395744680852,12.840174669907611,0.09203505444824825,22.88940425531915,1.168051406409839,0.05103022312773395,33.93468085106383,13.77459574468085,0.08948936170212766,1360.66,5
Good,NON_FILLET,FE410,TRAIN,10-20-22-0114-00,good_weld_12_10-20-22_Plane_Plate,150,22.0,30,234,25.74,138.02957264957263,11.294225718504846,0.0818246807673487,22.978034188034187,1.4383265427090455,0.06259571775979227,35.52824786324786,16.773162393162394,0.17106837606837608,1390.33,5
Good,FILLET,FE410,TRAIN,04-01-23-0025-00,3_good_weld_4_02-14-23_Fe410,155,18.0,25,237,26.07,157.78759493670887,11.756062685658273,0.07450562061215153,18.566919831223633,0.9644943600998288,0.051946923284381136,0.1238818565400844,18.140084388185656,0.0879746835443038,8.2,5
Good,FILLET,FE410,TRAIN,04-01-23-0023-00,2_good_weld_2_02-09-23_Fe410,165,21.0,25,236,25.96,175.35262711864408,10.793159490727575,0.061551170735667925,17.624618644067795,2.030649896679623,0.11521667150302352,0.23470338983050848,20.478474576271186,0.10737288135593222,5.41,5
Good,NON_FILLET,FE410,TRAIN,09-30-22-0068-00,good_weld_10_09-29-22_butt,160,22.0,30,232,25.52,141.89685344827586,14.063764591030955,0.09911258952727565,23.70676724137931,2.8196911772744344,0.11894034933420887,36.172370689655175,13.00060344827586,0.13814655172413792,1515.08,5
Good,NON_FILLET,FE410,TRAIN,10-20-22-0085-00,good_weld_11_10-20-22_Plane_Plate,150,21.0,30,233,25.63,133.33798283261802,9.049020796694764,0.06786528942810084,22.10969957081545,1.55087277842849,0.07014445282086167,27.779613733905574,14.628669527896996,0.2332188841201717,1155.41,5
Good,NON_FILLET,FE410,TRAIN,10-20-22-0131-00,good_weld_13_10-20-22_Plane_Plate,150,20.0,30,235,25.85,138.58140425531911,13.276808717799684,0.09580512471455986,20.810382978723407,1.6669867199517105,0.08010360605357635,38.00655319148937,16.91842553191489,0.17638297872340425,1533.44,5
Good,NON_FILLET,FE410,TRAIN,09-29-22-0006-00,good_weld_7_09-29-22_butt,170,23.0,30,233,25.63,161.37145922746782,15.046816753493118,0.09324335806050595,24.152832618025755,1.7970170811558694,0.07440191838263802,41.946437768240344,12.288969957081544,0.1750214592274678,1705.25,5
Good,NON_FILLET,FE410,TRAIN,12-13-22-0439-00,good_weld_28_12-13-22_butt,160,22.0,30,234,25.74,144.08829059829063,9.938065268019391,0.06897205336224102,18.151282051282053,1.5015668717443913,0.08272511371384554,35.8248717948718,18.759188034188032,0.07457264957264959,1446.56,5
Good,NON_FILLET,FE410,TRAIN,10-21-22-0178-00,good_weld_15_10-21-22_Plane_Plate,155,20.0,30,231,25.41,136.4930303030303,18.00161438156467,0.13188669298057934,21.22385281385282,2.6225053330203747,0.12356405578296624,36.126666666666665,15.14904761904762,0.19419913419913423,1572.62,5
Good,FILLET,FE410,TRAIN,02-13-23-0060-00,good_weld_3_02-13-23_Fe410,150,18.0,25,277,30.47,118.21971119133575,10.149917108409886,0.08585638559023791,19.00310469314079,1.0762275262578058,0.0566342996913695,39.194945848375454,23.602057761732855,0.5490613718411552,1819.18,5
Good,NON_FILLET,FE410,TRAIN,12-13-22-0290-00,good_weld_21_12-13-22_butt,150,21.0,30,233,25.63,133.4025321888412,13.739948740996432,0.10299616143377634,22.290686695278968,2.712663224175894,0.12169491506739537,33.60854077253219,11.987596566523603,0.06682403433476394,1351.48,5
Good,NON_FILLET,FE410,TRAIN,12-13-22-0437-00,good_weld_28_12-13-22_butt,160,22.0,30,235,25.85,137.9486808510638,11.192942619871047,0.08113845345107358,18.446765957446807,1.9709461718959664,0.10684507931864944,35.2784255319149,17.348,0.07408510638297874,1439.18,5
Good,NON_FILLET,FE410,TRAIN,11-18-22-0203-00,good_weld_17_11-18-22_plane_plate,160,21.0,30,222,24.42,144.68635135135136,11.401777416529589,0.0788034068869558,21.935225225225224,1.3784077290831267,0.06283991684288592,36.72418918918919,11.035225225225226,0.06518018018018015,1451.64,5
Good,NON_FILLET,FE410,TRAIN,12-13-22-0384-00,good_weld_26_12-13-22_butt,155,19.0,30,234,25.74,145.10931623931626,9.845038071930494,0.06784566509633277,19.67923076923077,1.7597535205121115,0.08942186517084567,34.82555555555556,16.87363247863248,0.0720940170940171,1427.21,5
Good,NON_FILLET,FE410,TRAIN,09-26-22-0045-00,good_weld_5_09-26-22_plane_plate,160,23.0,30,233,25.63,163.0137339055794,17.57733857148103,0.10782734773538868,24.18854077253219,2.3907578006726204,0.09883844681476181,37.30454935622318,12.653476394849786,0.14708154506437768,1613.12,5
Good,NON_FILLET,FE410,TRAIN,11-20-22-0277-00,good_weld_20_11-20-22_plane_plate,140,19.0,30,220,24.2,132.7014090909091,7.438462692595877,0.056054134945168865,19.54177272727273,1.4967557132031353,0.07659262719365502,32.82345454545455,16.127954545454543,0.07490909090909091,1271.31,5
Good,NON_FILLET,FE410,TRAIN,10-21-22-0174-00,good_weld_15_10-21-22_Plane_Plate,155,20.0,30,232,25.52,145.86275862068968,11.48661288082572,0.07874945592312704,20.829784482758622,1.632524257457372,0.07837451505120739,41.532931034482765,14.749698275862068,0.21875000000000003,1672.13,5
Good,FILLET,FE410,TRAIN,02-14-23-0073-00,good_weld_4_02-14-23_Fe410,155,18.0,25,278,30.580000000000002,125.00215827338128,6.864100800656551,0.05491185828683595,19.19841726618705,1.7839119625817632,0.09291974113530982,40.89255395683453,23.472410071942445,0.6090647482014389,1911.48,5
Good,FILLET,FE410,TRAIN,04-01-23-0020-00,2_good_weld_2_02-09-23_Fe410,165,21.0,25,239,26.29,178.0121757322176,16.682763140517277,0.09371697790837091,17.462175732217574,1.855319479860484,0.10624789879060914,0.1902092050209205,21.487866108786612,0.10573221757322175,22.3,5
Good,NON_FILLET,FE410,TRAIN,12-13-22-0310-00,good_weld_22_12-13-22_butt,150,22.0,30,237,26.07,139.54392405063288,12.863606535334567,0.09218320770933076,22.85810126582279,1.4688180500926766,0.0642580953252158,34.38805907172996,13.284261603375532,0.07552742616033757,1361.8,5
Good,FILLET,FE410,TRAIN,02-17-23-0093-00,good_weld_5_02-16-23_Fe410,160,19.0,25,279,30.69,129.99379928315415,10.489923629070923,0.08069556922651086,20.34695340501792,1.6240584548370087,0.07981826185518698,43.12139784946236,22.82501792114695,0.543763440860215,2049.84,5
Good,NON_FILLET,FE410,TRAIN,12-13-22-0450-00,good_weld_29_12-13-22_butt,165,21.0,30,233,25.63,149.8931330472103,9.693356330603436,0.06466844833745931,19.905150214592272,1.7912103639314834,0.08998728191552981,39.93613733905579,13.619098712446352,0.04463519313304721,1610.0,5
Good,FILLET,FE410,TRAIN,02-17-23-0105-00,good_weld_6_02-17-23_Fe410,165,19.0,25,279,30.69,133.76591397849464,9.004964326689352,0.06731882629035875,20.43695340501792,1.6192243351251197,0.07923022101364427,45.851182795698925,31.78985663082438,0.5446953405017921,2157.54,5
Good,FILLET,FE410,TRAIN,04-01-23-0041-00,5_good_weld_7_02-17-23_Fe410,165,20.0,25,236,25.96,169.193093220339,9.620602060593416,0.056861671345322426,21.078855932203393,1.598792085403114,0.07584814330271816,0.3216525423728813,17.34300847457627,0.08372881355932203,9.84,5
Good,NON_FILLET,FE410,TRAIN,11-18-22-0183-00,good_weld_16_11-18-22_plane_plate,170,24.0,30,220,24.2,159.64981818181818,14.851237882192105,0.09302383210533119,25.162954545454546,0.9904036803138627,0.03935959422113131,42.50186363636364,10.144136363636363,0.03445454545454545,1623.77,5
Good,NON_FILLET,FE410,TRAIN,12-13-22-0441-00,good_weld_29_12-13-22_butt,165,21.0,30,236,25.96,153.1951694915254,10.678637432648367,0.06970609757534879,19.80898305084746,1.5167200837588528,0.07656728666310637,40.2471186440678,17.785169491525423,0.06699152542372881,1610.0,5
Good,FILLET,FE410,TRAIN,04-01-23-0014-00,2_good_weld_2_02-09-23_Fe410,165,21.0,25,237,26.07,188.18261603375527,13.544289868524787,0.07197418206841848,17.13607594936709,2.0859494146093156,0.12172853462909394,0.2230379746835443,21.14915611814346,0.14092827004219408,15.57,5
Good,NON_FILLET,FE410,TRAIN,10-21-22-0175-00,good_weld_15_10-21-22_Plane_Plate,155,20.0,30,231,25.41,145.72411255411257,9.12800406610091,0.0626389408459177,20.821471861471863,1.3866639660132385,0.06659778786240021,41.15593073593074,15.343030303030304,0.21705627705627706,1650.98,5
Good,NON_FILLET,FE410,TRAIN,12-13-22-0422-00,good_weld_28_12-13-22_butt,160,22.0,30,470,51.7,148.12787234042554,12.844146590832,0.08670985674670159,18.0523829787234,2.2129988775684093,0.1225876317922491,35.5628085106383,17.87968085106383,0.0742127659574468,1434.59,5
Good,NON_FILLET,FE410,TRAIN,12-31-22-0002-00,8_good_weld_plane_plate,170,24.0,30,234,25.74,151.23726495726498,12.464015647040405,0.0824136541384979,23.01726495726496,1.2836717213893254,0.05576995024268333,44.254700854700864,12.542521367521367,0.06611111111111109,1806.07,5
Good,NON_FILLET,FE410,TRAIN,09-26-22-0041-00,good_weld_5_09-26-22_plane_plate,160,23.0,30,234,25.74,167.99200854700854,9.745735626478597,0.05801309068670065,23.819188034188038,0.8770838967375303,0.03682257747319676,41.06743589743589,13.591794871794871,0.14666666666666667,1679.34,5
Good,FILLET,FE410,TRAIN,02-17-23-0098-00,good_weld_5_02-16-23_Fe410,160,19.0,25,278,30.580000000000002,128.5813309352518,8.22180187185573,0.06394242315002857,20.23615107913669,1.2601624181243394,0.06227283109304105,43.37971223021583,21.142553956834533,0.5585611510791366,2041.64,5
Good,NON_FILLET,FE410,TRAIN,10-20-22-0109-00,good_weld_12_10-20-22_Plane_Plate,150,22.0,30,233,25.63,133.99476394849785,10.890136515565827,0.08127285122686997,23.087982832618025,1.380098309734345,0.059775612262868746,36.30622317596567,17.74472103004292,0.20407725321888412,1472.13,5
Good,NON_FILLET,FE410,TRAIN,09-26-22-0031-00,good_weld_4_09-26-22_plane_plate,170,22.0,30,235,25.85,175.91778723404255,14.803274794969925,0.08414882330958108,22.99323404255319,1.3094755623564729,0.05695047334068137,43.34246808510638,13.05876595744681,0.15634042553191493,1799.67,5
Good,NON_FILLET,FE410,TRAIN,11-20-22-0275-00,good_weld_20_11-20-22_plane_plate,140,19.0,30,220,24.2,125.08990909090909,9.720395964599012,0.07770727499317882,19.968727272727275,1.9716386847904945,0.09873632194292638,32.65154545454545,15.918318181818183,0.053954545454545436,1260.82,5
Good,FILLET,FE410,TRAIN,04-01-23-0004-00,1_good_weld_1_02-09-23_Fe410,170,21.0,25,237,26.07,185.4555274261603,11.226217585066356,0.060533205673991626,20.786708860759493,1.0636287282968822,0.051168693198218006,0.21329113924050633,20.85590717299578,0.12725738396624472,5.74,5
Good,NON_FILLET,FE410,TRAIN,11-20-22-0271-00,good_weld_20_11-20-22_plane_plate,140,19.0,30,220,24.2,124.83800000000001,12.553102678195343,0.10055514088815379,19.797454545454542,2.035119929089765,0.10279705021760106,32.299772727272725,16.227227272727273,0.08672727272727274,1251.97,5
Good,NON_FILLET,FE410,TRAIN,12-13-22-0359-00,good_weld_24_12-13-22_butt,150,19.0,30,234,25.74,150.20888888888888,12.946784132014866,0.08619186406199796,19.222777777777775,1.6880945075099225,0.08781740740203639,32.91923076923077,14.624230769230769,0.09555555555555559,1343.12,5
Good,NON_FILLET,FE410,TRAIN,09-26-22-0067-00,good_weld_6_09-26-22_plane_plate,160,22.0,30,233,25.63,164.73248927038625,9.825836929393391,0.059647231538313,22.98871244635193,1.1472050250686214,0.04990296989210768,38.800042918454935,13.183862660944207,0.09017167381974245,1680.0,5
Good,NON_FILLET,FE410,TRAIN,08-17-22-0004-00,good_weld_08_17_22_plane_plate,180,24.0,30,243,26.73,176.89666666666668,20.563474398526214,0.11624568617380888,24.986213991769546,1.9357595268405199,0.07747310286697132,42.62423868312757,13.78925925925926,0.0840329218106996,1913.61,5
Good,NON_FILLET,FE410,TRAIN,09-26-22-0029-00,good_weld_4_09-26-22_plane_plate,170,22.0,30,234,25.74,172.5171794871795,12.63859287178778,0.07325990900939236,22.94311965811966,1.1528435131786074,0.05024789698861252,43.66521367521367,13.219316239316239,0.10585470085470083,1796.72,5
Good,NON_FILLET,FE410,TRAIN,12-13-22-0327-00,good_weld_23_12-13-22_butt,150,20.0,30,232,25.52,135.68400862068967,12.059600865654152,0.08888004554292962,21.013318965517243,2.419782238061672,0.11515469031962647,33.77719827586207,13.85603448275862,0.06573275862068967,1347.87,5
Good,NON_FILLET,FE410,TRAIN,12-13-22-0455-00,good_weld_29_12-13-22_butt,165,21.0,30,234,25.74,158.29230769230767,11.76297226640071,0.07431171127573587,19.433162393162394,1.0219313110070392,0.05258697942886579,40.39589743589743,12.675427350427352,0.05636752136752137,1606.23,5
Good,NON_FILLET,FE410,TRAIN,12-13-22-0335-00,good_weld_23_12-13-22_butt,150,20.0,30,235,25.85,137.09872340425534,12.232808627226511,0.08922627668206883,20.842382978723407,1.5655487903906582,0.07511371381999947,32.126127659574465,13.38451063829787,0.08574468085106382,1319.67,5
Good,NON_FILLET,FE410,TRAIN,12-13-22-0374-00,good_weld_25_12-13-22_butt,155,20.0,30,235,25.85,149.70153191489365,9.722229715176494,0.06494408968843184,20.655829787234048,1.5489537593748814,0.07498869691171563,35.22914893617021,16.918595744680854,0.0976595744680851,1427.21,5
Good,NON_FILLET,FE410,TRAIN,10-20-22-0135-00,good_weld_13_10-20-22_Plane_Plate,150,20.0,30,232,25.52,133.20724137931035,8.467037138113529,0.06356288930271792,21.0485775862069,1.321364293329407,0.06277689254381232,38.40137931034482,17.00375,0.17275862068965517,1559.18,5
Good,NON_FILLET,FE410,TRAIN,12-13-22-0338-00,good_weld_23_12-13-22_butt,150,20.0,30,234,25.74,135.81581196581197,8.26178468902169,0.06083080143202601,20.83722222222222,1.3665238855594448,0.06558090473796893,33.58893162393162,13.627094017094016,0.0862820512820513,1348.53,5
Good,NON_FILLET,FE410,TRAIN,10-20-22-0132-00,good_weld_13_10-20-22_Plane_Plate,150,20.0,30,232,25.52,134.1410775862069,13.181235782575891,0.09826397714827405,21.206120689655172,2.213219148290102,0.10436699765505723,37.160603448275864,16.770905172413794,0.12375,1526.39,5
Good,NON_FILLET,FE410,TRAIN,08-17-22-0019-00,good_weld_08_17_22_plane_plate,180,24.0,30,239,26.29,177.768410041841,19.58367037510004,0.11016395078569173,25.01619246861925,2.1976395235354738,0.08784868146070715,56.37744769874478,13.064560669456068,0.06970711297071132,1411.31,5
Good,NON_FILLET,FE410,TRAIN,11-20-22-0255-00,good_weld_19_11-20-22_plane_plate,140,18.0,30,219,24.09,129.54680365296804,13.141223038496438,0.10143996353394676,18.64904109589041,3.4860765640229396,0.18693060657103425,32.19808219178083,15.324337899543382,0.08557077625570778,1253.61,5
Good,NON_FILLET,FE410,TRAIN,09-29-22-0021-00,good_weld_8_09-29-22_butt,170,22.0,30,233,25.63,159.95858369098715,10.523778255041512,0.06579064412930578,23.178755364806864,1.7491507040805025,0.07546353014003077,32.543648068669526,11.45480686695279,0.07201716738197425,1684.43,5
Good,NON_FILLET,FE410,TRAIN,12-13-22-0398-00,good_weld_26_12-13-22_butt,155,19.0,30,234,25.74,143.78636752136754,10.124537569558203,0.07041375162394053,19.509529914529914,1.446586107376284,0.07414766597215265,34.97162393162393,17.329444444444444,0.0705982905982906,1430.82,5
Good,NON_FILLET,FE410,TRAIN,09-29-22-0011-00,good_weld_7_09-29-22_butt,170,23.0,30,233,25.63,160.0782832618026,17.72552223262877,0.11073033687923352,24.389656652360514,2.3981945189183005,0.09832834275205736,39.94326180257511,11.13257510729614,0.05278969957081544,1703.93,5
Good,FILLET,FE410,TRAIN,04-01-23-0038-00,5_good_weld_7_02-17-23_Fe410,165,20.0,25,236,25.96,170.35550847457628,8.59454251353434,0.05045062874980049,21.042415254237287,1.26973363483287,0.06034162996461089,3.0341101694915262,16.678983050847453,0.08114406779661018,374.75,5
Good,NON_FILLET,FE410,TRAIN,12-31-22-0007-00,8_good_weld_plane_plate,170,24.0,30,233,25.63,145.23476394849783,14.771439942769039,0.10170732916264584,23.15188841201717,1.4119874246941617,0.06098800234201451,44.230643776824024,11.651888412017167,0.04802575107296138,1827.05,5
Good,FILLET,FE410,TRAIN,02-17-23-0100-00,good_weld_5_02-16-23_Fe410,160,19.0,25,280,30.8,131.01582142857143,11.804197207954058,0.09009749417469853,20.42964285714286,2.026890872825437,0.09921323084298417,43.639500000000005,21.675964285714286,0.5393214285714285,2043.77,5
Good,NON_FILLET,FE410,TRAIN,09-26-22-0035-00,good_weld_4_09-26-22_plane_plate,170,22.0,30,233,25.63,171.59317596566524,9.276172908871521,0.054059101457086076,23.10321888412017,1.327355235688931,0.057453259753396484,44.02107296137339,13.432575107296136,0.14300429184549357,1836.39,5
Good,FILLET,FE410,TRAIN,02-13-23-0055-00,good_weld_3_02-13-23_Fe410,150,18.0,25,277,30.47,120.98595667870036,9.249477790092843,0.07645083813038293,18.99971119133574,1.7654056651841112,0.09291750002964111,38.68534296028881,23.82620938628159,0.5525631768953068,1811.64,5
Good,FILLET,FE410,TRAIN,02-16-23-0092-00,good_weld_5_02-16-23_Fe410,160,19.0,25,280,30.8,129.98828571428572,9.085122064608017,0.06989185229026804,20.20814285714286,1.2225603814653594,0.06049840354494662,42.94171428571428,4.488642857142857,0.09339285714285714,2034.1,5
Good,NON_FILLET,FE410,TRAIN,09-26-22-0002-00,good_weld_3_09-26-22_plane_plate,170,23.0,30,235,25.85,172.89344680851067,14.251870398779646,0.0824315245132709,24.221404255319147,1.622900006129874,0.06700272160205066,40.6699574468085,12.514553191489362,0.24859574468085108,1749.51,5
Good,FILLET,FE410,TRAIN,02-17-23-0126-00,good_weld_7_02-17-23_Fe410,165,20.0,25,279,30.69,134.31086021505374,10.306696013301535,0.07673762193763649,21.34634408602151,1.3307074320331032,0.062338891693613556,45.94695340501791,36.28835125448029,0.5750179211469534,2168.53,5
Good,NON_FILLET,FE410,TRAIN,10-20-22-0097-00,good_weld_11_10-20-22_Plane_Plate,150,21.0,30,233,25.63,135.9249356223176,10.584941284681177,0.07787343239280688,21.98223175965665,1.3989993953268558,0.06364228212234568,34.44596566523605,15.30540772532189,0.19618025751072965,1366.23,5
Good,NON_FILLET,FE410,TRAIN,10-21-22-0143-00,good_weld_14_10-21-22_Plane_Plate,150,19.0,30,232,25.52,134.44288793103448,11.810267190215017,0.0878459795974731,19.97439655172414,2.0033952949597458,0.1002981636902977,38.76030172413793,16.0364224137931,0.20823275862068966,1565.08,5
Good,NON_FILLET,FE410,TRAIN,10-20-22-0139-00,good_weld_13_10-20-22_Plane_Plate,150,20.0,30,230,25.3,132.78226086956522,13.999659731415095,0.1054332080184058,21.212869565217396,2.430263437556837,0.11456552024162371,37.138043478260876,16.425869565217393,0.15630434782608696,1518.53,5
Good,FILLET,FE410,TRAIN,02-13-23-0059-00,good_weld_3_02-13-23_Fe410,150,18.0,25,278,30.580000000000002,119.95622302158274,9.807840143589809,0.0817618285782903,18.981726618705036,1.1382461193616937,0.05996536259457238,38.60773381294964,23.2618345323741,0.5560431654676259,1813.12,5
Good,FILLET,FE410,TRAIN,02-16-23-0084-00,good_weld_5_02-16-23_Fe410,160,19.0,25,280,30.8,130.14807142857143,42.22996127445762,0.324476273915703,20.26196428571429,2.0134398067364074,0.09937041534299734,43.28371428571428,4.161035714285714,0.12157142857142857,2045.41,5
Good,NON_FILLET,FE410,TRAIN,09-26-22-0065-00,good_weld_6_09-26-22_plane_plate,160,22.0,30,234,25.74,167.87179487179486,11.989821907878138,0.07142249189052198,22.98188034188034,1.4668373801425887,0.06382582096511666,41.12128205128206,12.87982905982906,0.11923076923076924,1682.95,5
Good,NON_FILLET,FE410,TRAIN,11-20-22-0253-00,good_weld_19_11-20-22_plane_plate,140,18.0,30,220,24.2,127.23890909090908,8.274839219059597,0.06503387429349483,18.419,1.6703388494991422,0.09068564251583378,32.655181818181816,15.647363636363636,0.07563636363636365,1258.36,5
Good,FILLET,FE410,TRAIN,02-09-23-0006-00,good_weld_1_02-09-23_Fe410,170,21.0,25,281,30.91,144.53871886120996,9.785813080093849,0.0677037485678177,22.391992882562278,1.4742103019023016,0.06583649385894277,47.41772241992883,38.79797153024911,0.9404982206405693,2213.12,5
Good,FILLET,FE410,TRAIN,02-09-23-0009-00,good_weld_1_02-09-23_Fe410,170,21.0,25,283,31.13,142.53180212014135,10.491589907996984,0.07360876486465474,22.3239222614841,1.3220826927305123,0.059222688434618295,47.85646643109541,40.15759717314487,0.9532155477031802,2219.51,5
Good,NON_FILLET,FE410,TRAIN,09-29-22-0032-00,good_weld_8_09-29-22_butt,170,22.0,30,234,25.74,164.66205128205127,13.221648981226457,0.08029566544497227,23.05888888888889,1.6840112942327559,0.07303089504213753,41.48141025641026,11.511709401709401,0.06132478632478629,1731.64,5
Good,NON_FILLET,FE410,TRAIN,12-13-22-0373-00,good_weld_25_12-13-22_butt,155,20.0,30,235,25.85,142.85382978723405,15.294934829017588,0.10706702684693722,20.897234042553194,1.6503194486513315,0.07897310454057095,35.61719148936171,16.518255319148935,0.08540425531914894,1437.54,5
Good,NON_FILLET,FE410,TRAIN,09-26-22-0038-00,good_weld_4_09-26-22_plane_plate,170,22.0,30,233,25.63,172.31832618025751,16.59838489847658,0.09632396777759704,23.296523605150217,2.305079365190779,0.09894520763094412,42.47484978540772,12.521115879828326,0.15605150214592275,1831.8,5
Good,NON_FILLET,FE410,TRAIN,12-13-22-0358-00,good_weld_24_12-13-22_butt,150,19.0,30,236,25.96,148.47516949152543,12.646648751823601,0.08517686017893678,19.43572033898305,2.035310815871027,0.10472011226611024,33.63864406779661,14.29381355932203,0.11237288135593222,1351.48,5
Good,NON_FILLET,FE410,TRAIN,09-26-22-0046-00,good_weld_5_09-26-22_plane_plate,160,23.0,30,233,25.63,162.98999999999998,14.84046916374277,0.0910514090664628,24.117510729613734,2.114544008298463,0.08767671058613973,40.51261802575107,12.586266094420603,0.1496137339055794,1701.31,5
Good,NON_FILLET,FE410,TRAIN,12-13-22-0323-00,good_weld_23_12-13-22_butt,150,20.0,30,233,25.63,138.16025751072962,9.548574407170133,0.06911230898964257,20.74669527896996,0.964183045659879,0.046474054431079936,34.34802575107296,13.926566523605151,0.07888412017167382,1362.62,5
Good,NON_FILLET,FE410,TRAIN,12-13-22-0300-00,good_weld_21_12-13-22_butt,150,21.0,30,233,25.63,138.58163090128755,8.991181306937005,0.06488003675856198,21.807038626609447,1.6062108128218076,0.07365561369079579,33.95463519313305,13.303776824034333,0.07300429184549356,1349.34,5
Good,NON_FILLET,FE410,TRAIN,10-20-22-0106-00,good_weld_12_10-20-22_Plane_Plate,150,22.0,30,234,25.74,134.37564102564104,13.229536137422086,0.0984518922957002,23.14423076923077,1.8658750625623648,0.0806194459935546,35.93141025641026,18.16542735042735,0.1843162393162393,1476.72,5
Good,NON_FILLET,FE410,TRAIN,09-29-22-0038-00,good_weld_8_09-29-22_butt,170,22.0,30,232,25.52,162.58474137931037,15.279463905806484,0.09397846179279197,23.03331896551724,1.5172234044001336,0.06587081117886402,41.136250000000004,11.442068965517244,0.07099137931034483,1717.54,5
Good,NON_FILLET,FE410,TRAIN,12-13-22-0379-00,good_weld_25_12-13-22_butt,155,20.0,30,235,25.85,145.99574468085106,9.349060363380017,0.06403652643313137,20.808723404255318,1.6067193536170237,0.07721373975726231,35.559617021276594,16.5351914893617,0.0828936170212766,1432.79,5
Good,NON_FILLET,FE410,TRAIN,12-13-22-0405-00,good_weld_27_12-13-22_butt,160,21.0,30,235,25.85,146.4239574468085,15.149518090495482,0.10346338368841626,18.064127659574467,2.023231628595606,0.11200273086662113,35.005319148936174,17.537531914893616,0.044425531914893644,1430.16,5
Good,NON_FILLET,FE410,TRAIN,10-21-22-0159-00,good_weld_14_10-21-22_Plane_Plate,150,19.0,30,231,25.41,133.55147186147187,11.260158833455218,0.08431325148655026,20.047186147186146,2.6476263947294627,0.1320697266584262,37.65982683982684,15.712121212121213,0.17870129870129867,1528.85,5
Good,FILLET,FE410,TRAIN,02-09-23-0018-00,good_weld_1_02-09-23_Fe410,170,21.0,25,286,31.46,143.01146853146852,14.2242083963402,0.0994620119799013,22.494895104895104,1.7838477502230827,0.07930011417723394,46.708356643356645,43.84737762237762,0.8383216783216783,2232.79,5
Good,NON_FILLET,FE410,TRAIN,10-21-22-0149-00,good_weld_14_10-21-22_Plane_Plate,150,19.0,30,233,25.63,137.65296137339058,13.056698877933073,0.09485229193519579,19.75175965665236,1.7584774695604164,0.08902890173474565,38.3856652360515,15.832660944206008,0.24236051502145922,1547.05,5
Good,NON_FILLET,FE410,TRAIN,09-26-22-0007-00,good_weld_3_09-26-22_plane_plate,170,23.0,30,233,25.63,173.02163090128758,17.864779979277845,0.10325171417133429,24.21420600858369,2.3952556178034343,0.09891943667095011,42.75875536480687,12.421974248927038,0.1869098712446352,1777.05,5
Good,FILLET,FE410,TRAIN,04-01-23-0037-00,5_good_weld_7_02-17-23_Fe410,165,20.0,25,238,26.18,173.3776050420168,12.769237416454452,0.07364986621749632,20.911470588235293,1.0005158696694483,0.047845313673555524,5.397310924369749,16.87516806722689,0.07050420168067227,125.08,5
Good,FILLET,FE410,TRAIN,02-14-23-0079-00,good_weld_4_02-14-23_Fe410,155,18.0,25,280,30.8,124.09553571428572,9.596664504110514,0.07733287461851666,19.239464285714284,2.133932560031579,0.11091434399325088,40.832750000000004,26.066178571428566,0.6208571428571429,1918.85,5
Good,NON_FILLET,FE410,TRAIN,12-13-22-0414-00,good_weld_27_12-13-22_butt,160,21.0,30,235,25.85,143.7966808510638,12.057153958780772,0.08384862492945068,18.071659574468086,2.0637132047131717,0.1141961088968728,36.168638297872334,18.008382978723404,0.10510638297872342,1449.51,5
Good,NON_FILLET,FE410,TRAIN,08-11-22-0009-00,good_weld_08_11_22_butt_joint,180,24.0,30,240,26.4,171.203625,11.97487141399853,0.0699451977958909,25.13941666666667,1.4820602508564757,0.05895364520615934,57.79704166666667,14.876333333333333,0.15016666666666664,2473.44,5
Good,NON_FILLET,FE410,TRAIN,12-13-22-0426-00,good_weld_28_12-13-22_butt,160,22.0,30,236,25.96,144.43610169491524,11.929724259544438,0.08259516921013949,18.241059322033895,2.7024806848125795,0.14815371394292745,35.428262711864406,17.54584745762712,0.051059322033898305,1420.0,5
Good,NON_FILLET,FE410,TRAIN,09-29-22-0037-00,good_weld_8_09-29-22_butt,170,22.0,30,234,25.74,162.5200854700855,12.071080753213584,0.07427439333604993,23.06034188034188,1.5651748831376744,0.06787301295268004,46.8125641025641,11.705683760683764,0.06893162393162394,1767.71,5
Good,NON_FILLET,FE410,TRAIN,09-29-22-0023-00,good_weld_8_09-29-22_butt,170,22.0,30,234,25.74,160.54628205128205,12.628954276484277,0.07866239015395142,23.24811965811966,1.729175263793876,0.07437914503291636,34.860726495726496,11.440897435897437,0.0747008547008547,1619.02,5
Good,NON_FILLET,FE410,TRAIN,12-13-22-0365-00,good_weld_25_12-13-22_butt,155,20.0,30,234,25.74,147.0307692307692,9.679414965991285,0.06583258059950127,20.946410256410257,1.82168763972268,0.08696896591936017,36.37833333333333,16.62465811965812,0.10504273504273504,1448.85,5
Good,NON_FILLET,FE410,TRAIN,09-26-22-0061-00,good_weld_6_09-26-22_plane_plate,160,22.0,30,236,25.96,167.50673728813558,13.017885697486225,0.0777155946575068,22.94182203389831,1.2617055604953091,0.05499587428718791,40.54419491525424,13.989618644067797,0.17305084745762714,1698.36,5
Good,FILLET,FE410,TRAIN,02-17-23-0108-00,good_weld_6_02-17-23_Fe410,165,19.0,25,280,30.8,133.38035714285715,10.881465509216312,0.08158221901866486,20.42792857142857,1.7307841040844343,0.08472636361697425,45.371500000000005,32.85214285714286,0.49524999999999997,2150.66,5
Good,NON_FILLET,FE410,TRAIN,09-29-22-0042-00,good_weld_9_09-29-22_butt,160,23.0,30,231,25.41,148.5509090909091,17.059248455474602,0.11483772505919036,24.40030303030303,2.536180523327119,0.1039405338604773,27.463766233766222,12.743506493506496,0.057575757575757586,1306.89,5
Good,FILLET,FE410,TRAIN,02-13-23-0043-00,good_weld_3_02-13-23_Fe410,150,18.0,25,286,31.46,124.56258741258742,42.1506287433206,0.3383891553545327,19.0656993006993,1.9263706536457565,0.1010385521802025,38.49097902097902,22.66475524475525,0.46898601398601397,1841.97,5
Good,NON_FILLET,FE410,TRAIN,11-20-22-0233-00,good_weld_18_11-18-22_plane_plate,160,22.0,30,220,24.2,145.0271818181818,13.099300244953183,0.0903230696530776,22.98345454545455,1.3174968908066464,0.05732371033262311,37.0675909090909,15.337045454545455,0.09504545454545453,1455.25,5
Good,NON_FILLET,FE410,TRAIN,12-13-22-0353-00,good_weld_24_12-13-22_butt,150,19.0,30,233,25.63,143.28909871244636,9.490621212256034,0.06623407710381293,19.649484978540773,1.567434124169048,0.07976973065099897,34.238154506437766,14.417510729613733,0.08360515021459228,1357.71,5
Good,NON_FILLET,FE410,TRAIN,11-18-22-0213-00,good_weld_17_11-18-22_plane_plate,160,21.0,30,220,24.2,136.91959090909089,18.417297912260583,0.13451178016218973,22.288590909090907,3.0059685400622396,0.13486579534447765,35.92531818181818,11.152863636363636,0.00240909090909091,1436.23,5
Good,NON_FILLET,FE410,TRAIN,09-30-22-0067-00,good_weld_10_09-29-22_butt,160,22.0,30,235,25.85,141.81693617021278,16.264298770757236,0.1146851653263497,23.452978723404257,2.4226462847293435,0.10329802083143196,36.52297872340425,13.21995744680851,0.09804255319148936,1550.49,5
Good,NON_FILLET,FE410,TRAIN,12-13-22-0367-00,good_weld_25_12-13-22_butt,155,20.0,30,236,25.96,145.3275847457627,15.803976462082705,0.10874725875153238,20.881822033898306,2.2808985878800687,0.10922890656655314,36.802118644067804,17.349661016949156,0.07559322033898305,1452.3,5
Good,NON_FILLET,FE410,TRAIN,09-26-22-0012-00,good_weld_3_09-26-22_plane_plate,170,23.0,30,234,25.74,170.5144871794872,15.969482697723246,0.09365469739186107,24.000384615384615,1.4163152115524085,0.05901218810654096,43.10764957264958,12.76713675213675,0.17183760683760685,1749.51,5
Good,NON_FILLET,FE410,TRAIN,09-26-22-0010-00,good_weld_3_09-26-22_plane_plate,170,23.0,30,233,25.63,171.53957081545065,10.380314375737596,0.06051265213263922,24.106781115879826,1.457322009355584,0.06045278307171439,43.5925321888412,12.728369098712447,0.1830901287553648,1832.79,5
Good,NON_FILLET,FE410,TRAIN,12-31-22-0012-00,9_good_weld_plane_plate,160,21.0,30,236,25.96,144.86453389830507,10.93010584689727,0.07545052990382177,21.967966101694916,1.3492731277669838,0.061420029579474,40.2525,11.986313559322035,0.08394067796610169,1655.74,5
Good,FILLET,FE410,TRAIN,02-13-23-0054-00,good_weld_3_02-13-23_Fe410,150,18.0,25,277,30.47,118.7628880866426,9.351683737711816,0.0787424749294524,19.04259927797834,1.3686472858950482,0.07187292374932289,38.522274368231045,24.29057761732852,0.5322743682310469,1817.21,5
Good,NON_FILLET,FE410,TRAIN,11-20-22-0268-00,good_weld_20_11-20-22_plane_plate,140,19.0,30,219,24.09,120.65835616438356,10.775614929177955,0.08930682690967032,20.012694063926943,2.0841755355186637,0.10414267708591061,32.149086757990865,15.905479452054795,0.0917351598173516,1253.44,5
Good,NON_FILLET,FE410,TRAIN,12-13-22-0328-00,good_weld_23_12-13-22_butt,150,20.0,30,234,25.74,136.56858974358977,11.56369259426496,0.08467314933818985,20.717735042735047,1.4135480267458018,0.0682288881400422,32.83380341880342,13.490726495726495,0.08884615384615385,1338.85,5
Good,NON_FILLET,FE410,TRAIN,12-13-22-0285-00,good_weld_21_12-13-22_butt,150,21.0,30,234,25.74,135.1724358974359,7.87893772701458,0.05828805018349186,22.076752136752138,1.7112354441067095,0.07751300705405578,33.37974358974359,11.55991452991453,0.09581196581196581,1344.92,5
Good,FILLET,FE410,TRAIN,02-13-23-0042-00,good_weld_3_02-13-23_Fe410,150,18.0,25,285,31.35,121.33659649122805,10.57822008354445,0.08718078790275938,19.096877192982458,1.4174308745618271,0.0742231758751997,39.0298947368421,23.326035087719298,0.518982456140351,1850.66,5
Good,NON_FILLET,FE410,TRAIN,09-29-22-0029-00,good_weld_8_09-29-22_butt,170,22.0,30,233,25.63,159.39527896995705,12.321898505839902,0.07730403676612244,23.240901287553644,2.190100681367,0.09423475683104765,40.72244635193133,11.45381974248927,0.019699570815450627,1681.31,5
Good,NON_FILLET,FE410,TRAIN,09-26-22-0008-00,good_weld_3_09-26-22_plane_plate,170,23.0,30,235,25.85,172.6303829787234,12.817936929071612,0.07425075880560038,24.017617021276596,1.1704080403455963,0.04873123088392831,40.55021276595745,13.32459574468085,0.19034042553191488,1750.82,5
Good,NON_FILLET,FE410,TRAIN,10-20-22-0096-00,good_weld_11_10-20-22_Plane_Plate,150,21.0,30,231,25.41,132.80021645021645,13.151652812178249,0.09903336879807331,22.38290043290043,2.6200849278551495,0.11705743568442584,36.404372294372294,15.383030303030303,0.2041558441558442,1467.71,5
Good,NON_FILLET,FE410,TRAIN,08-11-22-0019-00,good_weld_08_11_22_butt_joint,180,24.0,30,242,26.62,171.31471074380167,13.118375511360487,0.07657471710633655,25.293719008264464,2.17667668276594,0.08605601580592925,56.341818181818184,14.652231404958679,0.15814049586776857,2384.92,5
Good,NON_FILLET,FE410,TRAIN,08-17-22-0002-00,good_weld_08_17_22_plane_plate,180,24.0,30,244,26.84,176.88881147540982,17.96325526550963,0.10155111064221713,25.028073770491805,2.021934447037234,0.08078665843717875,35.18967213114755,13.958975409836068,0.10799180327868851,1893.61,5
Good,NON_FILLET,FE410,TRAIN,12-13-22-0354-00,good_weld_24_12-13-22_butt,150,19.0,30,236,25.96,148.6482627118644,13.344014258964757,0.0897690562642526,19.333728813559322,1.9395111455188332,0.10031748992768513,33.90516949152542,14.867330508474575,0.08203389830508472,1360.16,5
Good,NON_FILLET,FE410,TRAIN,09-26-22-0030-00,good_weld_4_09-26-22_plane_plate,170,22.0,30,233,25.63,174.19038626609444,19.33744554694828,0.11101327668800427,23.050729613733903,2.2590482585227702,0.09800332988925443,44.20527896995708,12.901888412017168,0.132274678111588,1852.95,5
Good,NON_FILLET,FE410,TRAIN,10-21-22-0164-00,good_weld_15_10-21-22_Plane_Plate,155,20.0,30,231,25.41,141.4390909090909,17.344357998708162,0.12262775366575383,21.21796536796537,3.088039158150956,0.1455388914345784,39.54727272727272,15.524329004329006,0.21731601731601732,1597.71,5
Good,NON_FILLET,FE410,TRAIN,09-29-22-0041-00,good_weld_9_09-29-22_butt,160,23.0,30,235,25.85,151.18063829787232,9.943671441051682,0.06577344528377764,24.145872340425527,1.603502438134558,0.06640896694587176,34.30080851063829,12.813021276595743,0.0885531914893617,1682.62,5
Good,NON_FILLET,FE410,TRAIN,12-13-22-0304-00,good_weld_22_12-13-22_butt,150,22.0,30,234,25.74,140.16816239316242,10.552861928973117,0.07528715329357774,22.81871794871795,1.0595245823984,0.04643225727140067,35.03200854700854,13.430128205128204,0.06923076923076925,1374.26,5
Good,NON_FILLET,FE410,TRAIN,08-17-22-0009-00,good_weld_08_17_22_plane_plate,180,24.0,30,241,26.51,177.7603734439834,15.589542016256447,0.08769975959332178,25.079626556016596,2.072607924803557,0.08264109994517996,49.82746887966806,13.630539419087137,0.10506224066390042,2444.59,5
Good,NON_FILLET,FE410,TRAIN,12-13-22-0377-00,good_weld_25_12-13-22_butt,155,20.0,30,234,25.74,142.60957264957264,10.195554690104183,0.07149277920604397,20.891880341880345,1.2118551958313346,0.058006037561014634,35.373974358974365,16.852777777777778,0.08226495726495726,1423.61,5
Good,NON_FILLET,FE410,TRAIN,09-26-22-0047-00,good_weld_5_09-26-22_plane_plate,160,23.0,30,232,25.52,165.69560344827588,11.42513097588347,0.06895252944626246,23.93116379310345,1.5364739891635086,0.06420389758087293,38.8589224137931,13.07198275862069,0.13681034482758622,1630.49,5
Good,NON_FILLET,FE410,TRAIN,12-13-22-0321-00,good_weld_23_12-13-22_butt,150,20.0,30,236,25.96,138.11377118644066,18.49569193584602,0.13391634865200058,21.02957627118644,2.6581242447524773,0.1263993249542784,32.16241525423729,15.32949152542373,0.06661016949152543,1333.61,5
Good,NON_FILLET,FE410,TRAIN,09-30-22-0065-00,good_weld_10_09-29-22_butt,160,22.0,30,231,25.41,148.04242424242426,8.55027435166855,0.057755568347538,23.083160173160174,1.2345666253766474,0.053483431909471975,29.301818181818177,13.245974025974029,0.11649350649350648,1577.71,5
Good,NON_FILLET,FE410,TRAIN,11-20-22-0260-00,good_weld_19_11-20-22_plane_plate,140,18.0,30,221,24.31,127.09280542986426,15.529835107219425,0.12219287358315112,18.51054298642534,2.3103914808392703,0.1248148950861998,32.079547511312214,15.913936651583713,0.06158371040723982,1250.33,5
Good,FILLET,FE410,TRAIN,02-17-23-0131-00,good_weld_7_02-17-23_Fe410,165,20.0,25,278,30.580000000000002,133.49100719424462,10.782075665686913,0.08077005254741815,21.324028776978416,1.1964102259558735,0.056106200121410786,46.1068345323741,37.24525179856115,0.47848920863309347,2183.61,5
Good,NON_FILLET,FE410,TRAIN,12-13-22-0296-00,good_weld_21_12-13-22_butt,150,21.0,30,234,25.74,137.56418803418802,9.45070324511104,0.06870031641347174,21.923076923076923,1.758503539353875,0.08021244214596623,34.69709401709401,12.651495726495726,0.08102564102564104,1377.71,5
Good,NON_FILLET,FE410,TRAIN,09-26-22-0054-00,good_weld_5_09-26-22_plane_plate,160,23.0,30,233,25.63,170.12364806866955,12.726415983669698,0.07480686035214072,23.905364806866956,1.4321932691881458,0.059910956421662304,39.45592274678111,12.412403433476396,0.14214592274678114,1673.93,5
Good,FILLET,FE410,TRAIN,04-01-23-0039-00,5_good_weld_7_02-17-23_Fe410,165,20.0,25,237,26.07,172.4531223628692,14.533212093988796,0.08427340656325474,21.002616033755274,1.8361116085993667,0.0874229955758073,17.916118143459915,16.59540084388186,0.08493670886075949,488.69,5
Good,NON_FILLET,FE410,TRAIN,10-20-22-0081-00,good_weld_11_10-20-22_Plane_Plate,150,21.0,30,235,25.85,137.55987234042553,9.041310390279552,0.06572636508344977,21.913872340425534,1.6409635695605311,0.07488240983011339,33.783148936170214,15.57004255319149,0.21817021276595747,1363.93,5
Good,NON_FILLET,FE410,TRAIN,12-13-22-0298-00,good_weld_21_12-13-22_butt,150,21.0,30,233,25.63,131.49467811158797,9.02308003286915,0.06861935526555725,22.041802575107294,1.4524634883512013,0.06589585780935756,32.75785407725322,12.881244635193132,0.0782832618025751,1344.59,5
Good,NON_FILLET,FE410,TRAIN,12-13-22-0350-00,good_weld_24_12-13-22_butt,150,19.0,30,235,25.85,137.83651063829785,10.507628799400818,0.07623255080052262,19.683106382978725,1.8324982157853578,0.0931000513907723,33.964936170212766,15.326638297872341,0.07995744680851065,1367.38,5
Good,NON_FILLET,FE410,TRAIN,12-13-22-0386-00,good_weld_26_12-13-22_butt,155,19.0,30,236,25.96,141.47224576271185,9.16018166449649,0.06474896623794785,19.719449152542374,1.851313999585999,0.09388264272824853,35.537584745762715,17.56936440677966,0.06703389830508474,1438.2,5
Good,NON_FILLET,FE410,TRAIN,10-20-22-0099-00,good_weld_11_10-20-22_Plane_Plate,150,21.0,30,233,25.63,135.9715879828326,11.113315156178404,0.08173262753672877,21.902703862660942,1.3774554823623837,0.06288974598750922,23.94051502145923,15.93145922746781,0.19433476394849786,1158.2,5
Good,NON_FILLET,FE410,TRAIN,01-02-23-0021-00,2_good_weld_butt,160,23.0,30,234,25.74,133.87880341880344,13.358525538794765,0.09978073599153893,19.788290598290597,0.9108217207750878,0.04602831741584434,44.080897435897434,9.875982905982905,0.07764957264957266,1597.54,5
Good,NON_FILLET,FE410,TRAIN,08-17-22-0018-00,good_weld_08_17_22_plane_plate,180,24.0,30,243,26.73,175.4482304526749,20.16198777372892,0.11491701980526604,25.058395061728397,2.121769176494611,0.08467298768607819,46.193703703703704,13.095267489711935,0.09300411522633743,1895.9,5
Good,NON_FILLET,FE410,TRAIN,11-20-22-0278-00,good_weld_20_11-20-22_plane_plate,140,19.0,30,221,24.31,133.54828054298645,13.50064519444876,0.1010918683457192,19.440497737556562,0.983311301047428,0.05058056199599231,32.35502262443439,15.859864253393663,0.07714932126696833,1251.15,5
Good,NON_FILLET,FE410,TRAIN,11-20-22-0247-00,good_weld_19_11-20-22_plane_plate,140,18.0,30,220,24.2,128.84127272727272,10.334386949592623,0.08021022092406785,18.37009090909091,1.104784113256196,0.06014037267009198,33.095227272727264,16.396045454545455,0.06290909090909091,1259.84,5
Good,NON_FILLET,FE410,TRAIN,12-31-22-0003-00,8_good_weld_plane_plate,170,24.0,30,235,25.85,142.51297872340427,12.01326708106849,0.08429595106831911,23.27323404255319,1.4722494884023933,0.0632593427157784,44.708000000000006,12.341063829787236,0.06348936170212767,1821.31,5
Good,NON_FILLET,FE410,TRAIN,10-20-22-0082-00,good_weld_11_10-20-22_Plane_Plate,150,21.0,30,233,25.63,134.12931330472102,8.362026773922478,0.06234302232596426,22.00339055793992,1.1507029737842778,0.05229662086641673,31.767982832618028,14.933776824034334,0.208755364806867,1141.8,5
Good,NON_FILLET,FE410,TRAIN,12-13-22-0315-00,good_weld_22_12-13-22_butt,150,22.0,30,232,25.52,136.0575,18.450357913678996,0.13560706255575028,23.14439655172414,2.4032012520074955,0.10383512253761783,32.95327586206897,13.767629310344828,0.07344827586206897,1343.44,5
Good,NON_FILLET,FE410,TRAIN,09-26-22-0013-00,good_weld_3_09-26-22_plane_plate,170,23.0,30,233,25.63,175.13214592274682,11.593579474447868,0.06619903738039021,24.000472103004295,1.2393484941497135,0.051638504810685625,43.300042918454935,12.739313304721032,0.194892703862661,1784.26,5
Good,NON_FILLET,FE410,TRAIN,09-30-22-0044-00,good_weld_9_09-29-22_butt,160,23.0,30,234,25.74,152.36918803418806,13.553429280467315,0.08895124700294553,23.92354700854701,0.7814577441776485,0.03266479439267355,38.14923076923076,9.912521367521366,0.1715811965811966,1543.93,5
Good,NON_FILLET,FE410,TRAIN,11-18-22-0212-00,good_weld_17_11-18-22_plane_plate,160,21.0,30,222,24.42,129.6704954954955,18.19941688259532,0.1403512557968712,22.23184684684685,2.2431540323029693,0.10089823161142893,37.208108108108114,10.85207207207207,0.027477477477477467,1456.89,5
Good,NON_FILLET,FE410,TRAIN,09-30-22-0058-00,good_weld_9_09-29-22_butt,160,23.0,30,235,25.85,147.52136170212768,17.218833353902557,0.11672094912376485,24.20323404255319,2.1725776786518636,0.08976394124983965,26.52868085106383,11.732468085106383,0.13540425531914896,1357.38,5
Good,NON_FILLET,FE410,TRAIN,09-29-22-0036-00,good_weld_8_09-29-22_butt,170,22.0,30,233,25.63,163.01360515021457,13.69869037468008,0.08403403115989579,23.199141630901288,2.0799038732825132,0.08965434611218885,40.734077253218885,11.327510729613733,0.08330472103004294,1628.85,5
Good,NON_FILLET,FE410,TRAIN,11-20-22-0236-00,good_weld_18_11-18-22_plane_plate,160,22.0,30,220,24.2,153.26318181818183,12.467786065424123,0.08134886616287808,22.844454545454543,1.6905345329382861,0.0740019653161147,38.00145454545454,14.93068181818182,0.11486363636363638,1461.15,5
Good,NON_FILLET,FE410,TRAIN,12-13-22-0387-00,good_weld_26_12-13-22_butt,155,19.0,30,235,25.85,143.3268085106383,10.773546644083133,0.07516770069769241,19.612723404255323,1.9051543413050525,0.0971386942056041,35.4139574468085,17.22485106382979,0.07459574468085108,1441.97,5
Good,NON_FILLET,FE410,TRAIN,10-20-22-0086-00,good_weld_11_10-20-22_Plane_Plate,150,21.0,30,231,25.41,135.21956709956712,9.113139619517847,0.06739512494377023,21.973030303030306,1.3617339949457006,0.06197297214658205,35.13021645021645,14.817532467532466,0.18913419913419915,1390.16,5
Good,NON_FILLET,FE410,TRAIN,12-13-22-0396-00,good_weld_26_12-13-22_butt,155,19.0,30,233,25.63,139.62862660944205,11.211205132342434,0.08029302732957128,19.78154506437768,1.4865669252260276,0.07514918174430246,36.240729613733905,17.141802575107295,0.06939914163090131,1453.44,5
Good,NON_FILLET,FE410,TRAIN,09-29-22-0014-00,good_weld_7_09-29-22_butt,170,23.0,30,233,25.63,161.98291845493563,8.277214469671692,0.05109930447372728,24.121201716738195,1.4073171828342352,0.05834357671565215,43.039141630901284,10.836952789699572,0.06416309012875539,1747.54,5
Good,NON_FILLET,FE410,TRAIN,09-26-22-0036-00,good_weld_4_09-26-22_plane_plate,170,22.0,30,233,25.63,174.95227467811156,16.38920411776856,0.09367814249870413,23.023605150214593,1.9035662670568652,0.08267889649067939,42.7993991416309,12.967768240343348,0.14051502145922745,1788.69,5
Good,NON_FILLET,FE410,TRAIN,09-26-22-0050-00,good_weld_5_09-26-22_plane_plate,160,23.0,30,234,25.74,165.67619658119656,10.896031469343894,0.06576703047383055,23.971410256410255,1.392180854105576,0.058076718858594875,39.286752136752135,12.830811965811968,0.11303418803418804,1672.13,5
Good,NON_FILLET,FE410,TRAIN,10-21-22-0145-00,good_weld_14_10-21-22_Plane_Plate,150,19.0,30,233,25.63,138.40356223175962,10.528653380047617,0.07607212712066738,19.776008583690984,1.7933661135327001,0.09068392673593728,38.45291845493563,16.458283261802578,0.24695278969957082,1561.48,5
Good,NON_FILLET,FE410,TRAIN,11-20-22-0256-00,good_weld_19_11-20-22_plane_plate,140,18.0,30,220,24.2,128.15472727272729,13.559985567878725,0.10580948402333681,18.56290909090909,2.475971593973475,0.13338273553179472,32.482000000000006,15.813363636363636,0.07963636363636363,1251.8,5
Good,FILLET,FE410,TRAIN,04-01-23-0036-00,5_good_weld_7_02-17-23_Fe410,165,20.0,25,238,26.18,175.99504201680674,11.38397692324367,0.06468350922156405,20.89344537815126,1.8307928406223095,0.08762522444176729,12.004411764705885,16.89521008403361,0.10130252100840334,695.74,5
Good,NON_FILLET,FE410,TRAIN,09-30-22-0043-00,good_weld_9_09-29-22_butt,160,23.0,30,233,25.63,148.42291845493563,14.976108561732733,0.10090159065481387,24.419570815450644,2.2787115963071303,0.09331497320441659,37.359012875536486,8.484377682403434,0.18021459227467815,1498.85,5
Good,NON_FILLET,FE410,TRAIN,12-13-22-0297-00,good_weld_21_12-13-22_butt,150,21.0,30,234,25.74,134.35589743589742,9.40212277682362,0.06997923393209793,21.922521367521362,1.4866213275896702,0.0678125158446477,33.401495726495725,13.456452991452993,0.07957264957264955,1356.07,5
Good,NON_FILLET,FE410,TRAIN,09-30-22-0047-00,good_weld_9_09-29-22_butt,160,23.0,30,233,25.63,149.00369098712446,14.844877066213652,0.09962757947718497,24.25742489270386,1.8486099798175737,0.076208005919606,37.91751072961373,10.722532188841203,0.18433476394849788,1627.87,5
Good,FILLET,FE410,TRAIN,02-14-23-0069-00,good_weld_4_02-14-23_Fe410,155,18.0,25,278,30.580000000000002,125.9196762589928,7.640572887319244,0.0606781490734144,19.17654676258993,1.414387501083253,0.07375611045062995,40.95075539568346,20.755035971223023,0.5144604316546761,1929.34,5
Good,NON_FILLET,FE410,TRAIN,10-20-22-0129-00,good_weld_13_10-20-22_Plane_Plate,150,20.0,30,232,25.52,138.74935344827585,13.044093221777802,0.09401192075925953,20.946206896551725,2.096131111515257,0.10007210956463594,38.5189224137931,16.90780172413793,0.14620689655172414,1556.56,5
Good,NON_FILLET,FE410,TRAIN,11-20-22-0230-00,good_weld_18_11-18-22_plane_plate,160,22.0,30,221,24.31,152.22434389140273,8.275673889029509,0.05436498313918435,22.805384615384614,1.326821376461415,0.05818017976185919,38.23162895927602,15.244298642533936,0.06488687782805433,1474.1,5
Good,NON_FILLET,FE410,TRAIN,09-26-22-0080-00,good_weld_6_09-26-22_plane_plate,160,22.0,30,235,25.85,167.64825531914892,17.647932057820245,0.10526761536661507,23.058978723404255,2.320112687815132,0.10061645468540542,42.1723829787234,12.362,0.12004255319148936,1800.66,5
Good,NON_FILLET,FE410,TRAIN,10-20-22-0128-00,good_weld_13_10-20-22_Plane_Plate,150,20.0,30,232,25.52,136.34349137931034,9.170264261838915,0.06725854068330299,21.023965517241383,1.8352979065351211,0.08729551544545798,38.19168103448276,16.980991379310346,0.19793103448275862,1558.69,5
Good,NON_FILLET,FE410,TRAIN,09-30-22-0050-00,good_weld_9_09-29-22_butt,160,23.0,30,234,25.74,149.58132478632479,17.996155274812924,0.12031017441863298,24.24752136752137,2.2663136413569718,0.09346578592534463,28.297649572649576,11.380769230769232,0.1626923076923077,1353.93,5
Good,FILLET,FE410,TRAIN,02-16-23-0090-00,good_weld_5_02-16-23_Fe410,160,19.0,25,279,30.69,128.0384229390681,9.127426041169869,0.07128661718610434,20.407132616487456,1.8891080325403828,0.09257096859429056,42.8505376344086,4.33179211469534,0.08784946236559141,2034.59,5
Good,NON_FILLET,FE410,TRAIN,12-13-22-0430-00,good_weld_28_12-13-22_butt,160,22.0,30,234,25.74,151.21384615384613,12.445604208457251,0.08230466008909658,17.82525641025641,1.583863146285199,0.08885499932409756,36.51547008547008,16.943846153846156,0.10000000000000002,1447.87,5
Good,NON_FILLET,FE410,TRAIN,09-26-22-0074-00,good_weld_6_09-26-22_plane_plate,160,22.0,30,234,25.74,163.81752136752138,12.529053542515303,0.07648176726106494,23.190085470085467,1.8904285663143505,0.08151882703291233,40.28427350427351,12.823717948717949,0.060470085470085484,1691.97,5
Good,NON_FILLET,FE410,TRAIN,12-13-22-0460-00,good_weld_29_12-13-22_butt,165,21.0,30,234,25.74,152.14264957264956,15.187263349824786,0.09982252440380121,20.025555555555563,2.8400846098876933,0.14182301220101665,40.12324786324786,16.016623931623933,0.029102564102564104,1607.71,5
Good,NON_FILLET,FE410,TRAIN,11-18-22-0192-00,good_weld_16_11-18-22_plane_plate,170,24.0,30,221,24.31,165.6812669683258,20.97812579864699,0.12661736708385682,25.1168778280543,1.9915546071318224,0.07929148761106587,40.59610859728506,10.000814479638011,0.04176470588235294,1600.66,5
Good,NON_FILLET,FE410,TRAIN,10-20-22-0108-00,good_weld_12_10-20-22_Plane_Plate,150,22.0,30,233,25.63,134.71793991416308,11.781848438776708,0.08745567551198923,23.062918454935623,1.693906950293544,0.0734472071955419,32.25995708154506,18.162446351931333,0.17536480686695274,1288.53,5
Good,NON_FILLET,FE410,TRAIN,11-20-22-0238-00,good_weld_18_11-18-22_plane_plate,160,22.0,30,222,24.42,147.5573873873874,12.207556276644478,0.08273090553301522,23.06310810810811,1.7808541285500559,0.0772165711664845,38.13216216216216,15.46472972972973,0.0537837837837838,1453.12,5
Good,NON_FILLET,FE410,TRAIN,09-26-22-0004-00,good_weld_3_09-26-22_plane_plate,170,23.0,30,233,25.63,174.48287553648072,15.389257333107874,0.08819924182124281,24.084206008583692,1.3714679998523163,0.05694470473153736,41.13708154506438,12.261201716738196,0.2039055793991416,1811.64,5
Good,FILLET,FE410,TRAIN,02-16-23-0082-00,good_weld_5_02-16-23_Fe410,160,19.0,25,280,30.8,129.79996428571428,10.06742724813889,0.07756109413080096,20.309142857142856,1.5222198870520023,0.07495244372248963,43.63696428571428,4.082571428571429,0.12596428571428572,2045.08,5
Good,NON_FILLET,FE410,TRAIN,12-13-22-0425-00,good_weld_28_12-13-22_butt,160,22.0,30,234,25.74,140.77363247863246,19.026045646132726,0.13515347520083792,18.506666666666664,3.450191759303483,0.18642966999118246,34.375128205128206,17.625555555555557,0.05542735042735043,1413.12,5
Good,NON_FILLET,FE410,TRAIN,09-26-22-0057-00,good_weld_5_09-26-22_plane_plate,160,23.0,30,233,25.63,170.87836909871245,12.662132212083492,0.07410026370727399,23.938369098712442,1.5341724999916566,0.06408843032143631,40.92171673819743,12.294849785407724,0.11725321888412016,1695.74,5
Good,NON_FILLET,FE410,TRAIN,12-13-22-0409-00,good_weld_27_12-13-22_butt,160,21.0,30,234,25.74,152.65435897435896,11.169777731264993,0.0731703818109849,17.705299145299144,1.401254234406207,0.07914321147057535,36.451752136752134,17.354529914529916,0.07525641025641025,1446.89,5
Good,NON_FILLET,FE410,TRAIN,12-13-22-0295-00,good_weld_21_12-13-22_butt,150,21.0,30,234,25.74,138.0276923076923,9.62137528957576,0.0697061229432694,21.92282051282051,1.7974377787574338,0.08198934884798643,33.18940170940171,12.719615384615382,0.07017094017094017,1345.74,5
Good,NON_FILLET,FE410,TRAIN,12-13-22-0407-00,good_weld_27_12-13-22_butt,160,21.0,30,235,25.85,140.58208510638298,16.791318152303326,0.1194413793165523,18.499659574468087,2.704017565535829,0.14616580130305326,35.6008085106383,16.952297872340424,0.057021276595744685,1434.92,5
Good,NON_FILLET,FE410,TRAIN,08-17-22-0013-00,good_weld_08_17_22_plane_plate,180,24.0,30,239,26.29,172.13531380753136,19.26477151810549,0.11191643999119144,25.178619246861924,2.238535915167221,0.08890622210930868,34.52857740585774,13.354937238493722,0.05979079497907951,1913.61,5
Good,NON_FILLET,FE410,TRAIN,10-20-22-0134-00,good_weld_13_10-20-22_Plane_Plate,150,20.0,30,234,25.74,133.8282905982906,18.479954935130674,0.13808705806907107,21.290470085470083,2.884954495137738,0.13550449959799651,37.72200854700855,17.165128205128205,0.17850427350427356,1540.98,5
Good,NON_FILLET,FE410,TRAIN,12-13-22-0322-00,good_weld_23_12-13-22_butt,150,20.0,30,235,25.85,139.52463829787231,10.943644927157012,0.07843521445863441,20.685872340425533,1.3657981858562005,0.06602565090702403,33.719744680851065,14.619744680851065,0.06851063829787235,1351.64,5
Good,NON_FILLET,FE410,TRAIN,09-30-22-0079-00,good_weld_10_09-29-22_butt,160,22.0,30,235,25.85,145.7826808510638,14.357832701224135,0.09848791788849426,23.108680851063834,1.3713700976458618,0.05934436961090011,35.88531914893617,14.802127659574468,0.04217021276595746,1568.36,5
Good,NON_FILLET,FE410,TRAIN,10-21-22-0144-00,good_weld_14_10-21-22_Plane_Plate,150,19.0,30,233,25.63,135.02699570815452,11.121646704426686,0.08236609757995994,19.912188841201722,1.8297929312033756,0.09189310857765778,38.113218884120165,16.00115879828326,0.19206008583690987,1568.03,5
Good,NON_FILLET,FE410,TRAIN,10-21-22-0173-00,good_weld_15_10-21-22_Plane_Plate,155,20.0,30,232,25.52,145.04392241379313,7.877577673537235,0.05431167016473423,20.839008620689654,1.272192558022278,0.06104861230102872,41.210172413793096,15.06280172413793,0.17362068965517244,1645.41,5
Good,NON_FILLET,FE410,TRAIN,10-20-22-0103-00,good_weld_12_10-20-22_Plane_Plate,150,22.0,30,231,25.41,134.3108225108225,13.621294381404521,0.10141620851370294,23.375627705627704,2.5985235640586732,0.11116379832799426,33.15038961038961,18.50701298701299,0.19372294372294369,1327.54,5
Good,NON_FILLET,FE410,TRAIN,12-13-22-0324-00,good_weld_23_12-13-22_butt,150,20.0,30,235,25.85,139.40225531914894,9.656339378405454,0.06926960655190358,20.808851063829792,1.8526017623032303,0.08902950752160681,33.85251063829787,13.588340425531912,0.08702127659574468,1353.61,5
Good,NON_FILLET,FE410,TRAIN,12-13-22-0435-00,good_weld_28_12-13-22_butt,160,22.0,30,233,25.63,144.9533905579399,11.382534984734445,0.07852548285294979,18.13343347639485,1.930996987911368,0.10648821638908254,36.04090128755365,17.03931330472103,0.07579399141630902,1449.34,5
Good,NON_FILLET,FE410,TRAIN,09-29-22-0040-00,good_weld_8_09-29-22_butt,170,22.0,30,234,25.74,159.6380769230769,11.865224231817562,0.0743257777875571,23.123717948717943,1.0254095076129686,0.044344491222693745,34.15923076923077,11.542692307692306,0.06128205128205128,1746.23,5
Good,NON_FILLET,FE410,TRAIN,09-26-22-0078-00,good_weld_6_09-26-22_plane_plate,160,22.0,30,233,25.63,166.0604721030043,10.823865443464594,0.06518026419165392,23.005150214592277,1.3599103351249655,0.05911329951944273,41.93712446351932,12.333948497854077,0.13510729613733907,1712.46,5
Good,NON_FILLET,FE410,TRAIN,10-20-22-0119-00,good_weld_12_10-20-22_Plane_Plate,150,22.0,30,232,25.52,138.79810344827587,8.872981500968255,0.06392725318667511,22.957327586206894,1.136035376681204,0.049484652445511604,28.010560344827585,16.01073275862069,0.24823275862068966,1183.28,5
Good,NON_FILLET,FE410,TRAIN,11-18-22-0197-00,good_weld_16_11-18-22_plane_plate,170,24.0,30,220,24.2,169.0404090909091,10.964232647512338,0.06486160739007575,24.998772727272726,1.3280871138224342,0.05312609256107764,41.288181818181805,10.087863636363636,0.07818181818181817,1591.31,5
Good,NON_FILLET,FE410,TRAIN,10-20-22-0116-00,good_weld_12_10-20-22_Plane_Plate,150,22.0,30,233,25.63,134.75158798283263,12.537230574759427,0.09303957572920529,23.187081545064377,1.7955097435022165,0.07743577991963418,34.91103004291846,16.527982832618026,0.17798283261802578,1413.12,5
Good,NON_FILLET,FE410,TRAIN,08-11-22-0010-00,good_weld_08_11_22_butt_joint,180,24.0,30,241,26.51,169.246887966805,14.322282081599157,0.0846236066946663,25.389626556016594,2.1698153400597264,0.0854607032235196,32.64680497925311,14.881203319502074,0.17601659751037343,1855.57,5
Good,NON_FILLET,FE410,TRAIN,11-20-22-0257-00,good_weld_19_11-20-22_plane_plate,140,18.0,30,219,24.09,126.02977168949772,9.492045073239266,0.07531589517296773,18.53246575342466,1.9044458710230265,0.10276268125147348,31.777808219178084,16.003744292237446,0.07100456621004568,1255.25,5
Good,NON_FILLET,FE410,TRAIN,12-13-22-0394-00,good_weld_26_12-13-22_butt,155,19.0,30,235,25.85,142.6928936170213,11.812464630678368,0.08278243107454444,19.607106382978724,1.6198971587337305,0.0826178594175422,36.09076595744681,18.185191489361703,0.09357446808510639,1444.1,5
Good,NON_FILLET,FE410,TRAIN,10-20-22-0110-00,good_weld_12_10-20-22_Plane_Plate,150,22.0,30,233,25.63,134.39051502145924,13.731150706827508,0.10217351056832354,23.09931330472103,1.1851794752213753,0.051307996025109055,31.504506437768246,17.863090128755367,0.17892703862660944,1373.28,5
Good,NON_FILLET,FE410,TRAIN,10-21-22-0168-00,good_weld_15_10-21-22_Plane_Plate,155,20.0,30,234,25.74,140.28829059829062,12.82228667952851,0.09139955034625497,21.054871794871797,1.4807466017230497,0.07032797996346413,40.870555555555555,14.712735042735043,0.2284615384615385,1667.05,5
Good,NON_FILLET,FE410,TRAIN,12-13-22-0292-00,good_weld_21_12-13-22_butt,150,21.0,30,236,25.96,136.34661016949153,11.782152765063795,0.08641324306059009,22.044449152542374,2.19521920428242,0.09958149505537754,33.41703389830508,12.138050847457627,0.11762711864406779,1349.67,5
Good,NON_FILLET,FE410,TRAIN,10-20-22-0084-00,good_weld_11_10-20-22_Plane_Plate,150,21.0,30,232,25.52,135.91465517241377,9.63059823642341,0.07085768804112087,22.071250000000003,1.8675503522480505,0.08461461640133885,35.59146551724138,14.802456896551725,0.15034482758620693,1461.15,5
Good,NON_FILLET,FE410,TRAIN,09-26-22-0037-00,good_weld_4_09-26-22_plane_plate,170,22.0,30,235,25.85,175.77365957446807,14.307178380692278,0.08139546286587335,23.013446808510636,1.5561558324032576,0.06761941595935875,43.91582978723403,12.57195744680851,0.1542127659574468,1832.62,5
Good,NON_FILLET,FE410,TRAIN,12-13-22-0342-00,good_weld_24_12-13-22_butt,150,19.0,30,234,25.74,136.62149572649574,8.610699546508355,0.06302594991161728,19.7975641025641,1.4387004023786731,0.07267057679042133,33.69854700854701,14.450000000000001,0.08547008547008547,1351.31,5
Good,NON_FILLET,FE410,TRAIN,09-26-22-0056-00,good_weld_5_09-26-22_plane_plate,160,23.0,30,234,25.74,174.1691452991453,9.751395812723127,0.055988078691978166,23.898547008547006,1.3969256648910693,0.0584523261766281,38.099914529914535,12.364957264957265,0.12735042735042734,1639.51,5
Good,NON_FILLET,FE410,TRAIN,12-13-22-0334-00,good_weld_23_12-13-22_butt,150,20.0,30,235,25.85,142.7166808510638,9.893787745081113,0.06932467659758754,20.751574468085106,1.6252835616456571,0.07832097579609021,33.822042553191494,13.435106382978724,0.08446808510638297,1355.25,5
Good,FILLET,FE410,TRAIN,04-01-23-0001-00,1_good_weld_1_02-09-23_Fe410,170,21.0,25,237,26.07,178.97185654008436,12.66352937374376,0.07075709901298088,20.974472573839662,1.3763441181840652,0.06561996318804725,0.3603797468354431,21.289198312236287,0.12485232067510546,8.2,5
Good,NON_FILLET,FE410,TRAIN,09-30-22-0061-00,good_weld_10_09-29-22_butt,160,22.0,30,230,25.3,145.695,15.226115428697986,0.10450678080028818,23.23521739130435,2.367189791106704,0.10187939072145766,35.764391304347825,13.11704347826087,0.1182608695652174,1566.23,5
Good,NON_FILLET,FE410,TRAIN,12-31-22-0006-00,8_good_weld_plane_plate,170,24.0,30,235,25.85,149.52323404255318,12.59365305177889,0.08422539234400743,23.209106382978725,1.4557567896165344,0.0627235174674441,44.41897872340425,11.748851063829788,0.1065531914893617,1828.85,5
Good,NON_FILLET,FE410,TRAIN,12-13-22-0281-00,good_weld_21_12-13-22_butt,150,21.0,30,232,25.52,139.83978448275863,10.643994768350646,0.07611564053620938,21.780905172413792,1.0802988000837122,0.04959843457065985,33.70831896551724,11.876379310344827,0.11185344827586206,1348.53,5
Good,FILLET,FE410,TRAIN,04-01-23-0022-00,2_good_weld_2_02-09-23_Fe410,165,21.0,25,236,25.96,181.47254237288138,11.65067374082796,0.06420075229281075,17.32677966101695,2.059800808942635,0.11887961001644899,0.14644067796610172,20.88470338983051,0.18360169491525424,4.43,5
Good,NON_FILLET,FE410,TRAIN,11-20-22-0232-00,good_weld_18_11-18-22_plane_plate,160,22.0,30,221,24.31,148.2150226244344,12.734949213748695,0.08592212171378935,22.991900452488693,1.7905438506091773,0.07787715740633197,36.90538461538461,15.22968325791855,0.028099547511312214,1455.9,5
Good,NON_FILLET,FE410,TRAIN,12-13-22-0451-00,good_weld_29_12-13-22_butt,165,21.0,30,232,25.52,156.0926724137931,13.455473683526227,0.0862018278978305,19.556379310344827,1.5769749640748907,0.08063736845402211,39.014482758620694,13.152155172413794,0.056508620689655176,1590.33,5
Good,NON_FILLET,FE410,TRAIN,12-13-22-0340-00,good_weld_23_12-13-22_butt,150,20.0,30,233,25.63,136.04914163090132,8.618339164228907,0.06334725130137384,20.847725321888415,1.2595348320678732,0.06041593567742684,33.173991416309015,13.927982832618026,0.11974248927038625,1342.46,5
Good,NON_FILLET,FE410,TRAIN,10-21-22-0153-00,good_weld_14_10-21-22_Plane_Plate,150,19.0,30,232,25.52,137.13336206896554,10.143510747891037,0.07396822038673403,19.72047413793103,1.517322270905931,0.07694147008298659,38.628362068965515,15.45939655172414,0.23965517241379308,1566.89,5
Good,NON_FILLET,FE410,TRAIN,09-26-22-0066-00,good_weld_6_09-26-22_plane_plate,160,22.0,30,235,25.85,165.54021276595748,10.05825839399392,0.060760211829704446,23.065191489361702,1.4420709621084253,0.0625215256839965,40.51412765957447,13.698,0.11446808510638297,1721.8,5
Good,NON_FILLET,FE410,TRAIN,11-20-22-0251-00,good_weld_19_11-20-22_plane_plate,140,18.0,30,220,24.2,128.2022727272727,11.57173020842624,0.09026150599563094,18.335500000000003,1.3612350774473378,0.07424041217568857,32.814181818181815,15.570136363636365,0.08627272727272728,1259.84,5
Good,NON_FILLET,FE410,TRAIN,09-29-22-0017-00,good_weld_7_09-29-22_butt,170,23.0,30,232,25.52,159.46176724137933,10.711791895286547,0.06717467190158484,24.441853448275864,2.04617698960816,0.08371611399840456,40.11224137931035,10.514439655172414,0.10857758620689657,1682.46,5
Good,NON_FILLET,FE410,TRAIN,12-31-22-0009-00,8_good_weld_plane_plate,170,24.0,30,234,25.74,152.6260683760684,9.660497677515322,0.06329520101187432,23.030128205128204,1.400993969888727,0.060833094692749584,52.53717948717949,12.65991452991453,0.06491452991452991,1948.69,5
Good,NON_FILLET,FE410,TRAIN,12-13-22-0445-00,good_weld_29_12-13-22_butt,165,21.0,30,233,25.63,154.20828326180256,9.973861682803344,0.06467785952762677,19.736695278969954,1.5421904978778913,0.07813823317833467,39.740429184549356,14.718197424892702,0.05699570815450644,1614.26,5
Good,FILLET,FE410,TRAIN,02-17-23-0135-00,good_weld_7_02-17-23_Fe410,165,20.0,25,279,30.69,131.38996415770612,13.047325272303922,0.09930229721840356,21.705698924731184,2.286703699281608,0.10535038319711365,46.200537634408605,37.83075268817204,0.5792114695340501,2179.18,5
Good,NON_FILLET,FE410,TRAIN,09-30-22-0080-00,good_weld_10_09-29-22_butt,160,22.0,30,234,25.74,145.5416239316239,11.474141329090374,0.078837524408007,23.27863247863248,1.623724276252758,0.06975170374562074,36.63307692307692,14.615,0.10465811965811966,1681.64,5
Good,FILLET,FE410,TRAIN,04-01-23-0006-00,2_good_weld_2_02-09-23_Fe410,165,21.0,25,235,25.85,178.5338723404255,14.03380363061304,0.07860583230869272,17.535489361702133,2.755808798029464,0.15715608165736206,0.29127659574468084,21.867914893617023,0.10991489361702124,6.72,5
Good,FILLET,FE410,TRAIN,02-17-23-0099-00,good_weld_5_02-16-23_Fe410,160,19.0,25,279,30.69,128.96910394265234,10.915220789230343,0.08463438494605598,20.346093189964158,1.4524353668516594,0.07138645013029246,43.283369175627236,21.420609318996416,0.5332258064516129,2041.8,5
Good,NON_FILLET,FE410,TRAIN,12-13-22-0393-00,good_weld_26_12-13-22_butt,155,19.0,30,234,25.74,143.9469658119658,8.421244835173328,0.05850241293848306,19.772435897435898,1.1871589621666614,0.06004110815302291,35.6748717948718,17.929957264957267,0.07346153846153847,1444.43,5
Good,NON_FILLET,FE410,TRAIN,10-20-22-0126-00,good_weld_13_10-20-22_Plane_Plate,150,20.0,30,229,25.19,136.24799126637555,17.757541550344296,0.1303325016779653,21.23545851528384,2.8299913806017574,0.1332672604438902,37.220393013100434,16.964410480349343,0.11755458515283844,1531.31,5
Good,NON_FILLET,FE410,TRAIN,09-26-22-0064-00,good_weld_6_09-26-22_plane_plate,160,22.0,30,232,25.52,164.04198275862072,11.55782242704536,0.07045649066588093,23.09875,1.5358691681688261,0.06649144079955956,41.115991379310344,13.046120689655172,0.12461206896551724,1682.62,5
Good,NON_FILLET,FE410,TRAIN,11-18-22-0190-00,good_weld_16_11-18-22_plane_plate,170,24.0,30,220,24.2,160.61277272727273,14.96986400572623,0.09320469195277321,24.973954545454543,1.3182260453352637,0.05278403317888601,42.94327272727273,10.004954545454547,0.055090909090909114,1614.1,5
Good,NON_FILLET,FE410,TRAIN,10-21-22-0142-00,good_weld_14_10-21-22_Plane_Plate,150,19.0,30,231,25.41,134.02580086580087,11.459696639667937,0.08550366097899653,19.909653679653676,1.5210250723920027,0.07639636012083866,38.15177489177489,16.352554112554113,0.2555411255411255,1558.2,5
Good,NON_FILLET,FE410,TRAIN,09-29-22-0002-00,good_weld_7_09-29-22_butt,170,23.0,30,235,25.85,161.03276595744683,12.839750061158675,0.07973377333996486,24.315702127659577,1.430228538233191,0.05881913385533205,41.69476595744681,12.567234042553192,0.1996595744680851,1693.44,5
Good,NON_FILLET,FE410,TRAIN,12-13-22-0401-00,good_weld_27_12-13-22_butt,160,21.0,30,235,25.85,143.998,10.542594995102924,0.07321348209768833,18.158510638297873,1.9822608377134672,0.10916428539754286,35.33046808510638,18.553914893617023,0.06591489361702128,1429.18,5
Good,NON_FILLET,FE410,TRAIN,11-20-22-0254-00,good_weld_19_11-20-22_plane_plate,140,18.0,30,220,24.2,125.46472727272726,10.1376165283094,0.08080053054491476,18.587227272727272,2.100834155525964,0.11302568826973364,32.17945454545454,15.78263636363636,0.08945454545454547,1256.72,5
Good,NON_FILLET,FE410,TRAIN,12-13-22-0403-00,good_weld_27_12-13-22_butt,160,21.0,30,234,25.74,146.03705128205127,9.636157958169001,0.06598433667054832,18.12320512820513,1.9383616551716254,0.10695468276496825,36.14991452991454,17.451068376068374,0.08645299145299147,1442.3,5
Good,FILLET,FE410,TRAIN,02-09-23-0008-00,good_weld_1_02-09-23_Fe410,170,21.0,25,282,31.02,140.68620567375885,10.644713897067893,0.07566281175961356,22.209929078014188,0.9020313149624087,0.04061387642409618,47.23429078014184,40.09446808510638,0.9315248226950354,2218.85,5
Good,NON_FILLET,FE410,TRAIN,09-26-22-0051-00,good_weld_5_09-26-22_plane_plate,160,23.0,30,234,25.74,169.21628205128206,12.230082321282294,0.07227485542777669,23.813846153846153,1.3138495325780382,0.05517166458916757,39.02688034188034,12.834700854700854,0.1411111111111111,1661.31,5
Good,NON_FILLET,FE410,TRAIN,08-11-22-0008-00,good_weld_08_11_22_butt_joint,180,24.0,30,242,26.62,170.80037190082646,14.247395811620562,0.08341548471506356,25.151115702479338,1.2772318335689372,0.050782313145775505,39.635743801652886,14.684628099173555,0.16334710743801648,1651.48,5
Good,NON_FILLET,FE410,TRAIN,09-29-22-0039-00,good_weld_8_09-29-22_butt,170,22.0,30,234,25.74,162.78085470085472,12.182202319104883,0.07483805353825138,22.985854700854702,1.2007927979482622,0.05224051111328099,43.3309829059829,11.69777777777778,0.052991452991452984,1957.21,5
Good,NON_FILLET,FE410,TRAIN,10-20-22-0137-00,good_weld_13_10-20-22_Plane_Plate,150,20.0,30,234,25.74,132.440641025641,11.723877510413015,0.08852175147765426,21.051794871794872,1.4866092509593656,0.07061674598355126,38.28854700854701,16.854444444444443,0.16123931623931623,1559.51,5
Good,NON_FILLET,FE410,TRAIN,09-29-22-0007-00,good_weld_7_09-29-22_butt,170,23.0,30,234,25.74,160.95632478632479,14.916071615657298,0.09267154698927743,24.13636752136752,1.5644184872993956,0.06481582143271733,40.44038461538461,12.417564102564103,0.18064102564102566,1720.0,5
Good,NON_FILLET,FE410,TRAIN,01-02-23-0023-00,3_good_weld_butt,160,22.0,30,235,25.85,140.28314893617022,13.105158420305836,0.0934193345365292,20.942978723404252,1.444350791513987,0.06896587207529807,38.51604255319149,10.099063829787235,0.062212765957446806,1581.15,5
Good,FILLET,FE410,TRAIN,02-09-23-0019-00,good_weld_1_02-09-23_Fe410,170,21.0,25,286,31.46,146.89111888111887,11.729837204709005,0.07985395777536512,22.28695804195804,1.4619430155411277,0.0655963462034089,47.304580419580425,45.38377622377622,0.8361888111888112,2228.85,5
Good,NON_FILLET,FE410,TRAIN,09-26-22-0020-00,good_weld_3_09-26-22_plane_plate,170,23.0,30,232,25.52,168.51922413793108,12.152189131762782,0.07211158960604015,24.129353448275864,1.4721777652067054,0.061011902716850384,44.61487068965518,12.996120689655172,0.16181034482758622,1859.84,5
Good,NON_FILLET,FE410,TRAIN,09-26-22-0039-00,good_weld_4_09-26-22_plane_plate,170,22.0,30,233,25.63,174.41738197424894,19.629933764073556,0.1125457425279536,23.029699570815453,2.1583982716376595,0.09372238074581332,42.367253218884116,12.350472103004291,0.15150214592274674,1768.69,5
Good,NON_FILLET,FE410,TRAIN,12-13-22-0412-00,good_weld_27_12-13-22_butt,160,21.0,30,234,25.74,141.13162393162392,18.182216844177585,0.12883162779297846,18.2957264957265,3.0071460858306707,0.16436330563495674,35.37423076923078,17.739786324786326,0.08209401709401712,1431.8,5
Good,NON_FILLET,FE410,TRAIN,10-21-22-0169-00,good_weld_15_10-21-22_Plane_Plate,155,20.0,30,232,25.52,141.59310344827585,13.108925508570568,0.09258166668660721,20.97801724137931,1.8255375629224508,0.08702145402576766,40.8378448275862,14.692499999999999,0.1971551724137931,1609.67,5
Good,NON_FILLET,FE410,TRAIN,08-11-22-0016-00,good_weld_08_11_22_butt_joint,180,24.0,30,243,26.73,171.57238683127576,13.789460824001981,0.08037109629746267,25.168477366255146,1.6207815386328903,0.06439728216558571,46.73539094650206,14.523950617283951,0.14864197530864198,2160.82,5
Good,FILLET,FE410,TRAIN,02-14-23-0080-00,good_weld_4_02-14-23_Fe410,155,18.0,25,278,30.580000000000002,124.39428057553957,7.700944010329841,0.06190754088290556,19.124172661870507,1.120823188509119,0.05860766937875435,41.19953237410072,26.78611510791367,0.5979136690647483,1920.98,5
Good,NON_FILLET,FE410,TRAIN,11-20-22-0252-00,good_weld_19_11-20-22_plane_plate,140,18.0,30,222,24.42,127.13765765765767,11.431914441237465,0.08991761097266766,18.41027027027027,1.2584932882171878,0.06835821906696607,32.4227927927928,15.800945945945946,0.08954954954954952,1253.61,5
Good,FILLET,FE410,TRAIN,02-13-23-0058-00,good_weld_3_02-13-23_Fe410,150,18.0,25,278,30.580000000000002,121.64104316546762,8.073680955960263,0.06637299998305408,19.044928057553957,1.4902047790871777,0.07824680537431092,38.951043165467624,24.037302158273384,0.516798561151079,1815.57,5
Good,NON_FILLET,FE410,TRAIN,12-31-22-0015-00,10_good_weld_plane_plate,160,22.0,30,235,25.85,145.47302127659577,9.284178609699962,0.06382062136488832,22.93812765957447,1.566677545202565,0.06830014936064877,40.47897872340425,12.309999999999997,0.07940425531914892,1655.74,5
Good,NON_FILLET,FE410,TRAIN,08-11-22-0012-00,good_weld_08_11_22_butt_joint,180,24.0,30,239,26.29,168.17589958159,11.39005167826605,0.06772701502774006,25.180753138075314,0.9492944404142771,0.03769920761340803,35.600041841004185,14.37309623430962,0.14882845188284516,1823.12,5
Good,NON_FILLET,FE410,TRAIN,08-17-22-0001-00,good_weld_08_17_22_plane_plate,180,24.0,30,241,26.51,178.7948962655602,11.674010882869736,0.0652927523475311,24.80908713692946,0.9521541348658762,0.038379249087668016,60.95510373443984,14.587261410788384,0.06560165975103735,2446.89,5
Good,NON_FILLET,FE410,TRAIN,10-20-22-0115-00,good_weld_12_10-20-22_Plane_Plate,150,22.0,30,232,25.52,132.8114224137931,14.027281154332757,0.10561803269171188,23.333232758620692,2.1465964960880433,0.09199738922995837,37.56603448275862,16.09206896551724,0.17693965517241378,1516.07,5
Good,FILLET,FE410,TRAIN,04-01-23-0031-00,4_good_weld_6_02-17-23_Fe410,165,19.0,25,236,25.96,174.12360169491524,10.532749421535108,0.06049007325261803,19.659957627118644,1.9856721886429516,0.10100083765714458,0.4019067796610169,17.044449152542374,0.06266949152542373,12.79,5
Good,NON_FILLET,FE410,TRAIN,12-13-22-0399-00,good_weld_26_12-13-22_butt,155,19.0,30,236,25.96,142.96855932203388,12.088237101144536,0.08455171653451454,19.74741525423729,2.346885236209161,0.11884518586327796,36.83847457627118,16.99987288135593,0.08114406779661018,1461.15,5
Good,NON_FILLET,FE410,TRAIN,12-13-22-0424-00,good_weld_28_12-13-22_butt,160,22.0,30,236,25.96,145.64466101694916,13.087116626160599,0.08985648038713624,17.907881355932204,1.5402181949293239,0.08600784002955815,35.87915254237288,17.145,0.06826271186440677,1447.05,5
Good,NON_FILLET,FE410,TRAIN,12-13-22-0294-00,good_weld_21_12-13-22_butt,150,21.0,30,235,25.85,136.25123404255316,9.57191836155134,0.07025197554219506,21.966425531914897,1.4917448016304566,0.0679102205073424,33.48723404255319,12.237744680851064,0.0833191489361702,1354.43,5
Good,NON_FILLET,FE410,TRAIN,10-20-22-0095-00,good_weld_11_10-20-22_Plane_Plate,150,21.0,30,234,25.74,137.5483760683761,10.596125533490293,0.07703562801950418,21.94470085470085,1.7451805237116915,0.07952628451245669,35.275,15.885598290598292,0.19119658119658117,1370.49,5
Good,NON_FILLET,FE410,TRAIN,12-13-22-0339-00,good_weld_23_12-13-22_butt,150,20.0,30,236,25.96,137.54533898305084,12.722111472162686,0.0924939482953354,20.776483050847457,1.5745475282951733,0.07578508472496016,26.153432203389833,13.292161016949152,0.09669491525423732,595.74,5
Good,NON_FILLET,FE410,TRAIN,10-20-22-0112-00,good_weld_12_10-20-22_Plane_Plate,150,22.0,30,233,25.63,134.5412017167382,15.780149804738771,0.11728860455670787,23.13721030042918,2.323368065285824,0.10041694893712952,29.49227467811159,16.86145922746781,0.19287553648068673,1270.16,5
Good,NON_FILLET,FE410,TRAIN,09-26-22-0058-00,good_weld_5_09-26-22_plane_plate,160,23.0,30,234,25.74,169.1210683760684,12.500810588808985,0.0739163411681588,23.839358974358973,1.0021950240808952,0.042039512268716266,40.15888888888888,12.410897435897436,0.14055555555555554,1685.25,5
Good,NON_FILLET,FE410,TRAIN,12-31-22-0001-00,8_good_weld_plane_plate,170,24.0,30,234,25.74,144.9911111111111,13.543758696111748,0.09341095872927516,23.14730769230769,1.2959332293610015,0.055986348243500725,56.08512820512821,12.705598290598289,0.07961538461538463,1985.57,5
Good,NON_FILLET,FE410,TRAIN,10-20-22-0104-00,good_weld_12_10-20-22_Plane_Plate,150,22.0,30,233,25.63,134.02502145922745,12.481087041118887,0.09312505161520032,23.183862660944207,1.8855548021977946,0.08133048533686413,28.047768240343345,18.382832618025756,0.18085836909871245,1235.25,5
Good,NON_FILLET,FE410,TRAIN,12-13-22-0383-00,good_weld_26_12-13-22_butt,155,19.0,30,235,25.85,147.9005531914894,9.807152898944203,0.06630910221307092,19.52659574468085,1.5096496970072637,0.07731248788814099,35.101957446808505,17.303531914893618,0.06523404255319148,1425.41,5
Good,FILLET,FE410,TRAIN,02-17-23-0114-00,good_weld_6_02-17-23_Fe410,165,19.0,25,281,30.91,133.68071174377224,10.194019265104705,0.07625647060171052,20.366868327402134,1.4060774263990508,0.06903748793363956,45.85209964412811,34.222099644128114,0.5598220640569396,2170.49,5
Good,FILLET,FE410,TRAIN,04-01-23-0003-00,1_good_weld_1_02-09-23_Fe410,170,21.0,25,237,26.07,187.25350210970464,13.54581115959446,0.07233942760471572,20.74763713080169,1.412135173814439,0.0680624576626126,0.34168776371308024,21.366118143459918,0.1308016877637131,9.34,5
Good,NON_FILLET,FE410,TRAIN,12-13-22-0456-00,good_weld_29_12-13-22_butt,165,21.0,30,236,25.96,155.971906779661,12.348880497446283,0.07917374835258857,19.6325,1.174672838110997,0.059833074652285594,39.12,14.038093220338984,0.00673728813559322,1591.31,5
Good,NON_FILLET,FE410,TRAIN,09-29-22-0015-00,good_weld_7_09-29-22_butt,170,23.0,30,233,25.63,158.8009442060086,12.228899454294853,0.07700772508273375,24.31364806866953,1.6927545893449558,0.06962157980423483,41.113476394849776,10.723175965665236,0.10077253218884118,1695.57,5
Good,NON_FILLET,FE410,TRAIN,09-30-22-0075-00,good_weld_10_09-29-22_butt,160,22.0,30,233,25.63,144.04725321888412,11.485130912525342,0.0797316898162115,23.207296137339057,1.678945682829015,0.07234559652676206,36.469527896995714,12.935150214592275,0.1309442060085837,1565.74,5
Good,NON_FILLET,FE410,TRAIN,12-13-22-0400-00,good_weld_26_12-13-22_butt,155,19.0,30,235,25.85,140.14468085106384,12.61830373335142,0.09003769288083996,19.91293617021277,2.220579998580637,0.11151444365609646,36.53570212765957,17.092680851063832,0.08314893617021278,1456.89,5
Good,NON_FILLET,FE410,TRAIN,11-20-22-0234-00,good_weld_18_11-18-22_plane_plate,160,22.0,30,221,24.31,146.8806334841629,10.25691449956658,0.0698316330496526,22.905610859728508,1.5625166799603316,0.06821545557239295,38.4427149321267,15.252126696832578,0.08054298642533937,1477.21,5
Good,NON_FILLET,FE410,TRAIN,11-20-22-0229-00,good_weld_18_11-18-22_plane_plate,160,22.0,30,221,24.31,149.85579185520362,13.287427445525909,0.0886680940458059,22.909728506787328,1.402160319763768,0.0612037073834532,37.578009049773755,15.069276018099547,0.08194570135746608,1462.13,5
Good,NON_FILLET,FE410,TRAIN,11-20-22-0242-00,good_weld_19_11-20-22_plane_plate,140,18.0,30,223,24.53,130.66775784753364,14.50992671685441,0.11104443020890395,18.350941704035876,1.8300530468387877,0.099725293467436,32.09565022421525,16.261165919282515,0.06946188340807172,1254.59,5
Good,NON_FILLET,FE410,TRAIN,12-13-22-0411-00,good_weld_27_12-13-22_butt,160,21.0,30,234,25.74,141.8632905982906,10.612400141578512,0.07480723234898928,18.307435897435894,1.6342446661746934,0.08926671519322828,35.189188034188035,17.689957264957265,0.08623931623931624,1436.56,5
Good,FILLET,FE410,TRAIN,02-17-23-0120-00,good_weld_6_02-17-23_Fe410,165,19.0,25,280,30.8,133.51803571428573,11.911844805293033,0.08921524902285938,20.36192857142857,1.4526699662077296,0.07134245467524553,46.57375,38.452357142857146,0.6243928571428572,2173.94,5
Good,NON_FILLET,FE410,TRAIN,11-20-22-0265-00,good_weld_20_11-20-22_plane_plate,140,19.0,30,220,24.2,124.05177272727272,8.412376620476062,0.06781343333940608,19.996636363636366,1.815845414775483,0.09080754291644645,31.769454545454543,15.823772727272727,0.05172727272727274,1237.38,5
Good,FILLET,FE410,TRAIN,04-01-23-0028-00,3_good_weld_4_02-14-23_Fe410,155,18.0,25,236,25.96,161.1347881355932,9.087778533741165,0.05639861285629952,18.35580508474576,1.8764998506543906,0.10222923167852876,1.2563135593220336,16.834364406779663,0.07622881355932204,23.28,5
Good,FILLET,FE410,TRAIN,04-01-23-0021-00,2_good_weld_2_02-09-23_Fe410,165,21.0,25,236,25.96,175.22288135593223,10.472548479833332,0.059767014437802364,17.595254237288138,1.8275616644086217,0.10386673814213064,0.2482627118644068,20.97449152542373,0.12292372881355931,5.25,5
Good,NON_FILLET,FE410,TRAIN,12-13-22-0343-00,good_weld_24_12-13-22_butt,150,19.0,30,234,25.74,140.398547008547,12.043296410771216,0.08577935218972073,19.7015811965812,1.952819371491041,0.09911993113679182,33.66363247863248,14.397094017094018,0.09957264957264957,1356.23,5
Good,NON_FILLET,FE410,TRAIN,09-30-22-0052-00,good_weld_9_09-29-22_butt,160,23.0,30,232,25.52,145.2480603448276,15.329797318681045,0.10554218267897822,24.996293103448274,3.2533414138815657,0.13015295509688046,38.181293103448276,11.60198275862069,0.18258620689655175,1552.46,5
Good,NON_FILLET,FE410,TRAIN,10-20-22-0125-00,good_weld_13_10-20-22_Plane_Plate,150,20.0,30,233,25.63,140.50862660944208,10.277164584591008,0.07314258798612717,20.841201716738198,1.6109673463579337,0.07729723881824517,38.084120171673824,17.22909871244635,0.2004291845493562,1545.08,5
Good,NON_FILLET,FE410,TRAIN,12-13-22-0370-00,good_weld_25_12-13-22_butt,155,20.0,30,235,25.85,142.39208510638298,7.968778412933525,0.05596363314000176,20.79136170212766,1.0477737168753893,0.05039466543300849,36.463957446808514,17.419829787234043,0.06923404255319149,1444.92,5
Good,NON_FILLET,FE410,TRAIN,11-18-22-0220-00,good_weld_17_11-18-22_plane_plate,160,21.0,30,219,24.09,117.12086757990868,18.468396305253172,0.15768664190138995,22.48132420091324,1.701664209673878,0.07569234776680783,29.006849315068493,12.735753424657535,0.057488584474885855,1175.08,5
Good,NON_FILLET,FE410,TRAIN,11-20-22-0244-00,good_weld_19_11-20-22_plane_plate,140,18.0,30,221,24.31,133.56180995475114,13.694684781134166,0.10253443544808005,18.08524886877828,1.7018136198989926,0.09409954113691751,31.258914027149327,16.161357466063347,0.07171945701357464,1239.51,5
Good,NON_FILLET,FE410,TRAIN,10-20-22-0098-00,good_weld_11_10-20-22_Plane_Plate,150,21.0,30,233,25.63,133.28815450643776,10.918781254310078,0.08191861680988842,22.004935622317596,1.3700749162035128,0.06226216425800269,33.852961373390556,15.420214592274677,0.1780257510729614,1345.74,5
Good,NON_FILLET,FE410,TRAIN,12-13-22-0434-00,good_weld_28_12-13-22_butt,160,22.0,30,235,25.85,143.6303829787234,12.58391298809781,0.08761316879564347,18.087361702127662,1.5549630553988125,0.0859695892085742,34.86178723404255,17.28923404255319,0.07829787234042553,1435.08,5
Good,FILLET,FE410,TRAIN,04-01-23-0005-00,1_good_weld_1_02-09-23_Fe410,170,21.0,25,237,26.07,184.60097046413506,10.415666507716699,0.0564225988711164,20.88721518987342,1.751053148030041,0.0838337294901328,0.30928270042194084,21.16113924050633,0.12126582278481013,9.67,5
Good,FILLET,FE410,TRAIN,02-09-23-0035-00,good_weld_2_02-09-23_Fe410,165,21.0,25,284,31.24,136.65602112676055,17.078936152007763,0.12497756052889568,23.5012323943662,3.584335506060637,0.15251691681155782,45.28661971830986,48.12457746478873,0.8599295774647887,2162.62,5
Good,FILLET,FE410,TRAIN,02-13-23-0056-00,good_weld_3_02-13-23_Fe410,150,18.0,25,277,30.47,118.46722021660649,8.699452373145869,0.07343341354038455,19.04797833935018,1.4122787987243233,0.07414323838277227,39.1986642599278,24.804440433213,0.5526714801444043,1822.13,5
Good,NON_FILLET,FE410,TRAIN,09-26-22-0009-00,good_weld_3_09-26-22_plane_plate,170,23.0,30,235,25.85,171.17557446808507,13.0683029125717,0.07634443730176134,24.015404255319147,1.1629626854177748,0.0484256968174996,42.5775744680851,12.818553191489363,0.17676595744680854,1758.85,5
Good,NON_FILLET,FE410,TRAIN,11-20-22-0269-00,good_weld_20_11-20-22_plane_plate,140,19.0,30,222,24.42,125.88454954954956,16.408538350250804,0.13034592735141196,20.05626126126126,3.2444706857947114,0.16176846938374392,32.55815315315315,15.753648648648651,0.08860360360360363,1260.66,5
Good,NON_FILLET,FE410,TRAIN,10-21-22-0177-00,good_weld_15_10-21-22_Plane_Plate,155,20.0,30,233,25.63,142.59454935622318,11.537738934964235,0.08091290296195812,20.991158798283266,1.957869605662711,0.09327115403570921,41.24321888412016,14.956309012875534,0.19055793991416312,1665.41,5
Good,NON_FILLET,FE410,TRAIN,09-30-22-0062-00,good_weld_10_09-29-22_butt,160,22.0,30,233,25.63,146.57206008583688,10.776152552799246,0.07352119187305149,23.39424892703863,2.128741020960503,0.09099420236142501,36.363948497854075,13.417467811158799,0.07502145922746781,1549.67,5
Good,NON_FILLET,FE410,TRAIN,09-26-22-0027-00,good_weld_4_09-26-22_plane_plate,170,22.0,30,235,25.85,178.78714893617018,11.367184210675598,0.06357942546941034,22.95463829787234,1.5844053648184437,0.06902332087564637,41.963361702127656,13.410808510638297,0.12812765957446812,1835.9,5
Good,NON_FILLET,FE410,TRAIN,08-17-22-0011-00,good_weld_08_17_22_plane_plate,180,24.0,30,242,26.62,178.85508264462808,16.651511095914806,0.09310057533562038,24.978181818181817,2.0064464572701945,0.080327962694614,51.2749173553719,13.532561983471075,0.021487603305785117,2197.87,5
Good,NON_FILLET,FE410,TRAIN,12-13-22-0352-00,good_weld_24_12-13-22_butt,150,19.0,30,234,25.74,142.09448717948717,13.268119360587157,0.09337532809297157,19.686752136752137,1.772021143781386,0.09001084239148291,34.623376068376075,14.638076923076921,0.09923076923076926,1365.9,5
Good,NON_FILLET,FE410,TRAIN,09-29-22-0008-00,good_weld_7_09-29-22_butt,170,23.0,30,234,25.74,160.10235042735044,18.839347624461425,0.11767064989473809,24.367777777777775,2.040072628140416,0.08372009326188384,39.498931623931625,12.173290598290599,0.14850427350427348,1674.92,5
Good,NON_FILLET,FE410,TRAIN,12-13-22-0413-00,good_weld_27_12-13-22_butt,160,21.0,30,235,25.85,142.6035744680851,11.715642913556977,0.08215532434763026,18.08395744680851,1.9693065936313594,0.10889798869654531,37.085191489361705,17.580042553191486,0.08778723404255319,1462.3,5
Good,NON_FILLET,FE410,TRAIN,08-11-22-0006-00,good_weld_08_11_22_butt_joint,180,24.0,30,241,26.51,172.49016597510374,12.880352058038017,0.07467296460191879,25.05572614107884,1.1569008491175017,0.04617311199058661,50.20858921161826,14.874730290456434,0.201701244813278,2459.67,5
Good,FILLET,FE410,TRAIN,02-14-23-0074-00,good_weld_4_02-14-23_Fe410,155,18.0,25,278,30.580000000000002,124.47741007194244,7.087998942446961,0.056942050275229944,19.18359712230216,1.6448043159675936,0.08574014067754807,41.13262589928057,23.593165467625898,0.5932374100719425,1931.31,5
Good,FILLET,FE410,TRAIN,02-13-23-0047-00,good_weld_3_02-13-23_Fe410,150,18.0,25,277,30.47,115.46606498194946,11.909738770244804,0.1031449263652193,19.23924187725632,1.6273310379960952,0.08458394818144292,41.74346570397112,24.457689530685915,0.5442960288808665,1845.74,5
Good,FILLET,FE410,TRAIN,04-01-23-0026-00,3_good_weld_4_02-14-23_Fe410,155,18.0,25,237,26.07,162.2996624472574,13.217731345411497,0.08144028857550378,18.399957805907174,1.911016567234835,0.10385983421230002,0.15059071729957804,17.559789029535864,0.04113924050632914,4.43,5
Good,NON_FILLET,FE410,TRAIN,10-21-22-0158-00,good_weld_14_10-21-22_Plane_Plate,150,19.0,30,233,25.63,136.27321888412015,10.242248600989406,0.07515965855109723,19.79596566523605,1.0956367376484817,0.05534646584948081,38.65673819742489,15.610300429184548,0.24008583690987123,1571.15,5
Good,NON_FILLET,FE410,TRAIN,12-13-22-0325-00,good_weld_23_12-13-22_butt,150,20.0,30,235,25.85,137.94140425531916,12.39275581691129,0.08984072537041331,20.951191489361705,1.9103340943573224,0.09118021260639636,33.77744680851064,13.756638297872342,0.09404255319148937,1351.8,5
Good,NON_FILLET,FE410,TRAIN,11-18-22-0223-00,good_weld_18_11-18-22_plane_plate,160,22.0,30,218,23.98,140.17018348623853,14.484439925871406,0.1033346719367992,21.232293577981654,2.3035435067756667,0.10849244799273551,35.44967889908257,15.797431192660552,0.04522935779816515,1384.92,5
Good,NON_FILLET,FE410,TRAIN,11-18-22-0204-00,good_weld_17_11-18-22_plane_plate,160,21.0,30,221,24.31,148.4165610859729,12.55986439316367,0.08462576077266841,21.898190045248867,1.3362152725619194,0.061019439040434796,36.40524886877828,11.21447963800905,0.07298642533936653,1440.82,5
Good,NON_FILLET,FE410,TRAIN,11-18-22-0221-00,good_weld_18_11-18-22_plane_plate,160,22.0,30,220,24.2,118.38463636363637,16.551977005467933,0.13981524557482294,23.357,1.180979432543736,0.050562119816060964,28.469727272727273,15.500499999999999,0.03781818181818182,1157.05,5
Good,NON_FILLET,FE410,TRAIN,09-29-22-0031-00,good_weld_8_09-29-22_butt,170,22.0,30,234,25.74,161.04042735042736,16.26175147977543,0.10097931151405551,23.303931623931625,2.1511340286087597,0.09230777292530694,40.06192307692309,11.804829059829059,0.05923076923076926,1642.3,5
Good,NON_FILLET,FE410,TRAIN,12-13-22-0410-00,good_weld_27_12-13-22_butt,160,21.0,30,235,25.85,148.4703404255319,12.353035090696993,0.08320203924428186,17.885659574468082,1.2812860339164007,0.07163761719726827,36.170978723404254,17.314085106382976,0.08919148936170215,1444.59,5
Good,NON_FILLET,FE410,TRAIN,09-29-22-0001-00,good_weld_7_09-29-22_butt,170,23.0,30,233,25.63,161.03356223175962,10.538955925384075,0.06544571069114401,24.327167381974252,1.5530183771034822,0.06383884949360052,38.298240343347636,12.475150214592276,0.18188841201716743,1650.49,5
Good,NON_FILLET,FE410,TRAIN,11-20-22-0276-00,good_weld_20_11-20-22_plane_plate,140,19.0,30,218,23.98,131.1658256880734,8.452486750324203,0.06444122701918666,19.602385321100922,1.3086369586532094,0.06675906718579455,32.21311926605505,15.694449541284401,0.06646788990825687,1257.21,5
Good,FILLET,FE410,TRAIN,02-17-23-0097-00,good_weld_5_02-16-23_Fe410,160,19.0,25,280,30.8,128.86214285714286,12.54330227455453,0.09733892356935342,20.268285714285717,1.3975315888131727,0.06895164240891617,43.59764285714286,20.933749999999996,0.5340357142857142,2035.41,5
Good,NON_FILLET,FE410,TRAIN,12-13-22-0375-00,good_weld_25_12-13-22_butt,155,20.0,30,235,25.85,150.15136170212764,10.864439555531245,0.07235658359918354,20.69931914893617,1.57137765657687,0.07591446101538224,36.13017021276596,17.05,0.07991489361702128,1447.21,5
Good,FILLET,FE410,TRAIN,04-01-23-0015-00,2_good_weld_2_02-09-23_Fe410,165,21.0,25,238,26.18,177.23336134453785,14.999820436467338,0.08463316568999675,17.47042016806723,1.7223337591733365,0.0985857090215524,0.25777310924369745,20.914705882352944,0.1234453781512605,12.3,5
Good,FILLET,FE410,TRAIN,02-17-23-0112-00,good_weld_6_02-17-23_Fe410,165,19.0,25,279,30.69,132.392688172043,10.72022577138485,0.08097294434760643,20.583799283154125,2.009227072083623,0.09761206104103355,45.38430107526882,33.37182795698924,0.6480286738351254,2159.18,5
Good,NON_FILLET,FE410,TRAIN,12-13-22-0436-00,good_weld_28_12-13-22_butt,160,22.0,30,236,25.96,141.25491525423726,13.374075891448888,0.09468042841112888,18.25423728813559,1.9709604125172226,0.10797276168850153,35.96686440677966,17.262796610169488,0.07533898305084745,1456.23,5
Good,NON_FILLET,FE410,TRAIN,09-26-22-0033-00,good_weld_4_09-26-22_plane_plate,170,22.0,30,234,25.74,174.04576923076925,13.903980026040847,0.07988691760502034,23.083119658119656,1.9651707901725797,0.08513454070673314,43.37594017094017,12.943931623931624,0.1481196581196581,1865.57,5
Good,FILLET,FE410,TRAIN,02-13-23-0046-00,good_weld_3_02-13-23_Fe410,150,18.0,25,277,30.47,119.60783393501804,9.89096753454504,0.08269498083142883,19.059819494584836,0.8707944294230622,0.045687443664955335,37.86256317689531,25.006137184115524,0.5691696750902528,1795.74,5
Good,NON_FILLET,FE410,TRAIN,12-31-22-0017-00,10_good_weld_plane_plate,160,22.0,30,235,25.85,146.78,13.845028574882619,0.09432503457475555,22.805191489361704,1.178237613315554,0.051665324269045715,40.05314893617021,11.84472340425532,0.07672340425531915,1653.44,5
Good,FILLET,FE410,TRAIN,04-01-23-0029-00,3_good_weld_4_02-14-23_Fe410,155,18.0,25,237,26.07,160.06818565400846,8.431716032547712,0.052675776876568624,18.545400843881858,1.6460081230618895,0.0887555969762125,0.11995780590717302,16.720337552742613,0.06540084388185655,3.61,5
Good,NON_FILLET,FE410,TRAIN,09-30-22-0074-00,good_weld_10_09-29-22_butt,160,22.0,30,232,25.52,142.7539224137931,19.246067314100543,0.13481988437636763,23.58788793103448,2.604258803982835,0.11040661256306986,30.114267241379313,12.896379310344829,0.10693965517241379,1387.21,5
Good,NON_FILLET,FE410,TRAIN,12-13-22-0345-00,good_weld_24_12-13-22_butt,150,19.0,30,234,25.74,137.9025641025641,8.57837000972622,0.062206022531576095,19.596068376068374,1.6116003600851345,0.08224100514230169,33.63482905982906,14.247008547008548,0.06901709401709401,1360.82,5
Good,FILLET,FE410,TRAIN,02-17-23-0123-00,good_weld_7_02-17-23_Fe410,165,20.0,25,280,30.8,131.33835714285715,12.99368876912869,0.09893293209839235,21.813035714285714,2.4428289608675535,0.11198940820821675,45.61132142857142,36.564571428571426,0.6147142857142858,2160.66,5
Good,NON_FILLET,FE410,TRAIN,09-30-22-0051-00,good_weld_9_09-29-22_butt,160,23.0,30,232,25.52,146.85568965517243,11.901487827550376,0.0810420614652106,24.060862068965516,1.7250693286604102,0.0716960732211445,38.495387931034486,11.328836206896552,0.15754310344827582,1567.05,5
Good,NON_FILLET,FE410,TRAIN,11-20-22-0273-00,good_weld_20_11-20-22_plane_plate,140,19.0,30,221,24.31,123.66221719457015,9.895439678222457,0.08001991151956277,19.90402714932127,1.797239949373261,0.09029529229890279,32.76796380090497,15.800859728506786,0.0816289592760181,1259.67,5
Good,FILLET,FE410,TRAIN,02-09-23-0014-00,good_weld_1_02-09-23_Fe410,170,21.0,25,282,31.02,145.20769503546103,10.58730667543742,0.07291147120579185,22.18258865248227,0.7123296706781396,0.0321121074657997,46.775602836879436,41.13258865248227,0.9204609929078016,2215.74,5
Good,NON_FILLET,FE410,TRAIN,10-20-22-0105-00,good_weld_12_10-20-22_Plane_Plate,150,22.0,30,233,25.63,134.61862660944206,8.988482179921794,0.06676997386104182,23.127038626609444,1.5633359235009119,0.06759775640717672,37.66931330472104,18.384978540772533,0.18077253218884123,1536.39,5
Good,NON_FILLET,FE410,TRAIN,09-30-22-0072-00,good_weld_10_09-29-22_butt,160,22.0,30,233,25.63,144.0721459227468,13.006858556665307,0.09028017507034107,23.31412017167382,1.7508237527183392,0.07509714026633328,33.56622317596567,12.727467811158798,0.1375107296137339,1590.98,5
Good,NON_FILLET,FE410,TRAIN,10-20-22-0089-00,good_weld_11_10-20-22_Plane_Plate,150,21.0,30,235,25.85,134.7272340425532,10.050539871991669,0.0745991702673658,22.03191489361702,1.333551966526541,0.060528191624092155,27.450170212765954,14.930297872340425,0.19680851063829788,1138.53,5
Good,NON_FILLET,FE410,TRAIN,12-13-22-0364-00,good_weld_25_12-13-22_butt,155,20.0,30,236,25.96,149.05754237288136,13.62594417959471,0.09141398658987775,20.720338983050848,1.5649590748253164,0.07552767723083327,35.83953389830509,17.301016949152544,0.09741525423728815,1435.57,5
Good,FILLET,FE410,TRAIN,02-13-23-0057-00,good_weld_3_02-13-23_Fe410,150,18.0,25,279,30.69,121.08286738351255,9.785819630938231,0.08081919302375833,18.985340501792113,1.5409741180702343,0.08116652518951528,38.03433691756273,25.48498207885305,0.5555197132616487,1794.92,5
Good,NON_FILLET,FE410,TRAIN,09-30-22-0069-00,good_weld_10_09-29-22_butt,160,22.0,30,233,25.63,140.98128755364806,10.992740553964879,0.07797304695335383,23.08982832618026,1.2656186185587048,0.05481282063598935,39.15665236051502,13.125708154506437,0.14785407725321892,1610.82,5
Good,NON_FILLET,FE410,TRAIN,09-26-22-0001-00,good_weld_3_09-26-22_plane_plate,170,23.0,30,234,25.74,173.87893162393163,12.888687363102672,0.07412449134998453,24.09166666666666,0.9467107049137471,0.039296189757748075,43.201410256410256,13.082948717948717,0.18858974358974356,1800.82,5
Good,NON_FILLET,FE410,TRAIN,10-21-22-0167-00,good_weld_15_10-21-22_Plane_Plate,155,20.0,30,232,25.52,140.6980603448276,8.515251462925931,0.060521455960774885,20.91551724137931,1.0729155527119698,0.05129758639625279,41.321379310344824,15.133793103448276,0.20538793103448277,1624.92,5
Good,NON_FILLET,FE410,TRAIN,12-13-22-0395-00,good_weld_26_12-13-22_butt,155,19.0,30,235,25.85,142.9568510638298,12.448609483633657,0.08707948860789744,19.666340425531917,1.953039766123477,0.09930875413851446,34.78540425531915,17.13676595744681,0.08293617021276595,1428.85,5
Good,NON_FILLET,FE410,TRAIN,09-26-22-0060-00,good_weld_5_09-26-22_plane_plate,160,23.0,30,235,25.85,168.93506382978725,14.014927889048327,0.08296044392044775,23.86612765957447,1.6931419942501034,0.07094330586013013,40.200978723404255,12.396851063829786,0.15153191489361703,1686.39,5
Good,NON_FILLET,FE410,TRAIN,11-18-22-0201-00,good_weld_17_11-18-22_plane_plate,160,21.0,30,221,24.31,145.0409954751131,17.50464654949384,0.12068757865425282,22.031493212669684,2.3383197223257044,0.10613532636004006,37.19628959276018,11.36968325791855,0.06755656108597285,1463.77,5
Good,NON_FILLET,FE410,TRAIN,12-13-22-0318-00,good_weld_22_12-13-22_butt,150,22.0,30,236,25.96,139.30156779661016,13.41799574720382,0.09632336490853437,22.854449152542372,1.253009701597378,0.05482563562281224,34.01720338983051,14.54851694915254,0.10042372881355933,1351.64,5
Good,NON_FILLET,FE410,TRAIN,10-20-22-0117-00,good_weld_12_10-20-22_Plane_Plate,150,22.0,30,231,25.41,135.13108225108223,13.998670966332487,0.10359327205211054,23.358268398268397,2.5575828494883575,0.1094936836019042,36.94974025974027,16.000692640692645,0.18831168831168832,1506.39,5
Good,FILLET,FE410,TRAIN,04-01-23-0019-00,2_good_weld_2_02-09-23_Fe410,165,21.0,25,238,26.18,176.31789915966388,12.157164155080979,0.06895025526632502,17.54231092436975,1.467703836851004,0.08366650455454373,0.28626050420168064,20.65878151260504,0.14474789915966385,8.85,5
Good,FILLET,FE410,TRAIN,02-16-23-0085-00,good_weld_5_02-16-23_Fe410,160,19.0,25,280,30.8,129.34185714285715,11.355128857805541,0.08779160210498511,20.269178571428572,1.5984527813366356,0.07886125112094153,43.18092857142857,4.290464285714285,0.08150000000000002,2041.31,5
Good,NON_FILLET,FE410,TRAIN,09-29-22-0020-00,good_weld_7_09-29-22_butt,170,23.0,30,232,25.52,160.37336206896552,11.2141371000466,0.06992518555060392,22.995775862068967,1.1260390302279293,0.04896721193414075,31.91883620689655,11.592844827586207,0.08422413793103449,1668.03,5
Good,NON_FILLET,FE410,TRAIN,12-13-22-0388-00,good_weld_26_12-13-22_butt,155,19.0,30,235,25.85,140.09472340425532,13.813759097892971,0.0986029934762938,19.873574468085103,2.20298747959283,0.1108500880468483,36.624,17.07336170212766,0.07765957446808511,1459.51,5
Good,NON_FILLET,FE410,TRAIN,12-13-22-0320-00,good_weld_22_12-13-22_butt,150,22.0,30,235,25.85,136.7728510638298,11.233265880834393,0.08213081611928964,22.997617021276596,1.4707421022507547,0.06395193471089093,33.8024255319149,13.802255319148935,0.0837872340425532,1355.57,5
Good,NON_FILLET,FE410,TRAIN,12-13-22-0332-00,good_weld_23_12-13-22_butt,150,20.0,30,235,25.85,142.07851063829787,7.46803375154415,0.052562725481802096,20.722340425531918,1.4407248483813304,0.06952519931610711,33.789914893617016,13.576340425531917,0.08493617021276595,1351.64,5
Good,NON_FILLET,FE410,TRAIN,09-26-22-0048-00,good_weld_5_09-26-22_plane_plate,160,23.0,30,232,25.52,164.53935344827588,11.644064055074988,0.07076765412680064,23.889310344827585,1.1058014853101645,0.04628854786298124,40.61025862068965,12.780129310344826,0.13202586206896552,1676.23,5
Good,NON_FILLET,FE410,TRAIN,12-13-22-0442-00,good_weld_29_12-13-22_butt,165,21.0,30,234,25.74,153.51008547008547,11.29236648206193,0.07356107220891668,19.520555555555553,1.7795066440005116,0.0911606556963008,39.01803418803419,16.54034188034188,0.05850427350427351,1593.44,5
Good,NON_FILLET,FE410,TRAIN,12-13-22-0319-00,good_weld_22_12-13-22_butt,150,22.0,30,234,25.74,137.2117094017094,13.32770107518641,0.09713238857893254,22.977222222222224,1.2985166420645695,0.05651321249827668,33.59252136752137,13.870384615384616,0.1020940170940171,1350.0,5
Good,NON_FILLET,FE410,TRAIN,12-31-22-0005-00,8_good_weld_plane_plate,170,24.0,30,235,25.85,147.67697872340426,14.28534643906688,0.09673373983241504,23.06651063829787,1.1075443282275013,0.048015252310794655,43.88570212765957,11.703659574468084,0.09582978723404255,1816.07,5
Good,NON_FILLET,FE410,TRAIN,08-11-22-0014-00,good_weld_08_11_22_butt_joint,180,24.0,30,238,26.18,168.93794117647056,16.972390994816063,0.10046524112121685,25.376260504201678,2.07853564553065,0.0819086659827793,47.1468487394958,14.67752100840336,0.14205882352941177,2310.82,5
Good,FILLET,FE410,TRAIN,02-14-23-0078-00,good_weld_4_02-14-23_Fe410,155,18.0,25,280,30.8,125.26192857142856,7.786603365152604,0.06216256969660515,19.097821428571425,1.665166605667065,0.08719144285095688,41.050892857142856,26.03117857142857,0.6118214285714285,1917.71,5
Good,FILLET,FE410,TRAIN,02-14-23-0063-00,good_weld_4_02-14-23_Fe410,155,18.0,25,277,30.47,125.65180505415164,9.112929558367686,0.0725252578300831,19.130649819494582,0.977965358727672,0.05112034185744711,41.02501805054152,19.387292418772564,0.5515884476534296,1907.54,5
Good,NON_FILLET,FE410,TRAIN,12-13-22-0404-00,good_weld_27_12-13-22_butt,160,21.0,30,235,25.85,147.9875744680851,11.41854821056303,0.07715883074376319,17.854042553191483,1.1338744175448547,0.06350799345116213,35.61804255319148,17.57987234042553,0.07480851063829787,1432.46,5
Good,NON_FILLET,FE410,TRAIN,11-18-22-0224-00,good_weld_18_11-18-22_plane_plate,160,22.0,30,219,24.09,128.2338812785388,14.274072537057531,0.1113128012249165,21.38068493150685,1.567545263324177,0.07331595168002418,32.54575342465753,15.02406392694064,0.07232876712328767,1266.72,5
Good,NON_FILLET,FE410,TRAIN,12-13-22-0347-00,good_weld_24_12-13-22_butt,150,19.0,30,236,25.96,136.07110169491526,11.168103691213618,0.08207549988280098,19.666610169491523,1.516848199442337,0.07712809611670636,34.847500000000004,13.916779661016948,0.07639830508474577,1377.54,5
Good,NON_FILLET,FE410,TRAIN,09-29-22-0004-00,good_weld_7_09-29-22_butt,170,23.0,30,233,25.63,161.37622317596566,20.697103295196815,0.12825373458287323,24.36884120171674,2.3885838279454807,0.09801794874748535,40.05042918454936,12.348755364806868,0.20450643776824035,1674.75,5
Good,NON_FILLET,FE410,TRAIN,11-20-22-0261-00,good_weld_20_11-20-22_plane_plate,140,19.0,30,220,24.2,127.50836363636365,9.018396877582736,0.07072788498252527,19.836090909090903,1.425162713103696,0.07184695410175511,32.675681818181815,16.94272727272727,0.07722727272727271,1263.12,5
Good,NON_FILLET,FE410,TRAIN,12-13-22-0443-00,good_weld_29_12-13-22_butt,165,21.0,30,234,25.74,153.22376068376067,12.141851873270364,0.07924261758807757,19.532521367521365,1.6766387952555735,0.08583831875609695,40.84132478632479,15.666837606837607,0.06683760683760684,1620.0,5
Good,NON_FILLET,FE410,TRAIN,12-13-22-0336-00,good_weld_23_12-13-22_butt,150,20.0,30,234,25.74,138.39893162393162,11.266068321299908,0.08140285614279848,20.803418803418804,1.3887794761203027,0.06675727144867519,33.177948717948716,13.312008547008547,0.08803418803418804,1333.77,5
Good,NON_FILLET,FE410,TRAIN,12-31-22-0008-00,8_good_weld_plane_plate,170,24.0,30,230,25.3,149.7675652173913,13.599143248848987,0.09080165808337404,23.315347826086956,2.094298688437882,0.08982489577507499,43.464956521739126,11.932391304347828,0.017304347826086953,1803.77,5
Good,NON_FILLET,FE410,TRAIN,08-11-22-0007-00,good_weld_08_11_22_butt_joint,180,24.0,30,241,26.51,168.90892116182573,18.009243728279987,0.10662103342088107,25.434149377593357,2.1698848381715314,0.08531383558213777,43.329875518672196,14.817883817427385,0.1453526970954357,2430.33,5
Good,NON_FILLET,FE410,TRAIN,11-20-22-0270-00,good_weld_20_11-20-22_plane_plate,140,19.0,30,220,24.2,120.12904545454545,12.738710410410423,0.1060418848931128,20.044681818181818,1.6423275021521888,0.08193332860302587,32.01318181818183,15.934818181818182,0.08986363636363634,1255.74,5
Good,NON_FILLET,FE410,TRAIN,12-13-22-0360-00,good_weld_24_12-13-22_butt,150,19.0,30,232,25.52,137.20706896551724,12.220625742422058,0.08906702719153148,19.852327586206897,2.678083199571001,0.1349002119747255,33.53974137931034,14.775215517241381,0.07099137931034484,1341.48,5
Good,NON_FILLET,FE410,TRAIN,12-13-22-0361-00,good_weld_25_12-13-22_butt,155,20.0,30,236,25.96,144.72402542372882,12.086857690623873,0.08351659411929349,20.79864406779661,1.236223084773279,0.05943767683814416,36.234661016949154,18.049576271186435,0.08957627118644068,1445.41,5
Good,FILLET,FE410,TRAIN,02-14-23-0068-00,good_weld_4_02-14-23_Fe410,155,18.0,25,280,30.8,125.82275000000001,5.9568212104856535,0.04734295833214306,19.188428571428574,1.2752169097540555,0.06645759995442482,41.23621428571428,22.204357142857145,0.5121071428571429,1928.85,5
Good,NON_FILLET,FE410,TRAIN,09-26-22-0069-00,good_weld_6_09-26-22_plane_plate,160,22.0,30,233,25.63,165.96291845493562,11.882543160584326,0.07159757897250299,23.12952789699571,1.826019375285125,0.07894754200851226,39.138798283261806,13.414463519313303,0.06557939914163091,1689.34,5
Good,NON_FILLET,FE410,TRAIN,12-13-22-0433-00,good_weld_28_12-13-22_butt,160,22.0,30,235,25.85,141.5677021276596,14.458639619773452,0.10213233246334166,18.133148936170212,1.802777616857631,0.09941889426946847,36.085361702127656,17.242808510638298,0.05110638297872343,1466.39,5
Good,FILLET,FE410,TRAIN,02-14-23-0076-00,good_weld_4_02-14-23_Fe410,155,18.0,25,281,30.91,125.11188612099645,11.47608290880832,0.09172655983868497,19.202277580071176,1.8234484033876526,0.09496000647756982,40.73476868327403,24.187473309608542,0.5827758007117437,1912.95,5
Good,NON_FILLET,FE410,TRAIN,09-26-22-0076-00,good_weld_6_09-26-22_plane_plate,160,22.0,30,234,25.74,168.01970085470086,10.956356823586493,0.06520876282871894,22.880555555555556,1.5627345184041725,0.06829967544318345,40.57059829059829,12.501581196581196,0.12961538461538463,1685.08,5
Good,FILLET,FE410,TRAIN,04-01-23-0011-00,2_good_weld_2_02-09-23_Fe410,165,21.0,25,236,25.96,181.30368644067798,10.927251176175078,0.06027043018648406,17.498050847457627,1.5448455178428935,0.08828672012159293,0.3105932203389831,21.12720338983051,0.13237288135593217,7.7,5
Good,NON_FILLET,FE410,TRAIN,12-13-22-0368-00,good_weld_25_12-13-22_butt,155,20.0,30,236,25.96,143.50063559322032,10.905367837877298,0.07599525808924376,20.80762711864407,1.4264415943423552,0.06855378492746218,35.89050847457627,17.257881355932206,0.06567796610169492,1435.08,5
Good,FILLET,FE410,TRAIN,02-17-23-0102-00,good_weld_6_02-17-23_Fe410,165,19.0,25,280,30.8,137.8695,9.76931398852814,0.07085913844997001,20.23989285714286,0.9102008459000202,0.04497063558213458,45.09039285714286,32.59278571428571,0.5468214285714286,2143.94,5
Good,NON_FILLET,FE410,TRAIN,10-21-22-0146-00,good_weld_14_10-21-22_Plane_Plate,150,19.0,30,231,25.41,134.87238095238095,10.560671295872329,0.07830121498041143,19.847792207792207,1.6171407591473104,0.0814771105126959,38.39969696969696,16.022683982683986,0.22415584415584416,1567.21,5
Good,NON_FILLET,FE410,TRAIN,10-21-22-0165-00,good_weld_15_10-21-22_Plane_Plate,155,20.0,30,232,25.52,143.6617672413793,11.708319677784283,0.08149920401655691,20.719310344827587,0.9737513697597407,0.046997286760697136,41.298146551724145,15.419784482758622,0.19103448275862073,1648.85,5
Good,NON_FILLET,FE410,TRAIN,10-20-22-0138-00,good_weld_13_10-20-22_Plane_Plate,150,20.0,30,233,25.63,132.17695278969958,11.485712326940996,0.08689648296867127,21.230987124463518,2.074016045229156,0.09768815896644578,37.22841201716738,16.644034334763948,0.17133047210300423,1510.98,5
Good,FILLET,FE410,TRAIN,04-01-23-0016-00,2_good_weld_2_02-09-23_Fe410,165,21.0,25,237,26.07,178.22962025316454,13.518086827112437,0.07584646596851187,17.59497890295359,1.9861477116780302,0.11288150572005656,0.14945147679324894,20.55616033755274,0.1422362869198312,3.61,5
Good,NON_FILLET,FE410,TRAIN,10-21-22-0172-00,good_weld_15_10-21-22_Plane_Plate,155,20.0,30,233,25.63,144.65579399141632,11.962531028697478,0.08269652185108686,20.842746781115878,1.3930774696569774,0.06683751831208472,41.40141630901287,14.714763948497854,0.2107296137339056,1668.53,5
Good,NON_FILLET,FE410,TRAIN,10-21-22-0162-00,good_weld_15_10-21-22_Plane_Plate,155,20.0,30,231,25.41,137.7500865800866,15.794943797231085,0.11466376674869133,21.25238095238095,2.72091320226212,0.12802862927964268,39.631688311688315,15.926060606060606,0.21554112554112556,1589.67,5
Good,FILLET,FE410,TRAIN,04-01-23-0034-00,5_good_weld_7_02-17-23_Fe410,165,20.0,25,237,26.07,173.14632911392405,15.4695933719867,0.08934404472305194,20.903966244725737,1.2435778613182362,0.05949004350463886,0.4084810126582278,17.454978902953584,0.0770042194092827,17.21,5
Good,NON_FILLET,FE410,TRAIN,09-29-22-0003-00,good_weld_7_09-29-22_butt,170,23.0,30,232,25.52,161.17909482758623,13.208961622416956,0.08195207720049938,24.12344827586207,1.2772651407351858,0.05294703833917549,40.52086206896552,12.058793103448275,0.15150862068965518,1692.79,5
Good,NON_FILLET,FE410,TRAIN,12-13-22-0282-00,good_weld_21_12-13-22_butt,150,21.0,30,237,26.07,138.50164556962025,12.17732027419364,0.08792184543448257,21.866455696202532,1.62106658598801,0.07413485790792948,32.299789029535866,11.640421940928269,0.0992827004219409,1328.69,5
Good,NON_FILLET,FE410,TRAIN,09-29-22-0012-00,good_weld_7_09-29-22_butt,170,23.0,30,233,25.63,160.76103004291846,9.256448067752018,0.05757892982696627,24.084077253218886,1.4499777444924653,0.06020482866117168,40.28236051502145,11.017339055793991,0.0709871244635193,1689.84,5
Good,NON_FILLET,FE410,TRAIN,10-20-22-0140-00,good_weld_13_10-20-22_Plane_Plate,150,20.0,30,233,25.63,132.54424892703864,9.029417223901302,0.06812379486092758,21.056223175965666,1.3955073796041086,0.06627529390916559,38.21150214592274,17.086351931330473,0.16879828326180257,1520.66,5
Good,NON_FILLET,FE410,TRAIN,12-13-22-0447-00,good_weld_29_12-13-22_butt,165,21.0,30,235,25.85,157.26055319148938,10.194052235236127,0.06482269093142048,19.47331914893617,1.646918400595942,0.08457307087712951,38.777531914893615,14.125063829787235,0.05263829787234043,1578.85,5
Good,NON_FILLET,FE410,TRAIN,12-13-22-0293-00,good_weld_21_12-13-22_butt,150,21.0,30,236,25.96,135.28783898305085,11.589702215233704,0.08566699196581658,22.037161016949156,1.7216004403144407,0.07812260567458433,33.25559322033898,12.19656779661017,0.09779661016949152,1347.87,5
Good,FILLET,FE410,TRAIN,02-16-23-0088-00,good_weld_5_02-16-23_Fe410,160,19.0,25,279,30.69,128.84885304659497,9.158671645258671,0.07108073862284724,20.276881720430108,1.4892265230779218,0.07344455343828542,43.282544802867385,4.24820788530466,0.07770609318996416,2037.71,5
Good,NON_FILLET,FE410,TRAIN,10-21-22-0151-00,good_weld_14_10-21-22_Plane_Plate,150,19.0,30,234,25.74,137.89316239316238,12.074894157975258,0.0875670261557074,19.75512820512821,1.5989839130861678,0.08094019418568439,38.4917094017094,15.69017094017094,0.20132478632478634,1566.07,5
Good,FILLET,FE410,TRAIN,02-09-23-0017-00,good_weld_1_02-09-23_Fe410,170,21.0,25,285,31.35,140.0942456140351,14.923323432245413,0.10652345759696462,22.865894736842105,2.2746939871902607,0.09947977165858359,47.029403508771935,43.68157894736842,0.8472631578947368,2230.33,5
Good,NON_FILLET,FE410,TRAIN,08-11-22-0005-00,good_weld_08_11_22_butt_joint,180,24.0,30,242,26.62,169.73111570247934,21.959988303774438,0.12938104019929952,25.439338842975204,2.455794142891642,0.09653529747962702,51.35165289256198,14.343016528925618,0.1522314049586777,2205.41,5
Good,NON_FILLET,FE410,TRAIN,09-30-22-0055-00,good_weld_9_09-29-22_butt,160,23.0,30,232,25.52,147.0427155172414,13.997640492143333,0.0951943824140139,24.60189655172414,2.492424857223545,0.10131027305083404,38.29995689655173,11.608189655172414,0.15103448275862072,1620.49,5
Good,NON_FILLET,FE410,TRAIN,11-20-22-0259-00,good_weld_19_11-20-22_plane_plate,140,18.0,30,221,24.31,124.07339366515836,12.428076892619742,0.10016713918666456,18.556425339366516,1.6998123907415883,0.09160236196653256,33.80257918552037,16.026742081447964,0.07144796380090497,1281.15,5
Good,NON_FILLET,FE410,TRAIN,12-13-22-0421-00,good_weld_28_12-13-22_butt,160,22.0,30,234,25.74,144.0529487179487,13.891205984870323,0.09643125051239931,18.12735042735043,2.1976342696434736,0.1212330659381802,37.7442735042735,18.169273504273505,0.08538461538461539,1467.71,5
Good,NON_FILLET,FE410,TRAIN,08-17-22-0003-00,good_weld_08_17_22_plane_plate,180,24.0,30,244,26.84,177.0074590163934,16.402335604111947,0.09266465772266048,25.040737704918033,1.6164464241134868,0.06455266786313626,50.37762295081967,13.810696721311476,0.09602459016393443,2230.98,5
Good,FILLET,FE410,TRAIN,04-01-23-0035-00,5_good_weld_7_02-17-23_Fe410,165,20.0,25,238,26.18,173.48147058823528,13.772927212055642,0.07939134459348801,20.897100840336137,1.4562429255253915,0.06968636159875885,0.2630672268907563,16.79126050420168,0.06873949579831934,8.52,5
Good,NON_FILLET,FE410,TRAIN,12-13-22-0329-00,good_weld_23_12-13-22_butt,150,20.0,30,235,25.85,137.068,9.083567618714614,0.0662705198785611,20.741319148936167,1.3338904141738606,0.06431078007120278,34.08893617021277,13.664382978723403,0.08017021276595743,1351.97,5
Good,NON_FILLET,FE410,TRAIN,09-30-22-0076-00,good_weld_10_09-29-22_butt,160,22.0,30,232,25.52,143.44043103448277,13.758301918291982,0.09591648476700768,23.402327586206894,1.8718027783771634,0.07998361579556668,35.7501724137931,12.950129310344828,0.08706896551724139,1599.84,5
Good,FILLET,FE410,TRAIN,02-17-23-0094-00,good_weld_5_02-16-23_Fe410,160,19.0,25,280,30.8,132.295,10.625458303419485,0.0803164012503835,20.158714285714286,1.1672258830923767,0.05790180199733994,43.032892857142855,20.398071428571427,0.533357142857143,2046.89,5
Good,NON_FILLET,FE410,TRAIN,11-18-22-0200-00,good_weld_16_11-18-22_plane_plate,170,24.0,30,221,24.31,161.00628959276017,14.324137187638922,0.08896632065660014,25.028190045248866,0.8772453684379912,0.03505029196486063,40.52819004524887,11.00497737556561,0.06977375565610859,1587.05,5
Good,NON_FILLET,FE410,TRAIN,11-20-22-0279-00,good_weld_20_11-20-22_plane_plate,140,19.0,30,220,24.2,134.9419090909091,13.492257241512624,0.09998567037037409,19.531181818181818,1.564351869127968,0.0800950953040483,42.28409090909091,13.978545454545454,0.068,1406.23,5
Good,NON_FILLET,FE410,TRAIN,12-13-22-0427-00,good_weld_28_12-13-22_butt,160,22.0,30,236,25.96,149.6396610169492,9.861138679423096,0.06589923161016889,17.95423728813559,2.039585233922198,0.11359910204985338,36.2628813559322,17.460296610169493,0.0979237288135593,1438.85,5
Good,NON_FILLET,FE410,TRAIN,08-17-22-0008-00,good_weld_08_17_22_plane_plate,180,24.0,30,240,26.4,177.37429166666666,13.643592282636773,0.07691978445375106,24.814791666666668,1.0597864109104007,0.04270785042833931,58.766416666666665,13.336583333333332,0.05033333333333334,2222.62,5
Good,NON_FILLET,FE410,TRAIN,09-29-22-0013-00,good_weld_7_09-29-22_butt,170,23.0,30,235,25.85,162.02842553191493,13.235434005820219,0.08168587679828573,24.173829787234038,1.5400781881465158,0.06370848978839985,38.51195744680851,11.008425531914895,0.08208510638297872,1632.62,5
Good,FILLET,FE410,TRAIN,02-16-23-0091-00,good_weld_5_02-16-23_Fe410,160,19.0,25,279,30.69,130.8379211469534,42.311054714560214,0.32338525668745266,20.232078853046595,1.8782737312721935,0.09283641809202214,43.293225806451616,4.518960573476702,0.09903225806451614,2055.74,5
Good,NON_FILLET,FE410,TRAIN,09-30-22-0048-00,good_weld_9_09-29-22_butt,160,23.0,30,234,25.74,150.2859829059829,12.438051408861918,0.08276255155906997,24.147094017094016,1.6197419705646594,0.06707813244185924,33.57799145299145,10.889829059829061,0.22457264957264955,1623.93,5
Good,NON_FILLET,FE410,TRAIN,12-13-22-0349-00,good_weld_24_12-13-22_butt,150,19.0,30,235,25.85,133.4324255319149,11.540061754091015,0.08648618735729133,19.859191489361706,1.7018762225409745,0.08569715556913009,33.14663829787234,14.22582978723404,0.09191489361702126,1350.49,5
Good,FILLET,FE410,TRAIN,02-17-23-0103-00,good_weld_6_02-17-23_Fe410,165,19.0,25,280,30.8,134.46114285714287,12.249225216415025,0.09109862489737361,20.36732142857143,1.560390874511768,0.07661247356379618,45.456785714285715,31.47325,0.5546785714285715,2143.94,5
Good,NON_FILLET,FE410,TRAIN,09-29-22-0033-00,good_weld_8_09-29-22_butt,170,22.0,30,235,25.85,160.3264255319149,13.32824030893346,0.08313189958994198,23.25689361702128,1.9776851619369067,0.08503651409788779,42.86893617021277,11.542595744680852,0.0967659574468085,1684.43,5
Good,NON_FILLET,FE410,TRAIN,08-11-22-0018-00,good_weld_08_11_22_butt_joint,180,24.0,30,239,26.29,172.6219665271967,18.69242761971282,0.10828533584552703,25.180083682008366,2.041711465230484,0.08108437966349273,60.242594142259414,14.856317991631798,0.13857740585774062,2204.43,5
Good,NON_FILLET,FE410,TRAIN,11-20-22-0249-00,good_weld_19_11-20-22_plane_plate,140,18.0,30,220,24.2,125.85018181818182,11.550909745493051,0.09178301992587402,18.505272727272725,1.9228706228265888,0.10390933714760647,31.421863636363636,15.760090909090911,0.07113636363636365,1201.15,5
Good,NON_FILLET,FE410,TRAIN,10-21-22-0155-00,good_weld_14_10-21-22_Plane_Plate,150,19.0,30,233,25.63,133.77630901287554,11.71567216376965,0.08757658400219469,20.007038626609443,1.7167512128872457,0.08580736234516785,37.84506437768241,15.701545064377683,0.22420600858369097,1537.38,5
Good,NON_FILLET,FE410,TRAIN,12-13-22-0402-00,good_weld_27_12-13-22_butt,160,21.0,30,236,25.96,147.69296610169488,10.004330152643972,0.06773735010342626,18.066567796610165,1.6718102303933573,0.09253612801359201,36.00580508474576,17.671864406779658,0.09177966101694916,1441.48,5
Good,NON_FILLET,FE410,TRAIN,09-26-22-0022-00,good_weld_4_09-26-22_plane_plate,170,22.0,30,233,25.63,171.15836909871246,9.676948030797993,0.05653797755701324,23.028755364806866,1.4718188065717945,0.06391221684612039,41.38643776824035,13.468755364806867,0.14952789699570818,1768.2,5
Good,NON_FILLET,FE410,TRAIN,09-26-22-0023-00,good_weld_4_09-26-22_plane_plate,170,22.0,30,235,25.85,171.53553191489362,17.071038228245417,0.09951896285088686,23.01382978723404,1.5121374372137801,0.06570559751217832,42.651659574468084,12.887744680851066,0.1601276595744681,1783.44,5
Good,NON_FILLET,FE410,TRAIN,09-26-22-0040-00,good_weld_4_09-26-22_plane_plate,170,22.0,30,233,25.63,175.35927038626613,16.546427676750078,0.09435730224186635,23.139570815450647,2.2278518696129,0.09627887601637491,43.699184549356225,12.743819742489272,0.15931330472103003,1806.89,5
Good,NON_FILLET,FE410,TRAIN,10-20-22-0120-00,good_weld_12_10-20-22_Plane_Plate,150,22.0,30,233,25.63,135.3678540772532,13.69370487245096,0.10115920774393074,23.360042918454937,2.159020870403925,0.09242366882375254,32.85866952789699,16.27450643776824,0.2163948497854077,1259.02,5
Good,FILLET,FE410,TRAIN,02-17-23-0119-00,good_weld_6_02-17-23_Fe410,165,19.0,25,279,30.69,133.45501792114695,9.694429420045989,0.07264192512996422,20.370931899641576,0.9008276723911514,0.04422123037027095,46.1742652329749,34.67326164874552,0.5574910394265233,2172.62,5
Good,NON_FILLET,FE410,TRAIN,09-26-22-0075-00,good_weld_6_09-26-22_plane_plate,160,22.0,30,233,25.63,163.168025751073,13.27199126431387,0.08133941195416218,23.04871244635193,1.6827919812921968,0.07301023799958696,41.07360515021459,12.56145922746781,0.12021459227467812,1663.77,5
Good,NON_FILLET,FE410,TRAIN,08-17-22-0006-00,good_weld_08_17_22_plane_plate,180,24.0,30,244,26.84,177.03221311475411,11.393743212060675,0.06435971742992973,24.967950819672133,1.4155049345705453,0.0566928757908028,46.730000000000004,13.73389344262295,0.09926229508196724,2450.49,5
Good,NON_FILLET,FE410,TRAIN,11-20-22-0239-00,good_weld_18_11-18-22_plane_plate,160,22.0,30,221,24.31,146.95959276018104,12.155190859604053,0.08271110875653925,23.03307692307692,1.7322112873595827,0.07520537933966062,37.62773755656109,15.348099547511314,0.03941176470588235,1429.67,5
Good,NON_FILLET,FE410,TRAIN,10-21-22-0148-00,good_weld_14_10-21-22_Plane_Plate,150,19.0,30,233,25.63,137.5495278969957,10.302521127690197,0.07490044702592702,19.809484978540777,1.9689244593719275,0.09939301609833999,38.76995708154507,15.81892703862661,0.26137339055793996,1564.1,5
Good,NON_FILLET,FE410,TRAIN,12-13-22-0415-00,good_weld_27_12-13-22_butt,160,21.0,30,235,25.85,146.37974468085105,8.781332128534233,0.059990076821625854,18.011106382978724,1.6322546311596084,0.09062489535357804,36.024042553191485,17.848851063829787,0.09408510638297876,1445.57,5
Good,NON_FILLET,FE410,TRAIN,11-18-22-0205-00,good_weld_17_11-18-22_plane_plate,160,21.0,30,221,24.31,149.13235294117646,11.339161780883458,0.07603421764126567,21.777285067873308,1.195083433832748,0.054877521697862204,38.3345701357466,11.027285067873303,0.08552036199095021,1476.23,5
Good,NON_FILLET,FE410,TRAIN,12-13-22-0299-00,good_weld_21_12-13-22_butt,150,21.0,30,237,26.07,136.1594936708861,13.98366149209839,0.10270059850471085,21.89632911392405,1.6761655523908336,0.07655007118635912,34.544556962025304,13.392784810126583,0.08670886075949367,1370.16,5
Good,NON_FILLET,FE410,TRAIN,09-26-22-0055-00,good_weld_5_09-26-22_plane_plate,160,23.0,30,233,25.63,169.2622746781116,10.999666862984558,0.0649859331259891,24.022489270386266,1.7525653072380443,0.0729551915920104,41.18532188841202,12.43725321888412,0.15090128755364807,1700.16,5
Good,FILLET,FE410,TRAIN,02-09-23-0015-00,good_weld_1_02-09-23_Fe410,170,21.0,25,283,31.13,138.65272084805653,11.513638906471158,0.08303940114589206,22.247102473498234,0.9338823563058635,0.041977707317991046,52.25773851590106,41.21406360424028,0.9249469964664311,2311.64,5
Good,NON_FILLET,FE410,TRAIN,12-31-22-0010-00,8_good_weld_plane_plate,170,24.0,30,232,25.52,149.14543103448275,16.90335156664794,0.11333469251726423,23.332456896551726,2.3263334393120263,0.09970374957194637,43.05318965517242,12.126379310344827,0.05047413793103449,1798.85,5
Good,NON_FILLET,FE410,TRAIN,09-26-22-0053-00,good_weld_5_09-26-22_plane_plate,160,23.0,30,234,25.74,165.5688888888889,14.122335657580498,0.08529582914008568,23.914743589743594,1.2727433696722088,0.05322002993241604,41.366623931623934,12.67440170940171,0.1531196581196581,1692.62,5
Good,NON_FILLET,FE410,TRAIN,12-13-22-0326-00,good_weld_23_12-13-22_butt,150,20.0,30,235,25.85,137.46876595744683,9.055593998113277,0.06587382912069217,20.74472340425532,1.1256391480149917,0.05426146813719829,33.70204255319149,14.435361702127658,0.0845531914893617,1354.59,5
Good,FILLET,FE410,TRAIN,02-13-23-0041-00,good_weld_3_02-13-23_Fe410,150,18.0,25,286,31.46,137.41300699300697,59.20621143368131,0.4308632256093075,18.56804195804196,2.3502439615782653,0.12657467959675506,41.76601398601399,24.087167832167832,0.6092657342657343,1890.33,5
Good,NON_FILLET,FE410,TRAIN,11-20-22-0264-00,good_weld_20_11-20-22_plane_plate,140,19.0,30,221,24.31,125.38108597285068,9.136513592913008,0.07286995101391432,20.0289592760181,2.2203327562178643,0.11085612215889844,33.142760180995474,15.810633484162894,0.08990950226244342,1274.26,5
Good,NON_FILLET,FE410,TRAIN,12-13-22-0454-00,good_weld_29_12-13-22_butt,165,21.0,30,233,25.63,151.22768240343348,8.986343793668702,0.059422611329158846,19.713905579399142,1.6710085560806078,0.08476293798560124,38.67798283261802,12.551158798283263,0.05639484978540773,1581.15,5
Good,NON_FILLET,FE410,TRAIN,08-11-22-0004-00,good_weld_08_11_22_butt_joint,180,24.0,30,242,26.62,168.7629338842975,12.373762131296916,0.07332037815709146,25.116280991735536,1.311927809110579,0.05223415877303914,33.46206611570248,14.069917355371901,0.17929752066115703,1824.92,5
Good,NON_FILLET,FE410,TRAIN,10-20-22-0121-00,good_weld_13_10-20-22_Plane_Plate,150,20.0,30,235,25.85,137.25421276595748,15.156862952798704,0.11042912743701219,20.952255319148936,1.4960953519261126,0.07140497904102874,36.70970212765957,18.617106382978722,0.14131914893617026,1484.26,5
Good,FILLET,FE410,TRAIN,02-17-23-0125-00,good_weld_7_02-17-23_Fe410,165,20.0,25,279,30.69,133.84010752688172,9.701118621395267,0.07248289620095233,21.392831541218637,1.307483528215759,0.06111783406028161,46.276702508960575,36.37028673835125,0.5640143369175628,2170.82,5
Good,NON_FILLET,FE410,TRAIN,10-21-22-0152-00,good_weld_14_10-21-22_Plane_Plate,150,19.0,30,233,25.63,135.79798283261803,17.71986905356713,0.13048698282513002,20.092618025751072,3.2286172596796376,0.16068673855949392,37.33905579399141,15.83158798283262,0.2523175965665236,1519.67,5
Good,NON_FILLET,FE410,TRAIN,12-31-22-0018-00,13_good_weld_butt,150,22.0,30,234,25.74,144.76829059829063,13.095977778511845,0.09046164546386153,22.835641025641024,1.1452457311631603,0.05015167867971036,40.88115384615385,12.969957264957264,0.05170940170940171,1657.38,5
Good,FILLET,FE410,TRAIN,02-09-23-0016-00,good_weld_1_02-09-23_Fe410,170,21.0,25,285,31.35,142.81091228070176,13.010870558342367,0.09110557695177292,22.634245614035088,1.7202533825063995,0.07600224066843657,46.45564912280702,44.00768421052632,0.8456491228070177,2216.89,5
Good,NON_FILLET,FE410,TRAIN,12-13-22-0291-00,good_weld_21_12-13-22_butt,150,21.0,30,236,25.96,138.86093220338984,11.889405939549043,0.08562095724760518,21.74707627118644,1.2132177763622474,0.05578762686226872,32.588389830508476,12.220550847457625,0.0726271186440678,1327.71,5
Good,NON_FILLET,FE410,TRAIN,09-26-22-0025-00,good_weld_4_09-26-22_plane_plate,170,22.0,30,232,25.52,174.76228448275864,16.914759748691342,0.0967872433045477,23.074310344827584,1.954306034486236,0.08469618399339593,43.8764224137931,13.960991379310347,0.16181034482758624,1824.59,5
Good,NON_FILLET,FE410,TRAIN,12-13-22-0331-00,good_weld_23_12-13-22_butt,150,20.0,30,235,25.85,140.3968085106383,10.102601997569478,0.07195749037845096,20.751063829787235,1.0139898220180568,0.04886447414626132,33.3316170212766,13.406297872340424,0.09029787234042554,1342.62,5
Good,NON_FILLET,FE410,TRAIN,10-20-22-0124-00,good_weld_13_10-20-22_Plane_Plate,150,20.0,30,234,25.74,135.68615384615384,13.313303382188316,0.09811836362672237,21.120128205128204,2.021948128024045,0.0957355991585834,38.10111111111111,17.823247863247865,0.14965811965811965,1561.97,5
Good,NON_FILLET,FE410,TRAIN,10-20-22-0094-00,good_weld_11_10-20-22_Plane_Plate,150,21.0,30,233,25.63,135.7792703862661,7.851577585814134,0.05782604048083257,21.98017167381974,1.3252150006649006,0.06029138535998537,27.19017167381974,15.570901287553648,0.18682403433476397,1120.66,5
Good,NON_FILLET,FE410,TRAIN,09-30-22-0063-00,good_weld_10_09-29-22_butt,160,22.0,30,234,25.74,148.57465811965812,17.074921125079335,0.11492485556539288,23.10957264957265,2.309755720938373,0.09994800665347162,36.657435897435896,13.172863247863248,0.11970085470085469,1539.18,5
Good,NON_FILLET,FE410,TRAIN,12-13-22-0459-00,good_weld_29_12-13-22_butt,165,21.0,30,235,25.85,157.14740425531915,8.658295788915845,0.055096651643374364,19.57276595744681,1.213313084727596,0.06198986322962541,39.3936170212766,16.267276595744683,0.029914893617021283,1599.84,5
Good,NON_FILLET,FE410,TRAIN,11-20-22-0262-00,good_weld_20_11-20-22_plane_plate,140,19.0,30,221,24.31,128.1045248868778,11.503436299865342,0.08979726758304131,19.780723981900458,1.5111420788789574,0.07639468000573013,33.224027149321266,16.085791855203624,0.0915837104072398,1267.21,5
Good,NON_FILLET,FE410,TRAIN,12-13-22-0348-00,good_weld_24_12-13-22_butt,150,19.0,30,235,25.85,135.268,9.023161687435666,0.066705811333321,19.744297872340425,1.8584173939237085,0.09412425835244036,34.077829787234045,14.178978723404253,0.07353191489361702,1370.49,5
Good,NON_FILLET,FE410,TRAIN,09-29-22-0027-00,good_weld_8_09-29-22_butt,170,22.0,30,233,25.63,159.94017167381972,12.236472261999246,0.07650655950872791,23.35575107296138,2.127779818263539,0.09110303546293741,38.212961373390556,11.64197424892704,0.0724892703862661,1583.44,5
Good,FILLET,FE410,TRAIN,02-14-23-0071-00,good_weld_4_02-14-23_Fe410,155,18.0,25,278,30.580000000000002,126.47615107913667,8.005745766431238,0.06329846139468624,19.052158273381295,1.2594522117873586,0.06610548756289733,41.6868345323741,23.717661870503594,0.6061510791366906,1931.97,5
Good,NON_FILLET,FE410,TRAIN,10-21-22-0170-00,good_weld_15_10-21-22_Plane_Plate,155,20.0,30,233,25.63,138.55759656652359,11.308908956429693,0.08161883026745571,21.06008583690987,1.3721085558919854,0.06515208753267426,41.368240343347644,14.481888412017168,0.21412017167381975,1657.71,5
Good,FILLET,FE410,TRAIN,02-17-23-0104-00,good_weld_6_02-17-23_Fe410,165,19.0,25,278,30.580000000000002,137.87942446043164,8.985134917576527,0.06516661171700107,20.204964028776978,0.9770857531959577,0.04835869798156238,45.96305755395684,31.82625899280576,0.5411510791366907,2156.56,5
Good,NON_FILLET,FE410,TRAIN,09-26-22-0011-00,good_weld_3_09-26-22_plane_plate,170,23.0,30,232,25.52,171.17362068965517,13.77991190520611,0.08050254384809478,23.990991379310344,0.923502349033261,0.0384937135123846,41.61616379310345,12.773706896551724,0.18857758620689657,1713.61,5
Good,FILLET,FE410,TRAIN,04-01-23-0008-00,2_good_weld_2_02-09-23_Fe410,165,21.0,25,237,26.07,175.7349789029536,14.14085005788982,0.08046690616840056,17.592531645569622,2.1838566812615987,0.12413544140541966,0.3488185654008439,20.699493670886078,0.09236286919831221,8.03,5
Good,NON_FILLET,FE410,TRAIN,12-13-22-0389-00,good_weld_26_12-13-22_butt,155,19.0,30,235,25.85,140.44017021276596,11.16079424485695,0.0794700991030445,19.757574468085107,1.4731356716330108,0.07456055266361784,34.03365957446808,16.865872340425533,0.07285106382978722,1339.02,5
Good,NON_FILLET,FE410,TRAIN,12-13-22-0440-00,good_weld_28_12-13-22_butt,160,22.0,30,234,25.74,143.48038461538462,8.886843983595929,0.06193769278928348,18.383675213675218,1.9666839253681452,0.10697991030135104,35.32487179487179,17.5608547008547,0.07653846153846156,1437.05,5
Good,NON_FILLET,FE410,TRAIN,08-17-22-0010-00,good_weld_08_17_22_plane_plate,180,24.0,30,241,26.51,178.62966804979257,17.8713785344803,0.10004709032711576,24.901950207468882,1.8284353322382063,0.07342538704819195,38.96850622406639,13.470622406639004,0.11593360995850617,1940.98,5
Good,NON_FILLET,FE410,TRAIN,08-11-22-0011-00,good_weld_08_11_22_butt_joint,180,24.0,30,243,26.73,173.67020576131688,12.277460651133522,0.07069411012276344,25.138271604938268,1.0949034337473378,0.043555239236585,46.501975308641974,14.47798353909465,0.1797119341563786,2209.51,5
Good,NON_FILLET,FE410,TRAIN,09-26-22-0014-00,good_weld_3_09-26-22_plane_plate,170,23.0,30,233,25.63,172.44776824034335,11.430794697289125,0.06628554729312491,24.05772532188841,1.1930551451626794,0.04959135284819316,44.62377682403434,12.688283261802574,0.18836909871244636,1876.23,5
Good,NON_FILLET,FE410,TRAIN,09-30-22-0057-00,good_weld_9_09-29-22_butt,160,23.0,30,233,25.63,148.58450643776825,11.131805428792052,0.0749190187837949,24.00944206008584,1.2497645079343107,0.052053042499140965,33.783519313304716,11.946437768240344,0.15025751072961377,1728.2,5
Good,NON_FILLET,FE410,TRAIN,09-26-22-0026-00,good_weld_4_09-26-22_plane_plate,170,22.0,30,234,25.74,171.57952991452993,15.5195127694817,0.09045084094362853,23.22876068376068,2.044634704667106,0.08802168710173669,42.73636752136753,13.865769230769232,0.11888888888888888,1839.84,5
Good,NON_FILLET,FE410,TRAIN,09-29-22-0016-00,good_weld_7_09-29-22_butt,170,23.0,30,235,25.85,160.3983829787234,16.041077716199275,0.10000772712482457,24.405446808510636,2.399575486035856,0.09832130937258969,40.24765957446808,10.658723404255317,0.08395744680851064,1682.13,5
Good,NON_FILLET,FE410,TRAIN,11-18-22-0202-00,good_weld_17_11-18-22_plane_plate,160,21.0,30,220,24.2,144.12599999999998,17.618863967026492,0.12224625651878561,22.27331818181818,2.5960968927180357,0.11655636001452367,38.05631818181818,11.023954545454545,0.05895454545454545,1471.97,5
Good,FILLET,FE410,TRAIN,04-01-23-0012-00,2_good_weld_2_02-09-23_Fe410,165,21.0,25,238,26.18,181.9646638655462,12.860578059713989,0.07067623892744734,17.371764705882352,1.7584065221517156,0.101222101031353,4.244957983193278,20.696176470588238,0.14281512605042015,515.25,5
Good,NON_FILLET,FE410,TRAIN,09-30-22-0045-00,good_weld_9_09-29-22_butt,160,23.0,30,234,25.74,147.55461538461537,12.043212291485528,0.08161867563473857,24.13,1.2981912144150993,0.053799884559266445,37.36320512820513,10.487521367521367,0.2055555555555556,1554.43,5
Good,NON_FILLET,FE410,TRAIN,10-21-22-0166-00,good_weld_15_10-21-22_Plane_Plate,155,20.0,30,234,25.74,142.30653846153845,11.085326824182658,0.07789752279849543,20.764273504273504,1.3418217174576086,0.06462165493926131,40.95863247863248,15.130641025641026,0.2164102564102564,1659.18,5
Good,FILLET,FE410,TRAIN,02-14-23-0062-00,good_weld_4_02-14-23_Fe410,155,18.0,25,278,30.580000000000002,125.77669064748201,7.504951231005289,0.05966885590939607,19.198309352517988,1.4062843807534822,0.07325042819820166,41.209604316546766,19.10769784172662,0.5558992805755396,1920.98,5
Good,NON_FILLET,FE410,TRAIN,09-26-22-0073-00,good_weld_6_09-26-22_plane_plate,160,22.0,30,233,25.63,168.8066094420601,13.417093739064414,0.07948204032656432,22.892789699570816,1.4891305706502598,0.0650480168731108,38.11815450643776,13.26304721030043,0.13909871244635194,1641.15,5
Good,FILLET,FE410,TRAIN,04-01-23-0013-00,2_good_weld_2_02-09-23_Fe410,165,21.0,25,236,25.96,178.3699152542373,9.028807418316271,0.050618443168777505,17.44279661016949,1.7869452768023788,0.10244603068756501,8.760847457627117,21.03652542372882,0.12957627118644066,260.0,5
Good,NON_FILLET,FE410,TRAIN,11-20-22-0250-00,good_weld_19_11-20-22_plane_plate,140,18.0,30,219,24.09,127.36744292237444,13.82253989061672,0.10852490694220052,18.373835616438356,1.6505931350956033,0.08983389040548953,30.53598173515982,15.70529680365297,0.04926940639269406,1236.07,5
Good,NON_FILLET,FE410,TRAIN,12-13-22-0453-00,good_weld_29_12-13-22_butt,165,21.0,30,236,25.96,154.34262711864406,14.19764879713366,0.09198786532394479,19.555466101694915,2.0142383056722717,0.10300129361261777,38.170127118644075,12.69792372881356,0.061483050847457615,1580.82,5
Good,NON_FILLET,FE410,TRAIN,09-29-22-0005-00,good_weld_7_09-29-22_butt,170,23.0,30,232,25.52,157.20831896551724,16.53331513287949,0.10516819492552414,24.573922413793102,2.260463625780811,0.09198627666017349,40.25810344827587,12.456508620689654,0.1521120689655172,1693.93,5
Good,NON_FILLET,FE410,TRAIN,09-26-22-0021-00,good_weld_4_09-26-22_plane_plate,170,22.0,30,234,25.74,172.15098290598291,15.184335173199617,0.08820359266547007,22.943846153846152,1.363240488171582,0.05941638899731977,43.123717948717946,14.134572649572648,0.13525641025641025,1858.03,5
Good,NON_FILLET,FE410,TRAIN,08-11-22-0002-00,good_weld_08_11_22_butt_joint,180,24.0,30,242,26.62,172.811694214876,12.52212071001681,0.07246107253856712,25.217520661157025,1.306839512725062,0.0518226803611986,40.15772727272727,14.086115702479338,0.15508264462809915,1871.15,5
Good,NON_FILLET,FE410,TRAIN,09-26-22-0077-00,good_weld_6_09-26-22_plane_plate,160,22.0,30,235,25.85,168.9276595744681,12.217086887649092,0.07232141212649344,22.887531914893614,1.2030693802961432,0.05256439989989787,41.22446808510638,12.493617021276595,0.11608510638297871,1680.0,5
Good,FILLET,FE410,TRAIN,02-13-23-0048-00,good_weld_3_02-13-23_Fe410,150,18.0,25,277,30.47,118.17469314079422,7.664297168236138,0.06485565533988598,19.170794223826714,1.5973045970066853,0.08331968818597253,38.617509025270756,24.16743682310469,0.5340072202166065,1800.82,5
Good,NON_FILLET,FE410,TRAIN,11-20-22-0241-00,good_weld_19_11-20-22_plane_plate,140,18.0,30,221,24.31,131.95601809954752,10.650833491910303,0.08071502645582501,18.31217194570136,1.8504473138161426,0.10105012771303301,32.10592760180995,16.501674208144795,0.07049773755656111,1251.97,5
Good,NON_FILLET,FE410,TRAIN,11-20-22-0235-00,good_weld_18_11-18-22_plane_plate,160,22.0,30,222,24.42,149.97774774774774,12.029957905666128,0.08021161863224997,22.79189189189189,1.3474772900065077,0.05912090564477741,38.14094594594595,15.189234234234235,0.030315315315315342,1474.1,5
Good,NON_FILLET,FE410,TRAIN,08-17-22-0014-00,good_weld_08_17_22_plane_plate,180,24.0,30,241,26.51,175.77257261410787,18.043317369248193,0.1026514950592468,24.9098755186722,1.6319784724192392,0.06551532026709342,50.96522821576764,13.768174273858921,0.086597510373444,2185.41,5
Good,NON_FILLET,FE410,TRAIN,12-13-22-0357-00,good_weld_24_12-13-22_butt,150,19.0,30,234,25.74,141.53200854700853,10.186256573788581,0.07197139840211701,19.707991452991454,1.736411073517918,0.08810695283990241,33.91205128205128,14.370128205128204,0.09440170940170942,1356.89,5
Good,NON_FILLET,FE410,TRAIN,09-29-22-0010-00,good_weld_7_09-29-22_butt,170,23.0,30,233,25.63,161.46879828326178,11.053009705489822,0.06845291364650977,24.07025751072962,1.403606783386257,0.05831291097573767,39.325193133047215,11.554334763948496,0.028283261802575104,1668.2,5
Good,NON_FILLET,FE410,TRAIN,11-20-22-0245-00,good_weld_19_11-20-22_plane_plate,140,18.0,30,219,24.09,132.8593607305936,12.414389089689188,0.09344007845154804,18.19579908675799,1.9659357497875507,0.10804338630108651,33.13077625570776,15.805068493150685,0.08237442922374429,1258.85,5
Good,FILLET,FE410,TRAIN,02-14-23-0064-00,good_weld_4_02-14-23_Fe410,155,18.0,25,280,30.8,127.82064285714286,7.974820563881903,0.06239070924400577,19.096964285714286,0.916033055003859,0.04796746966161049,40.32107142857143,21.264857142857142,0.5378928571428572,1910.33,5
Good,FILLET,FE410,TRAIN,04-01-23-0033-00,5_good_weld_7_02-17-23_Fe410,165,20.0,25,239,26.29,168.61322175732218,13.230620363645826,0.07846727691786884,21.108535564853554,1.7823879123098634,0.0844392026549488,23.493849372384933,18.21317991631799,0.06594142259414226,593.93,5
Good,NON_FILLET,FE410,TRAIN,10-20-22-0113-00,good_weld_12_10-20-22_Plane_Plate,150,22.0,30,233,25.63,135.56819742489273,11.195156673473312,0.0825795200210996,23.317467811158796,2.4354179047396887,0.10444607126568847,31.558669527897,16.68137339055794,0.20506437768240343,1246.89,5
Good,FILLET,FE410,TRAIN,02-17-23-0101-00,good_weld_6_02-17-23_Fe410,165,19.0,25,280,30.8,135.28653571428572,12.88700945475295,0.09525714725942334,20.69907142857143,2.4552548857541163,0.11861666810642861,45.399142857142856,34.483178571428574,0.5087499999999999,2149.51,5
Good,NON_FILLET,FE410,TRAIN,09-26-22-0072-00,good_weld_6_09-26-22_plane_plate,160,22.0,30,235,25.85,162.77421276595746,11.934850127310973,0.07332150421437654,23.050382978723405,1.225669301775922,0.05317348969460823,40.279702127659576,12.505872340425533,0.08855319148936168,1702.79,5
Good,NON_FILLET,FE410,TRAIN,09-26-22-0003-00,good_weld_3_09-26-22_plane_plate,170,23.0,30,234,25.74,177.1225641025641,11.27339556098401,0.06364742752061826,24.030641025641025,1.4618766289634955,0.060833859047024715,44.10564102564103,12.322222222222223,0.18658119658119657,1877.38,5
Good,NON_FILLET,FE410,TRAIN,08-11-22-0017-00,good_weld_08_11_22_butt_joint,180,24.0,30,241,26.51,171.048132780083,12.426327370370913,0.07264813224443363,25.21792531120332,1.391877872180245,0.055193988204965024,40.67900414937759,14.563526970954356,0.15319502074688798,1830.66,5
Good,FILLET,FE410,TRAIN,04-01-23-0030-00,4_good_weld_6_02-17-23_Fe410,165,19.0,25,238,26.18,172.27676470588233,10.814909502523754,0.06277636755593474,19.701890756302525,1.1222552060512485,0.05696180229261728,0.20163865546218485,18.152310924369747,0.06592436974789917,9.18,5
Good,FILLET,FE410,TRAIN,02-09-23-0011-00,good_weld_1_02-09-23_Fe410,170,21.0,25,285,31.35,144.30901754385965,12.409052937514176,0.08598944922996726,22.26561403508772,1.2641846138244568,0.05677744219549777,50.80884210526315,40.90456140350877,0.9230175438596493,2295.9,5
Good,NON_FILLET,FE410,TRAIN,11-20-22-0243-00,good_weld_19_11-20-22_plane_plate,140,18.0,30,221,24.31,130.2583257918552,12.541666715491532,0.09628303326677438,18.34285067873303,1.6697516201688065,0.09103010483014731,32.13619909502262,16.09868778280543,0.07113122171945702,1225.74,5
Good,FILLET,FE410,TRAIN,04-01-23-0040-00,5_good_weld_7_02-17-23_Fe410,165,20.0,25,237,26.07,171.99637130801688,12.179241557354612,0.07081103784186014,20.934050632911394,1.5057630975356053,0.07192889345401339,0.300295358649789,17.75092827004219,0.08168776371308017,8.03,5
Good,FILLET,FE410,TRAIN,04-01-23-0009-00,2_good_weld_2_02-09-23_Fe410,165,21.0,25,237,26.07,185.0471729957806,9.373723552856111,0.050655859266057784,17.153797468354426,1.578761022316799,0.0920356571324408,0.18641350210970462,21.580970464135024,0.13911392405063294,5.57,5
Good,NON_FILLET,FE410,TRAIN,09-29-22-0035-00,good_weld_8_09-29-22_butt,170,22.0,30,234,25.74,161.61008547008547,11.404804988104699,0.07056988402011435,23.423461538461538,1.7313646607930742,0.07391583254892355,43.03448717948718,11.531794871794872,0.06948717948717949,1687.54,5
Good,FILLET,FE410,TRAIN,02-13-23-0052-00,good_weld_3_02-13-23_Fe410,150,18.0,25,277,30.47,117.80039711191336,10.276232789742412,0.0872342796941485,19.088953068592055,1.5649348233752902,0.08198117611542304,38.38819494584837,22.943790613718413,0.5551985559566788,1806.07,5
Good,NON_FILLET,FE410,TRAIN,12-13-22-0376-00,good_weld_25_12-13-22_butt,155,20.0,30,235,25.85,147.17374468085106,9.826102274932799,0.06676532078626443,20.782510638297868,1.2781330179752337,0.06150041446965021,35.36472340425532,16.81595744680851,0.08906382978723405,1431.8,5
Good,FILLET,FE410,TRAIN,04-01-23-0002-00,1_good_weld_1_02-09-23_Fe410,170,21.0,25,237,26.07,186.2283966244726,10.558046451684174,0.056694073745232054,20.80350210970464,1.6674694026224206,0.08015330273860773,0.30932489451476797,21.687805907172997,0.13679324894514763,8.36,5
Good,NON_FILLET,FE410,TRAIN,12-13-22-0382-00,good_weld_26_12-13-22_butt,155,19.0,30,234,25.74,149.84200854700853,11.761429242946477,0.07849220226687413,19.34846153846154,1.1453335930142332,0.05919507299004107,36.923418803418805,17.522094017094016,0.07461538461538463,1464.1,5
Good,NON_FILLET,FE410,TRAIN,12-13-22-0341-00,good_weld_24_12-13-22_butt,150,19.0,30,235,25.85,137.20157446808508,14.128833299902697,0.1029786527937349,20.01472340425532,3.091571846649679,0.15446487988899119,34.01570212765957,14.878553191489361,0.08314893617021277,1356.72,5
Good,NON_FILLET,FE410,TRAIN,10-21-22-0154-00,good_weld_14_10-21-22_Plane_Plate,150,19.0,30,233,25.63,132.64828326180256,8.978411058954407,0.06768584438619593,19.959742489270383,1.6829435734252745,0.08431689809274656,38.51484978540772,15.591673819742491,0.23648068669527894,1534.26,5
Good,NON_FILLET,FE410,TRAIN,09-26-22-0070-00,good_weld_6_09-26-22_plane_plate,160,22.0,30,234,25.74,163.67747863247862,12.165088162864711,0.07432353103495806,23.10431623931624,1.6487505226169217,0.0713611476547949,37.651153846153846,12.918717948717951,0.11393162393162395,1627.54,5
Good,NON_FILLET,FE410,TRAIN,12-13-22-0306-00,good_weld_22_12-13-22_butt,150,22.0,30,237,26.07,140.42599156118143,14.941815753678588,0.10640349117398733,23.052616033755275,2.4292047052997208,0.1053765308780013,33.14974683544304,13.06451476793249,0.09215189873417723,1345.25,5
Good,NON_FILLET,FE410,TRAIN,12-13-22-0286-00,good_weld_21_12-13-22_butt,150,21.0,30,234,25.74,140.19123931623932,9.179686881762525,0.06547974699799361,21.825555555555557,1.407702261026321,0.06449788906601277,33.04119658119658,11.918290598290598,0.0876068376068376,1328.53,5
Good,FILLET,FE410,TRAIN,02-17-23-0134-00,good_weld_7_02-17-23_Fe410,165,20.0,25,280,30.8,133.69907142857141,11.027915630299388,0.08248311310218066,21.423785714285717,1.5292043368163193,0.07137881031906615,45.775535714285716,37.52721428571428,0.5848214285714286,2173.77,5
Good,FILLET,FE410,TRAIN,02-09-23-0010-00,good_weld_1_02-09-23_Fe410,170,21.0,25,281,30.91,143.6885053380783,8.655201196853087,0.06023586351941408,22.226192170818504,1.034860973448635,0.04656042589280488,46.96170818505338,39.61227758007117,0.9326334519572952,2213.61,5
Good,NON_FILLET,FE410,TRAIN,09-26-22-0052-00,good_weld_5_09-26-22_plane_plate,160,23.0,30,235,25.85,166.48497872340425,13.536227692718459,0.08130600007588283,23.879063829787235,1.1740527988727019,0.049166617554251196,39.34889361702128,12.632893617021274,0.1409787234042553,1635.74,5
Good,NON_FILLET,FE410,TRAIN,12-13-22-0289-00,good_weld_21_12-13-22_butt,150,21.0,30,235,25.85,137.28174468085106,8.74389183252961,0.06369304129152187,21.962936170212767,1.7196897380206826,0.07829962827798097,32.54510638297872,11.95655319148936,0.11893617021276595,1329.51,5
Good,FILLET,FE410,TRAIN,02-17-23-0111-00,good_weld_6_02-17-23_Fe410,165,19.0,25,280,30.8,134.93092857142858,10.367805828668518,0.07683787504048857,20.31867857142857,0.8814488136067261,0.04338120761682747,45.64160714285715,34.28471428571429,0.6423214285714286,2156.23,5
Good,NON_FILLET,FE410,TRAIN,11-20-22-0237-00,good_weld_18_11-18-22_plane_plate,160,22.0,30,221,24.31,144.78131221719457,11.32140950899044,0.07819662175741686,23.029049773755656,1.3340258625891652,0.05792795949876519,38.1714479638009,15.536380090497737,0.038371040723981883,1463.77,5
Good,NON_FILLET,FE410,TRAIN,01-02-23-0022-00,3_good_weld_butt,160,22.0,30,234,25.74,143.190641025641,11.64672640994066,0.08133720420914305,20.815427350427353,1.5253328733518183,0.07327896024774636,38.68790598290599,10.225982905982907,0.056452991452991444,1579.84,5
Good,NON_FILLET,FE410,TRAIN,12-31-22-0016-00,10_good_weld_plane_plate,160,22.0,30,233,25.63,147.12077253218885,15.327157279244267,0.10418078300867273,22.886480686695275,1.5009676679922679,0.06558315752167321,40.34381974248927,12.106866952789701,0.08060085836909872,1658.53,5
Good,NON_FILLET,FE410,TRAIN,09-30-22-0054-00,good_weld_9_09-29-22_butt,160,23.0,30,235,25.85,151.7606808510638,16.658204632725067,0.10976627502793848,24.216978723404253,2.1751480496754483,0.0898191336961988,35.58748936170213,11.661574468085105,0.17472340425531913,1541.15,5
Good,NON_FILLET,FE410,TRAIN,12-13-22-0337-00,good_weld_23_12-13-22_butt,150,20.0,30,236,25.96,137.11889830508474,10.439736589478647,0.07613638031316879,20.7835593220339,1.7385743856212368,0.08365142652818229,32.64067796610169,13.592838983050846,0.08703389830508476,1340.16,5
Good,FILLET,FE410,TRAIN,02-16-23-0083-00,good_weld_5_02-16-23_Fe410,160,19.0,25,281,30.91,132.586975088968,42.48954197920882,0.32046542996171123,20.13886120996441,1.7364494106274824,0.08622381337869854,43.57434163701068,4.139252669039147,0.12516014234875444,2052.95,5
Good,NON_FILLET,FE410,TRAIN,08-11-22-0015-00,good_weld_08_11_22_butt_joint,180,24.0,30,240,26.4,170.2565416666667,10.40922885290088,0.06113849577234087,25.114291666666666,1.1522426369870775,0.04587995760662481,31.865916666666667,14.40425,0.15791666666666662,1833.77,5
Good,NON_FILLET,FE410,TRAIN,12-13-22-0317-00,good_weld_22_12-13-22_butt,150,22.0,30,236,25.96,134.4627118644068,10.87329632816235,0.08086477044377227,23.01330508474576,1.270566672091376,0.05521009118040868,33.74970338983051,13.351016949152543,0.07597457627118644,1356.56,5
Good,FILLET,FE410,TRAIN,02-17-23-0138-00,good_weld_7_02-17-23_Fe410,165,20.0,25,279,30.69,130.83,10.675248586056473,0.081596335596243,21.360250896057348,1.0507145263873647,0.04919017718941234,46.44591397849463,37.53222222222223,0.5903942652329749,2183.77,5
Good,NON_FILLET,FE410,TRAIN,12-13-22-0390-00,good_weld_26_12-13-22_butt,155,19.0,30,236,25.96,141.5761440677966,9.002933751413904,0.06359075401222021,19.84970338983051,1.8504118911656353,0.09322113559206364,35.76419491525423,16.937118644067795,0.10326271186440678,1445.9,5
Good,NON_FILLET,FE410,VAL,11-20-22-0263-00,good_weld_20_11-20-22_plane_plate,140,19.0,30,221,24.31,128.34972850678733,10.941629507966022,0.08524855981590496,19.743031674208147,1.5035912597062115,0.07615807361898068,32.574705882352944,15.869728506787329,0.0930769230769231,1260.33,5
Good,NON_FILLET,FE410,VAL,10-20-22-0088-00,good_weld_11_10-20-22_Plane_Plate,150,21.0,30,233,25.63,134.7608583690987,12.32198932038779,0.09143596641866804,22.10871244635193,1.7539895579913511,0.0793347673342583,33.37072961373391,15.051587982832618,0.1803862660944206,1311.97,5
Good,NON_FILLET,FE410,VAL,08-18-22-0020-00,good_weld_08_17_22_plane_plate,180,24.0,30,242,26.62,175.99966942148762,16.199459953801817,0.09204255898348887,24.94219008264463,1.6422112651048697,0.06584070042219586,50.72884297520662,10.380289256198347,0.08983471074380166,2507.21,5
Good,NON_FILLET,FE410,VAL,08-17-22-0007-00,good_weld_08_17_22_plane_plate,180,24.0,30,239,26.29,178.4956485355648,11.08615300941777,0.06210881385833269,24.880376569037647,1.5431688260417813,0.06202353174839708,40.21740585774059,13.536359832635984,0.07305439330543932,1900.33,5
Good,NON_FILLET,FE410,VAL,11-20-22-0266-00,good_weld_20_11-20-22_plane_plate,140,19.0,30,220,24.2,124.67422727272728,10.212158428337412,0.08191074171246411,19.94059090909091,1.7067922638330792,0.08559386587961909,32.43181818181818,15.768636363636364,0.07336363636363637,1261.48,5
Good,NON_FILLET,FE410,VAL,12-31-22-0014-00,9_good_weld_plane_plate,160,21.0,30,231,25.41,148.82632034632036,14.827177891539808,0.09962739021590276,21.96883116883117,2.2735224388749184,0.10348854799797158,39.92017316017316,11.834025974025973,0.058095238095238096,1644.59,5
Good,NON_FILLET,FE410,VAL,11-18-22-0214-00,good_weld_17_11-18-22_plane_plate,160,21.0,30,221,24.31,143.59076923076924,17.998249986801845,0.1253440599505132,21.95361990950226,2.054525275926288,0.09358480671504296,38.16579185520362,12.018506787330317,0.014570135746606334,1473.12,5
Good,NON_FILLET,FE410,VAL,10-20-22-0130-00,good_weld_13_10-20-22_Plane_Plate,150,20.0,30,231,25.41,134.33999999999997,13.95466766229914,0.10387574558805376,21.19463203463204,2.3680712604243097,0.11172976518558472,37.19909090909091,16.588138528138526,0.1598701298701299,1530.49,5
Good,NON_FILLET,FE410,VAL,10-21-22-0163-00,good_weld_15_10-21-22_Plane_Plate,155,20.0,30,232,25.52,139.4682327586207,17.14111428781221,0.12290335905724523,21.23491379310345,2.8267638620744635,0.1331186879125699,40.33202586206897,15.508017241379308,0.22754310344827589,1635.57,5
Good,NON_FILLET,FE410,VAL,10-21-22-0147-00,good_weld_14_10-21-22_Plane_Plate,150,19.0,30,230,25.3,131.54034782608696,15.864404193114412,0.1206048520875828,20.183173913043476,2.759320990334538,0.1367139282564133,37.62682608695652,15.993565217391302,0.21734782608695657,1540.49,5
Good,NON_FILLET,FE410,VAL,11-20-22-0248-00,good_weld_19_11-20-22_plane_plate,140,18.0,30,219,24.09,132.41721461187217,10.07214890132328,0.07606374239818996,18.224018264840183,1.7331321594828457,0.09510153766837462,33.08264840182648,15.748721461187216,0.07972602739726026,1270.33,5
Good,NON_FILLET,FE410,VAL,11-20-22-0280-00,good_weld_20_11-20-22_plane_plate,140,19.0,30,221,24.31,137.25076923076924,10.01972753422666,0.07300307014949985,19.51194570135746,1.9313787625194037,0.09898442687778883,32.58588235294117,13.958235294117648,0.058914027149321264,1261.31,5
Good,NON_FILLET,FE410,VAL,11-20-22-0272-00,good_weld_20_11-20-22_plane_plate,140,19.0,30,220,24.2,124.21436363636363,10.897781520059283,0.08773366622850828,19.770045454545453,1.8968037277183145,0.09594331647235584,33.63009090909091,15.885954545454547,0.08177272727272726,1276.56,5
Good,NON_FILLET,FE410,VAL,09-29-22-0018-00,good_weld_7_09-29-22_butt,170,23.0,30,235,25.85,158.62638297872343,14.987765698126296,0.09448469678676721,24.472340425531915,2.1874103769342126,0.08938296619362546,42.2576170212766,10.484170212765958,0.06404255319148935,1698.36,5
Good,NON_FILLET,FE410,VAL,12-13-22-0288-00,good_weld_21_12-13-22_butt,150,21.0,30,236,25.96,136.28355932203388,11.821400322093375,0.08674120620932542,21.980127118644074,1.7818120064488505,0.08106468160220395,33.572161016949146,11.59677966101695,0.06728813559322036,1345.57,5
Good,NON_FILLET,FE410,VAL,09-26-22-0079-00,good_weld_6_09-26-22_plane_plate,160,22.0,30,234,25.74,168.27914529914528,13.135671811691353,0.07805882177699693,22.850128205128208,1.3166176201698914,0.05761970385244515,39.538931623931624,12.402692307692307,0.1044871794871795,1693.28,5
Good,NON_FILLET,FE410,VAL,12-13-22-0438-00,good_weld_28_12-13-22_butt,160,22.0,30,234,25.74,143.02585470085472,11.661317492513485,0.08153293344691892,18.298589743589744,1.9140959324685474,0.10460346722288161,36.407435897435896,17.116153846153846,0.0654700854700855,1456.07,5
Good,NON_FILLET,FE410,VAL,09-29-22-0009-00,good_weld_7_09-29-22_butt,170,23.0,30,235,25.85,159.1379574468085,20.44014305103806,0.12844291443083358,24.276127659574467,2.084101372448551,0.08584982752084783,40.26944680851064,12.374510638297874,0.18578723404255318,1706.56,5
Good,NON_FILLET,FE410,VAL,09-26-22-0005-00,good_weld_3_09-26-22_plane_plate,170,23.0,30,234,25.74,177.506452991453,13.052989192124233,0.07353529391268238,23.896837606837604,0.9628210067877854,0.040290728950356736,40.61457264957266,12.335213675213675,0.19521367521367522,1763.77,5
Good,NON_FILLET,FE410,VAL,11-18-22-0219-00,good_weld_17_11-18-22_plane_plate,160,21.0,30,219,24.09,130.62602739726026,28.325670825666542,0.2168455352280019,22.350867579908677,2.602324767968213,0.11643059307046576,35.85479452054795,12.494794520547943,0.0871689497716895,1287.38,5
Good,FILLET,FE410,VAL,02-17-23-0128-00,good_weld_7_02-17-23_Fe410,165,20.0,25,279,30.69,135.07645161290324,9.426218408182857,0.06978432062456112,21.371003584229392,1.594634121672271,0.07461671677641858,46.30068100358423,37.68308243727598,0.5939068100358423,2174.43,5
Good,FILLET,FE410,VAL,02-14-23-0066-00,good_weld_4_02-14-23_Fe410,155,18.0,25,280,30.8,126.2780357142857,6.860864241108451,0.05433141402857827,19.166392857142856,1.090029851923789,0.0568719351652839,41.33517857142857,20.086178571428572,0.5221071428571429,1926.07,5
Good,NON_FILLET,FE410,VAL,12-31-22-0011-00,9_good_weld_plane_plate,160,21.0,30,231,25.41,145.2234632034632,10.148017503848855,0.06987863586224441,21.972380952380952,1.397176952591547,0.06358787223012112,50.67679653679654,12.774675324675323,0.09683982683982682,1803.61,5
Good,NON_FILLET,FE410,VAL,01-02-23-0024-00,3_good_weld_butt,160,22.0,30,233,25.63,140.6155364806867,12.89543045201844,0.09170701029746883,20.956437768240345,1.3651382135211392,0.06514171103974634,38.543905579399144,10.90304721030043,0.06313304721030043,1570.82,5
Good,FILLET,FE410,VAL,04-01-23-0042-00,5_good_weld_7_02-17-23_Fe410,165,20.0,25,235,25.85,170.52063829787235,9.61066839646089,0.05636073435095044,20.976382978723404,1.2086345787739914,0.057618826849220095,1.9373617021276597,16.94536170212766,0.084,271.64,5
Good,NON_FILLET,FE410,VAL,09-26-22-0016-00,good_weld_3_09-26-22_plane_plate,170,23.0,30,233,25.63,170.17944206008582,11.961743729466463,0.07028900544428328,24.189957081545064,1.7273588314628856,0.0714080982301832,44.390944206008584,12.857982832618026,0.1866523605150215,1790.49,5
Good,NON_FILLET,FE410,VAL,12-31-22-0019-00,13_good_weld_butt,150,22.0,30,236,25.96,144.84538135593223,12.180597732892444,0.08409379449221617,22.912330508474575,1.0452755275989136,0.045620655097145094,40.68902542372881,13.13521186440678,0.05796610169491526,1660.0,5
Good,FILLET,FE410,VAL,02-17-23-0118-00,good_weld_6_02-17-23_Fe410,165,19.0,25,278,30.580000000000002,133.08669064748202,9.868139220751235,0.07414820499887409,20.292158273381297,0.78377616213561,0.03862458352514164,46.30622302158274,34.423884892086335,0.5280935251798562,2173.12,5
Good,NON_FILLET,FE410,VAL,10-20-22-0122-00,good_weld_13_10-20-22_Plane_Plate,150,20.0,30,233,25.63,142.94982832618024,8.99418571603561,0.0629184786113408,20.813090128755363,1.930835283680061,0.09277023602624097,36.18763948497855,18.272832618025753,0.14115879828326178,1501.97,5
Good,NON_FILLET,FE410,VAL,09-26-22-0044-00,good_weld_5_09-26-22_plane_plate,160,23.0,30,236,25.96,165.69245762711864,11.05309287120458,0.06670848528349389,23.893940677966103,1.0244820905768584,0.04287622976822692,40.332203389830504,12.750381355932204,0.15707627118644069,1710.66,5
Good,FILLET,FE410,VAL,02-17-23-0109-00,good_weld_6_02-17-23_Fe410,165,19.0,25,280,30.8,133.69821428571427,9.854218772899653,0.07370493933330403,20.453500000000002,1.3327985083272276,0.06516236870595386,45.29239285714285,33.989714285714285,0.45525,2150.49,5
Good,NON_FILLET,FE410,VAL,09-26-22-0024-00,good_weld_4_09-26-22_plane_plate,170,22.0,30,234,25.74,171.6826495726496,12.601150154819724,0.0733979245205404,23.061025641025644,1.4578642056989295,0.06321766552765043,44.351666666666674,12.929700854700856,0.1712393162393162,1809.51,5
Good,NON_FILLET,FE410,VAL,09-29-22-0028-00,good_weld_8_09-29-22_butt,170,22.0,30,233,25.63,159.03231759656651,11.874402480157332,0.07466660022071954,23.07605150214592,1.225804745136094,0.05312021187949344,42.94690987124463,11.562789699570816,0.062446351931330475,1733.12,5
Good,NON_FILLET,FE410,VAL,08-11-22-0013-00,good_weld_08_11_22_butt_joint,180,24.0,30,241,26.51,176.5173029045643,15.391904602052985,0.08719771007590547,25.00311203319502,1.2512096912839716,0.05004215833704305,48.44311203319502,14.430580912863073,0.13684647302904565,2046.07,5
Good,FILLET,FE410,VAL,02-17-23-0106-00,good_weld_6_02-17-23_Fe410,165,19.0,25,278,30.580000000000002,134.765071942446,8.140404940424252,0.060404412086098744,20.434316546762588,1.4138525857010156,0.06919010882823054,45.33841726618706,32.36154676258993,0.5926978417266188,2158.36,5
Good,NON_FILLET,FE410,VAL,10-20-22-0090-00,good_weld_11_10-20-22_Plane_Plate,150,21.0,30,233,25.63,133.78283261802576,14.026313315249741,0.10484389544432363,21.992703862660942,1.6054623844734428,0.07299977276551181,35.68828326180258,15.018540772532189,0.18583690987124465,1471.64,5
Good,NON_FILLET,FE410,VAL,11-18-22-0210-00,good_weld_17_11-18-22_plane_plate,160,21.0,30,220,24.2,129.80554545454547,12.000760294511606,0.09245183056307837,22.26831818181818,1.6771356285533046,0.07531487626769524,35.887772727272726,10.66518181818182,0.03640909090909092,1430.33,5
Good,NON_FILLET,FE410,VAL,09-26-22-0059-00,good_weld_5_09-26-22_plane_plate,160,23.0,30,233,25.63,166.49356223175965,16.21358202240295,0.09738263633180953,24.011587982832616,1.7918976076792692,0.07462636827520149,40.72098712446352,12.363690987124462,0.13656652360515023,1688.2,5
Good,FILLET,FE410,VAL,04-01-23-0018-00,2_good_weld_2_02-09-23_Fe410,165,21.0,25,237,26.07,181.994388185654,13.363306901369839,0.07342702725392729,17.409957805907172,1.901969874890708,0.10924609330445204,0.13261603375527425,20.69409282700422,0.12898734177215188,5.41,5
Good,NON_FILLET,FE410,VAL,08-11-22-0001-00,good_weld_08_11_22_butt_joint,180,24.0,30,242,26.62,172.71995867768592,15.938641593589704,0.09228025362912996,25.194586776859506,1.34283005891562,0.05329835614327163,57.99966942148761,14.25599173553719,0.1378925619834711,2361.97,5
Good,NON_FILLET,FE410,VAL,12-13-22-0385-00,good_weld_26_12-13-22_butt,155,19.0,30,235,25.85,138.13557446808508,9.70938408475678,0.07028880230269749,20.08953191489362,1.6977205035473655,0.0845077182852996,35.95302127659575,17.092851063829787,0.08834042553191487,1443.77,5
Good,NON_FILLET,FE410,VAL,12-13-22-0333-00,good_weld_23_12-13-22_butt,150,20.0,30,237,26.07,143.5374683544304,15.23649289034426,0.10614993468270945,20.828776371308017,2.2895271374975277,0.10992134615509094,33.50755274261603,13.507510548523207,0.07421940928270042,1347.54,5
Good,NON_FILLET,FE410,VAL,11-18-22-0196-00,good_weld_16_11-18-22_plane_plate,170,24.0,30,220,24.2,166.67709090909094,13.785187858130016,0.08270595426727682,24.9095,0.8840567684617395,0.035490747243491015,40.79690909090909,10.325363636363637,0.05213636363636365,1590.49,5
Good,FILLET,FE410,VAL,02-17-23-0140-00,good_weld_7_02-17-23_Fe410,165,20.0,25,279,30.69,129.3211111111111,9.894268480337049,0.07650930613978421,21.439605734767024,1.3631956433254113,0.06358305559298685,47.578494623655914,36.861792114695334,0.5767383512544801,2205.25,5
Good,NON_FILLET,FE410,VAL,01-02-23-0020-00,1_good_weld_butt,180,24.0,30,233,25.63,127.86540772532189,12.37315548536185,0.09676702796695127,20.98420600858369,0.9852486954369912,0.04695191683850085,37.04729613733906,8.078669527896995,0.06695278969957082,1504.26,5
Good,NON_FILLET,FE410,VAL,09-29-22-0019-00,good_weld_7_09-29-22_butt,170,23.0,30,233,25.63,157.8245493562232,16.481201252681483,0.10442736139535576,24.6618025751073,2.2962886500402524,0.09311114396633928,42.523819742489266,10.52763948497854,0.0672532188841202,1775.25,5
Good,FILLET,FE410,VAL,02-09-23-0013-00,good_weld_1_02-09-23_Fe410,170,21.0,25,283,31.13,146.32865724381625,11.683592528020865,0.07984486940622566,22.3065371024735,1.6950507914735953,0.07598897057336779,47.64487632508834,40.52416961130742,0.9416607773851591,2227.05,5
Good,NON_FILLET,FE410,VAL,11-20-22-0231-00,good_weld_18_11-18-22_plane_plate,160,22.0,30,219,24.09,153.8395890410959,12.692219545308117,0.08250294754699054,22.762374429223744,1.3134602477663349,0.057703129866804814,38.327214611872144,14.765022831050228,0.1076255707762557,1482.62,5
Good,NON_FILLET,FE410,VAL,12-13-22-0311-00,good_weld_22_12-13-22_butt,150,22.0,30,237,26.07,137.03345991561181,15.339587088512387,0.11194044941986313,23.2131223628692,2.5519800300838824,0.10993695678638775,32.96970464135022,13.378987341772154,0.09101265822784811,1343.12,5
Good,FILLET,FE410,VAL,04-01-23-0032-00,4_good_weld_6_02-17-23_Fe410,165,19.0,25,236,25.96,166.7974152542373,10.140430080959591,0.060794887411793896,19.88800847457627,1.4531839788972425,0.0730683507478847,2.1829661016949156,16.940974576271188,0.055254237288135596,234.92,5
Good,NON_FILLET,FE410,VAL,10-20-22-0091-00,good_weld_11_10-20-22_Plane_Plate,150,21.0,30,233,25.63,132.79150214592275,13.089909902986895,0.09857490646203078,22.065236051502144,1.6905258465947899,0.07661489968423443,33.686995708154505,15.251416309012875,0.19832618025751073,1405.41,5
Good,FILLET,FE410,VAL,02-09-23-0007-00,good_weld_1_02-09-23_Fe410,170,21.0,25,282,31.02,143.247304964539,13.810857912152125,0.09641268933870005,22.429219858156028,2.2095850952446665,0.0985136847923485,46.30202127659574,39.103262411347515,0.9179078014184398,2198.85,5
Good,NON_FILLET,FE410,VAL,12-13-22-0316-00,good_weld_22_12-13-22_butt,150,22.0,30,235,25.85,134.6025106382979,12.447433576609962,0.0924754933439432,22.925234042553193,1.2070669086314458,0.052652326532018005,33.43778723404255,13.579276595744682,0.07995744680851063,1350.33,5
Good,NON_FILLET,FE410,VAL,09-30-22-0049-00,good_weld_9_09-29-22_butt,160,23.0,30,232,25.52,145.67435344827584,17.079922379739028,0.11724728461419631,24.672586206896547,2.870943287580158,0.11636166810829358,30.355732758620686,11.430905172413793,0.14961206896551724,1578.36,5
Good,NON_FILLET,FE410,VAL,12-13-22-0457-00,good_weld_29_12-13-22_butt,165,21.0,30,235,25.85,151.02940425531915,9.843895005247708,0.06517866539820515,19.944297872340425,1.5204407243832216,0.07623435701348161,39.75736170212766,15.544042553191488,0.031872340425531914,1603.93,5
Good,NON_FILLET,FE410,VAL,12-13-22-0429-00,good_weld_28_12-13-22_butt,160,22.0,30,236,25.96,151.48177966101693,11.101383362626935,0.07328527158493517,17.800508474576272,1.7021520033419655,0.09562378545383007,35.48296610169491,17.316652542372882,0.10771186440677964,1431.15,5
Good,NON_FILLET,FE410,VAL,10-20-22-0101-00,good_weld_12_10-20-22_Plane_Plate,150,22.0,30,233,25.63,135.47845493562232,14.102855978149154,0.10409666972398421,23.109098712446354,1.6318638998481598,0.07061564451967366,34.399356223175964,17.713562231759656,0.21124463519313302,1434.26,5
Good,NON_FILLET,FE410,VAL,12-13-22-0366-00,good_weld_25_12-13-22_butt,155,20.0,30,233,25.63,147.67309012875538,10.57443831049002,0.07160707682943605,20.845579399141627,1.230582891708998,0.05903327838225838,35.997296137339056,16.629442060085836,0.08527896995708154,1427.38,5
Good,NON_FILLET,FE410,VAL,12-13-22-0283-00,good_weld_21_12-13-22_butt,150,21.0,30,235,25.85,137.41455319148938,12.014970047745727,0.08743593577750586,22.00408510638298,1.727235920292848,0.07849614796262575,33.911914893617016,11.829319148936172,0.09153191489361698,1353.61,5
Good,NON_FILLET,FE410,VAL,10-21-22-0157-00,good_weld_14_10-21-22_Plane_Plate,150,19.0,30,233,25.63,139.3424034334764,9.546052771117164,0.06850788084529169,19.620386266094417,1.2512053933556597,0.06377068098388265,38.98652360515022,15.651974248927042,0.2488412017167382,1571.48,5
Good,NON_FILLET,FE410,VAL,11-20-22-0246-00,good_weld_19_11-20-22_plane_plate,140,18.0,30,219,24.09,129.49068493150685,12.314541862035961,0.0950998279802879,18.32662100456621,1.2871758067717232,0.07023530450326954,31.340821917808217,16.02050228310502,0.05885844748858449,1236.89,5
Good,FILLET,FE410,VAL,04-01-23-0017-00,2_good_weld_2_02-09-23_Fe410,165,21.0,25,239,26.29,175.24933054393307,11.180627508450437,0.06379840353026385,17.565690376569037,1.3708775651707605,0.07804290840736787,0.1789958158995816,20.351087866108784,0.14535564853556482,5.25,5
Good,NON_FILLET,FE410,VAL,08-17-22-0017-00,good_weld_08_17_22_plane_plate,180,24.0,30,242,26.62,175.3829338842975,14.30227901883263,0.08154886397480406,24.818636363636365,1.19747980518146,0.048249218354960745,64.17772727272728,13.189669421487604,0.07388429752066114,2475.41,5
Good,NON_FILLET,FE410,VAL,12-13-22-0305-00,good_weld_22_12-13-22_butt,150,22.0,30,235,25.85,136.7348510638298,14.15337634053082,0.10350964827484851,22.894936170212763,1.381690519794336,0.060349175447449874,32.961191489361696,13.0291914893617,0.09400000000000003,1341.15,5
Good,NON_FILLET,FE410,VAL,12-13-22-0392-00,good_weld_26_12-13-22_butt,155,19.0,30,235,25.85,148.30144680851063,9.381352778202174,0.06325867333118831,19.623404255319148,1.9508164810450157,0.0994127448868218,34.92689361702128,18.941234042553194,0.08451063829787234,1426.23,5
Good,NON_FILLET,FE410,VAL,12-13-22-0391-00,good_weld_26_12-13-22_butt,155,19.0,30,234,25.74,145.37692307692308,16.82057239596688,0.1157031806696489,19.99961538461539,3.2439756415583787,0.16220190134525247,36.038931623931624,18.24482905982906,0.07747863247863249,1443.61,5
Good,NON_FILLET,FE410,VAL,12-13-22-0431-00,good_weld_28_12-13-22_butt,160,22.0,30,235,25.85,147.58268085106383,16.653919690959313,0.1128446752350702,18.198212765957447,2.764209481407169,0.15189455783141778,35.69668085106383,17.378553191489363,0.07365957446808512,1443.77,5
Good,NON_FILLET,FE410,VAL,10-20-22-0087-00,good_weld_11_10-20-22_Plane_Plate,150,21.0,30,234,25.74,135.08423076923077,12.380175297340056,0.09164782022921353,22.046239316239316,1.4403404619549485,0.06533270556008117,18.78508547008547,14.946752136752137,0.19004273504273503,1005.9,5
Good,NON_FILLET,FE410,VAL,12-13-22-0448-00,good_weld_29_12-13-22_butt,165,21.0,30,235,25.85,155.81378723404256,11.405052885544134,0.07319668617266195,19.41944680851064,1.2729601213114152,0.06555079214478633,39.11663829787234,13.512340425531914,0.05229787234042554,1596.72,5
Good,FILLET,FE410,VAL,02-17-23-0095-00,good_weld_5_02-16-23_Fe410,160,19.0,25,280,30.8,129.87860714285713,9.035603404165554,0.06956960505610474,20.234178571428572,1.1473332194201684,0.05670273272374133,43.47239285714286,20.117678571428574,0.5474642857142857,2045.57,5
Good,NON_FILLET,FE410,VAL,09-30-22-0064-00,good_weld_10_09-29-22_butt,160,22.0,30,235,25.85,147.55846808510637,13.214157884003761,0.08955201321541448,23.05927659574468,1.4693256448174707,0.0637195030258936,34.07868085106383,12.678255319148938,0.07272340425531915,1678.53,5
Good,FILLET,FE410,VAL,02-16-23-0081-00,good_weld_5_02-16-23_Fe410,160,19.0,25,281,30.91,133.39167259786475,42.70910567489757,0.3201782003562734,20.22409252669039,2.020429934439614,0.09990213067771457,43.68715302491103,3.9798576512455512,0.14967971530249108,2048.03,5
Undercut,FILLET,FE410,VAL,03-15-23-0065-05,undercut_4_03-15-23_Fe410,300,19.0,30,208,22.88,280.1187980769231,19.903278442289366,0.07105299101284787,17.64423076923077,2.1342231804967007,0.12095869796820537,123.63692307692307,12.741634615384616,0.20682692307692305,4760.49,5
Porosity,NON_FILLET,FE410,VAL,10-27-22-0116-03,porosity_weld_7_10-27-22_plane_plate,160,21.0,30,233,25.63,137.84442060085837,13.759564094874266,0.09981952142057597,19.1774678111588,1.568458783944784,0.08178654238346027,39.067081545064376,2.3824528425432544e-19,0.001072961373390557,1601.97,5
Porosity,NON_FILLET,FE410,VAL,11-25-22-0218-03,porosity_weld_12_11-25-22_plane_plate,160,21.0,30,221,24.31,143.45171945701358,17.388079896428305,0.12121207025084686,14.385656108597285,2.5336861664957757,0.176125867834528,32.563529411764705,-0.0020814479638009047,0.004389140271493212,1281.8,5
Spatter,NON_FILLET,FE410,VAL,09-23-22-0073-09,spatter_weld_5_09-23-22_plane_plate,160,13.0,35,198,21.78,139.15722222222223,19.850223997537082,0.1426460206703319,13.429040404040403,4.903295958561187,0.3651263091803588,36.43494949494949,47.33939393939394,1.043333333333333,1307.87,5
Spatter,NON_FILLET,FE410,VAL,08-30-22-0020-09,spatter_weld_1_08_27_2022_plane_plate_corrected,150,16.0,30,182,20.02,126.69126373626372,63.31438601372282,0.4997533700944519,21.909395604395602,9.670480752022062,0.4413850991892222,36.707692307692305,14.829065934065936,0.17923076923076922,1337.38,5
Porosity,NON_FILLET,FE410,VAL,10-27-22-0120-03,porosity_weld_7_10-27-22_plane_plate,160,21.0,30,234,25.74,133.58247863247865,12.899196894585822,0.09656353907068145,19.483076923076922,1.697708863325919,0.08713761537917304,41.51867521367521,-0.003162393162393162,0.009786324786324787,1615.08,5
Porosity,NON_FILLET,BSK46,VAL,12-22-22-0282-03,porosity_weld_16_12-22-22_plane_plate_BSK46,150,21.0,30,236,25.96,129.18046610169492,12.390827775952426,0.0959187418181165,18.432711864406777,1.2820725647581126,0.06955420201808563,35.12173728813559,-0.004406779661016949,0.009237288135593219,1407.71,5
Porosity,NON_FILLET,FE410,VAL,11-25-22-0189-03,porosity_weld_11_11-25-22_plane_plate,170,24.0,30,222,24.42,141.06815315315316,14.401499787217801,0.10208895108722772,23.24531531531532,1.6208797788831946,0.06972930919182962,43.52662162162162,-0.004414414414414414,0.014954954954954955,1682.95,5
Porosity,NON_FILLET,BSK46,VAL,12-22-22-0318-03,porosity_weld_17_12-22-22_plane_plate_BSK46,160,22.0,30,233,25.63,145.93969957081543,15.033494655178625,0.10301168701449744,20.54364806866953,1.6754536173485497,0.08155579825687002,41.191545064377685,-0.0005579399141630902,0.0072532188841201726,1710.49,5
Undercut,FILLET,FE410,VAL,03-15-23-0089-05,undercut_5_03-15-23_Fe410,310,19.0,30,203,22.330000000000002,294.1524630541872,28.737205208757896,0.0976949331322243,17.499556650246305,1.9597356107021349,0.11198772916767304,128.11600985221676,16.66551724137931,0.21763546798029554,4811.64,5
Overlap,FILLET,FE410,VAL,03-22-23-0066-06,overlap_4_03-22-23_Fe410,225,17.0,30,99,10.89,227.38474747474748,25.69133834596806,0.11298619908013507,15.38828282828283,4.015406564518167,0.2609392230001172,1.5768686868686868,7.764444444444446,0.07181818181818182,36.07,5
Spatter,NON_FILLET,FE410,VAL,12-06-22-0210-09,spatter_weld_12_12-06-22_plane_plate,165,15.0,35,203,22.330000000000002,129.3152709359606,41.7786603980304,0.3230759994209809,16.429310344827588,5.4225780757281585,0.3300551247688458,41.16669950738916,12.838128078817736,0.07330049261083743,1555.57,5
Porosity,NON_FILLET,BSK46,VAL,12-22-22-0315-03,porosity_weld_17_12-22-22_plane_plate_BSK46,160,22.0,30,234,25.74,146.34213675213675,11.192281815551704,0.07648024051000667,20.52051282051282,1.7862747320302843,0.0870482500926916,42.72487179487179,-0.0026495726495726494,0.020170940170940177,1733.28,5
Undercut,FILLET,FE410,VAL,03-15-23-0062-05,undercut_4_03-15-23_Fe410,300,19.0,30,212,23.32,284.0357075471698,21.21197019590097,0.07468064624367096,17.586179245283017,1.4587441933894014,0.08294832965384834,120.86584905660378,12.941650943396226,0.2027358490566038,4711.97,5
Porosity,NON_FILLET,FE410,VAL,11-26-22-0238-03,porosity_weld_13_11-26-22_plane_plate,160,22.0,30,220,24.2,125.39436363636365,8.739725555733385,0.06969791386380077,19.627772727272724,1.2423460804975754,0.06329531617060859,34.911545454545454,-0.006045454545454546,0.028500000000000004,1361.8,5
Overlap,FILLET,FE410,VAL,03-22-23-0046-06,overlap_3_03-22-23_Fe410,235,18.0,30,101,11.11,227.54584158415844,27.901468286358217,0.12261910871282077,17.00019801980198,3.2159340727689116,0.18917038901681987,0.8556435643564355,7.005346534653465,0.03485148514851484,16.56,5
Good,NON_FILLET,BSK46,VAL,04-04-23-0002-00,good_plane_04_04_23,170,23.0,30,196,21.56,158.57729591836735,12.200277816684789,0.07693584220886995,21.15025510204082,1.4929847702949992,0.07058944504886558,0.5485714285714286,19.775510204081627,0.42897959183673473,17.87,5
Undercut,FILLET,FE410,VAL,03-15-23-0079-05,undercut_4_03-15-23_Fe410,300,19.0,30,209,22.99,277.771961722488,21.758044809256294,0.07833060138371335,17.64818181818182,1.714387518309983,0.09714244424565917,124.27023923444976,13.400047846889953,0.19789473684210526,4814.1,5
Porosity,NON_FILLET,FE410,VAL,10-30-22-0147-03,porosity_weld_9_10-30-22_plane_plate,180,21.0,30,230,25.3,160.4187826086957,15.15229984692834,0.09445464926565894,18.163304347826084,2.0209659680672054,0.11126642649188936,36.609869565217394,-0.008,0.014347826086956518,1593.93,5
Overlap,FILLET,FE410,VAL,03-22-23-0041-06,overlap_3_03-22-23_Fe410,235,18.0,30,99,10.89,228.05929292929292,24.806817210339467,0.10877354258057148,16.915959595959595,3.257473642097983,0.19256806707412777,0.9611111111111111,6.650909090909092,0.06838383838383837,20.33,5
Porosity,NON_FILLET,FE410,VAL,10-27-22-0132-03,porosity_weld_8_10-27-22_plane_plate,170,21.0,30,232,25.52,150.14159482758623,15.561520211673669,0.10364563017692467,18.70965517241379,1.5905535158050472,0.0850124441710833,35.44112068965517,-0.005991379310344828,0.007931034482758621,1445.57,5
Porosity,NON_FILLET,FE410,VAL,09-19-22-0044-03,porosity_weld_4_09-19-2022_plane_plate,170,22.0,30,232,25.52,151.39741379310342,11.783942638399523,0.07783450419109018,20.370172413793103,1.859629895104984,0.09129180928511861,38.900258620689655,-0.002456896551724138,0.03517241379310345,1616.89,5
Spatter,NON_FILLET,FE410,VAL,11-14-22-0104-09,spatter_weld_7_11-14-22_plane_plate,150,16.0,30,223,24.53,142.99739910313903,35.96578583685503,0.2515135664174854,14.83273542600897,3.366167007380528,0.2269417548888526,40.88089686098654,10.131614349775784,0.05457399103139014,1608.03,5
Overlap,FILLET,FE410,VAL,03-22-23-0096-06,overlap_5_03-22-23_Fe410,245,18.0,30,100,11.0,242.7796,18.37937243628071,0.07570394067821477,16.3121,2.8481786826111892,0.17460527354609087,0.9918000000000002,7.908100000000001,0.085,19.18,5
Porosity,NON_FILLET,FE410,VAL,11-27-22-0272-03,porosity_weld_15_11-26-22_plane_plate,140,19.0,30,221,24.31,117.65352941176471,22.142879447215165,0.1882041240745048,18.699819004524887,2.2058929265617966,0.11796333034175496,33.52339366515837,-0.0025791855203619912,-0.030090497737556565,1316.23,5
Overlap,FILLET,FE410,VAL,04-01-23-0002-06,15_overlap_3_03-22-23_Fe410,235,18.0,30,104,11.44,242.0625,30.509525418500626,0.1260398674660496,16.40298076923077,3.415340572026098,0.20821463001607013,1.209519230769231,7.044807692307693,0.115,26.89,5
Undercut,FILLET,FE410,VAL,03-15-23-0039-05,undercut_2_03-15-23_Fe410,295,18.0,30,209,22.99,280.3607655502392,18.11169932103917,0.06460140485596458,16.22114832535885,1.7911826298484304,0.1104226774776628,119.4935885167464,12.973923444976078,0.2061722488038278,4551.8,5
Porosity,NON_FILLET,FE410,VAL,10-27-22-0104-03,porosity_weld_7_10-27-22_plane_plate,160,21.0,30,232,25.52,139.47668103448277,16.789917628101296,0.12037795496402966,18.962887931034484,1.93566879958114,0.10207668824605785,42.81948275862069,-0.0024137931034482756,0.001939655172413792,1758.03,5
Good,FILLET,BSK46,VAL,03-20-23-0019-00,good_weld_1_03-19-23_BSK46,230,19.0,30,203,22.330000000000002,206.39019704433494,17.60005923596555,0.08527565498755185,19.323448275862066,1.7897554816769123,0.09262091610805251,97.05108374384238,11.454827586206896,0.31812807881773403,3637.21,5
Spatter,NON_FILLET,FE410,VAL,11-15-22-0154-09,spatter_weld_9_11-15-22_plane_plate,170,15.0,30,223,24.53,145.02910313901347,39.156559528985326,0.26999104787576966,14.753766816143498,3.4285058573449785,0.23238173004019044,41.40071748878923,10.049551569506727,0.05426008968609865,1616.07,5
Undercut,FILLET,FE410,VAL,03-15-23-0085-05,undercut_5_03-15-23_Fe410,310,19.0,30,202,22.22,307.52004950495046,22.786452147933744,0.07409745213235902,17.675049504950493,2.177232770020353,0.1231811412698191,129.46158415841583,16.41183168316832,0.18113861386138616,4820.0,5
Spatter,NON_FILLET,FE410,VAL,11-15-22-0134-09,spatter_weld_8_11-15-22_plane_plate,160,12.0,30,221,24.31,131.89493212669683,29.513652258818514,0.22376638573548846,12.619366515837102,4.808252617452347,0.38102171067129775,36.89031674208144,11.095384615384615,0.07294117647058822,1467.21,5
Porosity,NON_FILLET,FE410,VAL,10-30-22-0163-03,porosity_weld_10_10-30-22_plane_plate,150,20.0,30,231,25.41,130.12987012987014,13.157228645700215,0.1011084436845226,18.001818181818184,1.8012030235417131,0.10005672790101425,36.39142857142856,-0.003982683982683983,0.002857142857142856,1418.85,5
Good,NON_FILLET,BSK46,VAL,12-24-22-0502-00,good_weld_32_12-24-22_butt_BSK46,165,21.0,30,231,25.41,146.55480519480517,9.978535042395789,0.06808739590033921,22.19090909090909,1.22379969427174,0.055148695768083324,49.191904761904766,10.825324675324676,0.09852813852813855,1787.38,5
Spatter,NON_FILLET,FE410,VAL,09-23-22-0027-09,spatter_weld_3_09-23-22_plane_plate,170,13.0,35,196,21.56,145.5009693877551,23.09451324735794,0.15872411946488035,13.487602040816325,4.826821841760722,0.35787101570418095,35.50964285714286,46.861326530612246,0.9772448979591835,1373.61,5
Spatter,NON_FILLET,FE410,VAL,12-06-22-0202-09,spatter_weld_12_12-06-22_plane_plate,165,15.0,35,204,22.44,130.41549019607842,43.680637493937176,0.3349344271011347,16.082549019607843,5.451788098458307,0.3389878116840488,41.61426470588236,13.214705882352941,0.06774509803921569,1570.66,5
Overlap,FILLET,FE410,VAL,03-22-23-0116-06,overlap_6_03-22-23_Fe410,250,18.0,30,100,11.0,231.2218,25.21966878642481,0.10907132799080713,16.377799999999997,2.947509676477635,0.17996981746496082,13.785500000000003,9.974899999999998,0.06000000000000002,538.85,5
Spatter,NON_FILLET,FE410,VAL,08-30-22-0003-09,spatter_weld_1_08_27_2022_plane_plate_corrected,150,16.0,30,183,20.13,116.0504918032787,69.62696389621733,0.5999712953758478,23.135737704918032,9.772692970050128,0.42240680174951667,34.69382513661202,14.334918032786884,0.1574863387978142,1293.12,5
Spatter,NON_FILLET,FE410,VAL,12-06-22-0259-09,spatter_weld_14_12-06-22_plane_plate,165,14.5,35,202,22.22,146.04475247524752,21.377333283097677,0.14637522348994242,12.201980198019802,3.8021828032404845,0.3116037513204227,41.30425742574258,13.106683168316833,0.08861386138613861,1563.93,5
Porosity,NON_FILLET,FE410,VAL,09-19-22-0032-03,porosity_weld_3_09-19-2022_plane_plate,160,22.0,30,231,25.41,138.9722077922078,11.375790612567659,0.08185658696288987,21.28757575757576,1.9119842213559444,0.08981690743604344,35.65995670995671,-0.0071428571428571435,-0.015108225108225109,1433.12,5
Undercut,FILLET,FE410,VAL,03-15-23-0098-05,undercut_5_03-15-23_Fe410,310,19.0,30,203,22.330000000000002,300.2203940886699,22.36325240790719,0.0744894512439492,17.3664039408867,1.1401582200366167,0.0656530980114011,132.53349753694582,16.568916256157635,0.1694088669950739,4934.43,5
Spatter,NON_FILLET,FE410,VAL,11-14-22-0095-09,spatter_weld_6_11-14-22_plane_plate,170,17.0,30,224,24.64,147.96066964285714,23.827184346861955,0.16103728378882895,15.377812500000001,3.1974186814954004,0.20792415575982606,38.30290178571429,10.282901785714285,0.08870535714285717,1569.51,5
Spatter,NON_FILLET,FE410,VAL,09-23-22-0065-09,spatter_weld_5_09-23-22_plane_plate,160,13.0,35,201,22.11,140.05283582089552,18.363869320432183,0.13112101024442335,13.369104477611941,5.050134274851496,0.37774663840113676,34.72786069651741,46.805323383084584,1.0479104477611942,1549.02,5
Overlap,FILLET,FE410,VAL,03-22-23-0040-06,overlap_2_03-22-23_Fe410,240,18.0,30,101,11.11,226.18891089108908,32.20590048115377,0.14238496641712486,16.996435643564357,3.006494165688141,0.17688968609289205,1.0296039603960399,6.936336633663367,0.12198019801980207,21.15,5
Porosity,NON_FILLET,FE410,VAL,10-27-22-0134-03,porosity_weld_8_10-27-22_plane_plate,170,21.0,30,233,25.63,146.18605150214594,12.724434369818521,0.08704273929740644,18.963562231759656,1.7328508792166433,0.09137792035267045,32.476223175965664,-0.004420600858369099,0.001373390557939914,1536.72,5
Spatter,NON_FILLET,FE410,VAL,11-14-22-0087-09,spatter_weld_6_11-14-22_plane_plate,170,17.0,30,223,24.53,149.40775784753365,21.98323114801061,0.14713580783699245,15.47609865470852,3.8240709322301942,0.247095280118723,39.51587443946188,10.268834080717488,0.07237668161434978,1590.82,5
Spatter,NON_FILLET,FE410,VAL,11-15-22-0156-09,spatter_weld_9_11-15-22_plane_plate,170,15.0,30,226,24.86,144.8395575221239,37.81078328000873,0.2610528775899721,14.579646017699115,2.5441357158780447,0.17449914166568684,41.892610619469025,10.118716814159292,0.061504424778761065,1635.9,5
Overlap,FILLET,FE410,VAL,03-22-23-0105-06,overlap_6_03-22-23_Fe410,250,18.0,30,101,11.11,248.6959405940594,29.862335078764946,0.12007568361362415,16.147029702970297,2.722410529128351,0.16860132044146514,23.029009900990097,8.697920792079206,0.07356435643564357,733.93,5
Spatter,NON_FILLET,FE410,VAL,09-23-22-0032-09,spatter_weld_3_09-23-22_plane_plate,170,13.0,35,199,21.89,146.05894472361808,26.733554585949832,0.1830326423112035,13.723366834170857,5.387131807578854,0.39255176026957345,36.547286432160796,46.76185929648241,0.9803015075376884,1378.36,5
Spatter,NON_FILLET,FE410,VAL,11-15-22-0153-09,spatter_weld_9_11-15-22_plane_plate,170,15.0,30,225,24.75,146.23235555555556,37.15576637926014,0.25408717679545406,14.573511111111111,2.858346273745523,0.196132987579518,40.54595555555556,10.0096,0.08831111111111113,1615.74,5
Porosity,NON_FILLET,FE410,VAL,10-27-22-0124-03,porosity_weld_8_10-27-22_plane_plate,170,21.0,30,234,25.74,149.3524358974359,15.966055235781022,0.10690187367781076,18.74568376068376,1.753227239590103,0.09352698263624996,42.50747863247863,-0.007094017094017095,0.007692307692307692,1642.46,5
Good,NON_FILLET,BSK46,VAL,12-25-22-0521-00,good_weld_33_12-25-22_butt_BSK46,150,18.0,30,235,25.85,133.98255319148936,10.728668015414545,0.08007511246692704,18.740638297872337,1.5382871541466094,0.0820829648220282,34.974042553191495,10.804680851063829,0.16940425531914893,1436.89,5
Porosity,NON_FILLET,FE410,VAL,09-19-22-0011-03,porosity_weld_2_09-19-2022_plane_plate,150,22.0,30,231,25.41,126.7038961038961,12.077945242304883,0.09532418192098113,21.474025974025974,1.7858941930830152,0.08316531773050631,29.785541125541137,-0.007835497835497836,-0.01857142857142857,1262.95,5
Spatter,NON_FILLET,FE410,VAL,12-06-22-0198-09,spatter_weld_11_12-06-22_plane_plate,165,14.0,35,204,22.44,127.24122549019607,46.211188971671184,0.36317780494209206,14.779607843137255,4.199457957414959,0.2841386592922985,41.49308823529412,12.912892156862743,0.04401960784313726,1571.31,5
Porosity,NON_FILLET,FE410,VAL,09-19-22-0059-03,porosity_weld_4_09-19-2022_plane_plate,170,22.0,30,232,25.52,148.19452586206899,12.523423620087259,0.08450665466377177,20.810818965517242,1.6631336723505674,0.0799167815118818,38.45646551724138,-0.0034051724137931037,0.01017241379310345,1600.0,5
Spatter,NON_FILLET,FE410,VAL,11-15-22-0160-09,spatter_weld_9_11-15-22_plane_plate,170,15.0,30,224,24.64,150.30808035714284,32.59913954369087,0.21688214942425557,14.225133928571427,1.7775864071536722,0.12496096107632135,42.15040178571428,10.274107142857144,0.0625,1641.15,5
Overlap,FILLET,BSK46,VAL,03-22-23-0019-06,overlap_1_03-22-23_BSK46,240,18.0,30,101,11.11,232.67792079207922,31.123654390730906,0.13376281808252435,16.653564356435645,3.46093761404577,0.2078196318800856,0.49990099009901,10.206732673267329,0.06811881188118812,10.0,5
Undercut,FILLET,FE410,VAL,03-15-23-0078-05,undercut_4_03-15-23_Fe410,300,19.0,30,210,23.1,281.4840952380953,20.80159672263122,0.07389972319763234,17.740571428571428,2.0682948752645975,0.1165855837052453,124.82980952380952,13.181809523809523,0.21047619047619048,4782.62,5
Overlap,FILLET,FE410,VAL,03-22-23-0011-06,overlap_1_03-22-23_Fe410,230,18.0,30,101,11.11,222.36752475247525,22.724885540127175,0.1021951634593361,16.834851485148516,2.131640501520548,0.1266206894311514,0.7887128712871289,6.4209900990099005,0.08623762376237626,14.59,5
Undercut,FILLET,FE410,VAL,03-15-23-0084-05,undercut_5_03-15-23_Fe410,310,19.0,30,200,22.0,300.053,26.958705123012635,0.08984647753234473,17.71275,2.407579308795601,0.13592351886610496,130.4306,16.6855,0.19354999999999997,4827.05,5
Undercut,FILLET,FE410,VAL,03-15-23-0007-05,undercut_1_03-15-23_Fe410,290,18.0,30,210,23.1,271.76785714285717,27.891951226708446,0.10263153089530672,16.61595238095238,2.1032010912552943,0.1265772218790353,109.75857142857143,8.411857142857144,0.13585714285714287,4256.56,5
Undercut,FILLET,FE410,VAL,03-15-23-0005-05,undercut_1_03-15-23_Fe410,290,18.0,30,209,22.99,276.8237799043062,17.877561128230905,0.06458101661067885,16.579904306220094,1.8511241362268906,0.11164866226232835,111.59220095693779,8.526172248803828,0.1729665071770335,4274.75,5
Porosity,NON_FILLET,FE410,VAL,10-27-22-0128-03,porosity_weld_8_10-27-22_plane_plate,170,21.0,30,233,25.63,150.64381974248926,13.454303487339512,0.08931201764757636,18.755708154506436,2.2093509229332433,0.11779618795158114,41.54815450643777,-0.006094420600858369,0.0048068669527897,1641.15,5
Good,NON_FILLET,BSK46,VAL,12-24-22-0506-00,good_weld_32_12-24-22_butt_BSK46,165,21.0,30,235,25.85,146.1296595744681,15.358769144277314,0.10510370850792575,22.050297872340423,1.501663008545782,0.06810171079046722,47.424680851063826,11.30408510638298,0.11021276595744683,1757.71,5
Good,FILLET,BSK46,VAL,04-03-23-0003-00,12_good_weld_1_03-19-23_BSK46,230,19.0,30,196,21.56,211.84576530612247,19.138926501150248,0.09034368222321564,18.22188775510204,2.1776863769990484,0.11950937280849548,0.4919897959183674,8.386785714285715,0.12147959183673471,18.85,5
Spatter,NON_FILLET,FE410,VAL,09-23-22-0039-09,spatter_weld_3_09-23-22_plane_plate,170,13.0,35,201,22.11,142.90328358208956,28.060547574204232,0.1963604115372555,13.789701492537313,4.798000407508086,0.3479408462978448,37.62696517412935,47.036268656716416,1.047313432835821,1516.72,5
Porosity,NON_FILLET,FE410,VAL,10-30-22-0146-03,porosity_weld_9_10-30-22_plane_plate,180,21.0,30,233,25.63,159.476652360515,20.512126689624655,0.12862150280941861,18.213261802575108,2.258897466256609,0.1240248721366994,45.41283261802575,-0.006437768240343348,0.013047210300429189,1727.05,5
Spatter,NON_FILLET,FE410,VAL,12-06-22-0256-09,spatter_weld_14_12-06-22_plane_plate,165,14.5,35,202,22.22,148.90896039603962,21.97337938054611,0.14756250612525607,12.15960396039604,4.006059445413065,0.3294564081577692,42.3140099009901,13.005940594059405,0.062227722772277214,1567.87,5
Spatter,NON_FILLET,FE410,VAL,12-06-22-0215-09,spatter_weld_12_12-06-22_plane_plate,165,15.0,35,203,22.330000000000002,142.2768472906404,40.49465780573157,0.2846187456136828,15.445862068965516,5.186717577467043,0.3357998119048607,41.02133004926108,12.323004926108373,0.06295566502463054,1557.21,5
Undercut,FILLET,FE410,VAL,03-15-23-0035-05,undercut_2_03-15-23_Fe410,295,18.0,30,211,23.21,279.71189573459714,28.02313429002359,0.10018570792789294,16.29881516587678,2.1786594871415215,0.13366980758839242,118.40127962085307,13.187488151658767,0.22753554502369663,4550.82,5
Overlap,FILLET,FE410,VAL,03-22-23-0003-06,overlap_1_03-22-23_Fe410,230,18.0,30,98,10.78,229.86285714285717,16.622580344807712,0.07231520808286554,16.66785714285714,1.8427351085851627,0.11055620964299241,1.131224489795918,6.922040816326531,0.10438775510204082,23.61,5
Porosity,NON_FILLET,FE410,VAL,11-26-22-0228-03,porosity_weld_13_11-26-22_plane_plate,160,22.0,30,220,24.2,125.61918181818183,11.31692224095788,0.09008912553926453,19.854636363636367,1.7146399849891818,0.086359677084267,35.825045454545446,-0.006454545454545455,-0.0027272727272727297,1375.41,5
Porosity,NON_FILLET,BSK46,VAL,12-22-22-0310-03,porosity_weld_17_12-22-22_plane_plate_BSK46,160,22.0,30,234,25.74,146.5887606837607,13.251934596899716,0.09040211906483347,20.697735042735044,1.2927518301295176,0.06245861334394058,42.11628205128205,-0.0037179487179487174,0.04615384615384616,1736.56,5
Porosity,NON_FILLET,FE410,VAL,11-26-22-0222-03,porosity_weld_13_11-26-22_plane_plate,160,22.0,30,222,24.42,130.91833333333332,11.989617469873943,0.09158088989222755,19.26274774774775,1.705824496277087,0.08855561618806623,35.925810810810816,-0.006756756756756757,0.006891891891891895,1372.79,5
Overlap,FILLET,FE410,VAL,03-22-23-0103-06,overlap_6_03-22-23_Fe410,250,18.0,30,102,11.22,251.44656862745097,31.703716666746544,0.1260853024950979,16.262941176470587,3.22535425584748,0.19832539642423105,9.780882352941177,9.038333333333334,0.08107843137254901,191.48,5
Good,NON_FILLET,BSK46,VAL,12-22-22-0490-00,good_weld_31_12-22-22_plane_plate_BSK46,160,22.0,30,236,25.96,132.75495762711864,10.12711891136889,0.07628429922605139,21.0864406779661,1.3935688306745466,0.06608838598971004,34.85237288135594,8.207245762711864,0.07461864406779661,1406.89,5
Porosity,NON_FILLET,FE410,VAL,10-27-22-0121-03,porosity_weld_8_10-27-22_plane_plate,170,21.0,30,232,25.52,151.06706896551722,18.521327615838768,0.12260334262569476,18.576163793103447,1.8145108767856502,0.09767952613872312,33.56206896551724,0.00271551724137931,0.01314655172413793,1445.41,5
Spatter,NON_FILLET,FE410,VAL,11-15-22-0137-09,spatter_weld_8_11-15-22_plane_plate,160,12.0,30,220,24.2,133.70231818181819,29.394163720227525,0.2198478240314068,12.120090909090909,3.077642754317767,0.2539290156651648,38.69722727272727,11.140136363636364,0.06154545454545454,1489.02,5
Overlap,FILLET,FE410,VAL,03-22-23-0124-06,overlap_7_03-22-23_Fe410,255,18.0,30,101,11.11,241.69574257425742,32.35805616369854,0.133879297248097,16.555445544554455,3.1754752478180253,0.19180850429377463,18.07079207920792,9.389108910891089,0.04148514851485148,521.15,5
Porosity,NON_FILLET,FE410,VAL,11-25-22-0203-03,porosity_weld_12_11-25-22_plane_plate,160,21.0,30,220,24.2,136.16331818181817,17.280527943816402,0.1269103028228337,14.972954545454547,1.930947645771329,0.12896236610546055,34.236727272727265,-0.006681818181818182,-0.019818181818181815,1301.8,5
Porosity,NON_FILLET,FE410,VAL,10-27-22-0137-03,porosity_weld_8_10-27-22_plane_plate,170,21.0,30,233,25.63,148.50381974248927,14.938064186492873,0.10059043742037067,18.842703862660947,1.9822014022277448,0.10519729104036454,42.58733905579398,-0.007381974248927039,0.014034334763948494,1700.98,5
Porosity,NON_FILLET,FE410,VAL,10-30-22-0143-03,porosity_weld_9_10-30-22_plane_plate,180,21.0,30,232,25.52,162.31405172413793,18.55514647122845,0.11431632858727468,18.04801724137931,1.7927599558897194,0.09933279273356393,38.94224137931035,-0.007586206896551724,0.0009913793103448255,1580.49,5
Spatter,NON_FILLET,FE410,VAL,11-15-22-0162-09,spatter_weld_10_11-15-22_plane_plate,170,16.0,30,223,24.53,158.37771300448435,20.321422918456673,0.1283098646454207,14.935426008968612,2.534917535600214,0.16972515776101832,41.02224215246636,12.311255605381167,0.08331838565022423,1624.92,5
Porosity,NON_FILLET,FE410,VAL,09-19-22-0022-03,porosity_weld_3_09-19-2022_plane_plate,160,22.0,30,231,25.41,139.53506493506492,11.701360079629906,0.08385963832872646,20.90861471861472,1.5645815619379941,0.07482951802373897,35.78415584415584,-0.0069696969696969695,-0.02337662337662337,1470.33,5
Spatter,NON_FILLET,BSK46,VAL,12-25-22-0285-09,spatter_weld_16_12-25-22_plane_plate_BSK46,160,15.0,30,221,24.31,144.73610859728507,31.23858811654947,0.21583133897476803,14.546244343891404,3.4647320392291587,0.2381873944448176,39.032805429864254,18.606877828054298,0.042488687782805415,1544.43,5
Porosity,NON_FILLET,FE410,VAL,10-27-22-0131-03,porosity_weld_8_10-27-22_plane_plate,170,21.0,30,232,25.52,149.6555603448276,14.006297211947786,0.09359022263974218,18.69969827586207,2.1419171317951435,0.11454287123765904,40.72379310344827,-0.006939655172413793,0.007974137931034483,1532.79,5
Porosity,NON_FILLET,FE410,VAL,11-26-22-0233-03,porosity_weld_13_11-26-22_plane_plate,160,22.0,30,220,24.2,128.02436363636363,12.005687467057541,0.09377658381617203,19.481272727272728,2.0205709709307094,0.10371863272064455,35.37350000000001,-0.004045454545454546,0.003181818181818182,1373.12,5
Porosity,NON_FILLET,FE410,VAL,10-30-22-0162-03,porosity_weld_10_10-30-22_plane_plate,150,20.0,30,232,25.52,130.8050431034483,12.961011965389325,0.09908648518344203,17.987284482758618,2.244074630894044,0.1247589447448313,27.742456896551722,-0.0034913793103448273,-0.0028448275862068893,1099.67,5
Spatter,NON_FILLET,FE410,VAL,08-30-22-0010-09,spatter_weld_1_08_27_2022_plane_plate_corrected,150,16.0,30,184,20.24,116.18565217391304,68.0907942840955,0.5860516596504831,22.509076086956522,9.65084637499437,0.4287535542423621,32.575,14.404510869565218,0.23298913043478264,1227.54,5
Porosity,NON_FILLET,FE410,VAL,11-26-22-0241-03,porosity_weld_14_11-26-22_plane_plate,140,18.0,30,222,24.42,124.99432432432431,14.605942051321271,0.1168528421612413,17.017027027027023,1.8035428154188742,0.10598460075043813,32.52193693693694,-0.00454954954954955,0.006126126126126128,1266.56,5
Overlap,FILLET,FE410,VAL,03-22-23-0042-06,overlap_3_03-22-23_Fe410,235,18.0,30,101,11.11,225.1722772277228,31.15667331026174,0.138368158344609,17.140891089108912,3.2163771852846805,0.18764352264791664,0.8307920792079209,7.01970297029703,0.04247524752475246,15.08,5
Undercut,FILLET,FE410,VAL,03-15-23-0090-05,undercut_5_03-15-23_Fe410,310,19.0,30,202,22.22,306.86871287128713,25.394391736530938,0.08275327744859526,17.451435643564356,1.8488687998668878,0.10594365057574524,131.59381188118812,16.490445544554458,0.18876237623762376,4876.23,5
Spatter,NON_FILLET,FE410,VAL,12-06-22-0223-09,spatter_weld_13_12-06-22_plane_plate,165,13.5,35,204,22.44,148.11843137254903,24.074028613527116,0.16253229520758203,13.472107843137255,4.140343381696961,0.30732706640305496,39.120441176470585,14.057254901960784,0.03833333333333336,1507.54,5
Spatter,NON_FILLET,FE410,VAL,09-23-22-0013-09,spatter_weld_2_09-23-22_plane_plate,170,14.0,35,198,21.78,139.16878787878787,44.71305566326969,0.321286520812508,17.215959595959596,6.802544152192006,0.3951301183227969,35.455,47.23247474747474,1.14010101010101,1348.85,5
Spatter,NON_FILLET,FE410,VAL,12-06-22-0226-09,spatter_weld_13_12-06-22_plane_plate,165,13.5,35,202,22.22,149.87064356435644,26.825694912601303,0.1789923248116433,13.313168316831684,4.1897103120492325,0.3147042245948495,40.72970297029703,13.07089108910891,0.06311881188118813,1560.98,5
Porosity,NON_FILLET,FE410,VAL,09-19-22-0051-03,porosity_weld_4_09-19-2022_plane_plate,170,22.0,30,233,25.63,151.3414592274678,12.765789463252858,0.08435090773154065,20.92369098712446,1.6891785722436328,0.0807304300796203,39.43841201716739,-0.008283261802575107,0.009914163090128755,1600.98,5
Spatter,NON_FILLET,FE410,VAL,11-15-22-0158-09,spatter_weld_9_11-15-22_plane_plate,170,15.0,30,225,24.75,148.60448888888885,36.013599599307014,0.24234530106445357,14.515866666666666,3.1908468815392204,0.2198178692882653,41.33862222222221,10.242888888888887,0.08355555555555555,1631.31,5
Spatter,NON_FILLET,FE410,VAL,12-06-22-0255-09,spatter_weld_14_12-06-22_plane_plate,165,14.5,35,201,22.11,146.2554726368159,24.08773880837505,0.1646963246851633,12.40094527363184,4.36649866620729,0.352110147239484,41.17432835820895,13.204328358208956,0.07935323383084579,1540.82,5
Overlap,FILLET,FE410,VAL,03-22-23-0121-06,overlap_7_03-22-23_Fe410,255,18.0,30,101,11.11,248.37841584158417,33.942529508941234,0.1366565182160989,16.606435643564357,3.0479106234134936,0.1835379179995605,41.39148514851485,9.806633663366338,0.06425742574257425,773.61,5
Undercut,FILLET,FE410,VAL,03-15-23-0074-05,undercut_4_03-15-23_Fe410,300,19.0,30,209,22.99,281.77200956937793,30.458277149303015,0.1080954676649796,17.862296650717703,2.2136468101386013,0.12392845407422218,122.61990430622008,13.17980861244019,0.21047846889952151,4699.67,5
Porosity,NON_FILLET,FE410,VAL,11-25-22-0198-03,porosity_weld_11_11-25-22_plane_plate,170,24.0,30,222,24.42,132.13153153153152,12.989718920892694,0.0983090014194898,23.41783783783784,1.576554697961949,0.06732281216050609,48.75815315315316,-0.002027027027027027,-0.0006306306306306297,1739.02,5
Overlap,FILLET,FE410,VAL,03-22-23-0067-06,overlap_4_03-22-23_Fe410,225,17.0,30,100,11.0,229.8461,25.90313934778383,0.11269775448782395,15.2022,4.20572999704936,0.2766527211225586,1.5048,7.7107,0.055999999999999994,35.9,5
Porosity,NON_FILLET,FE410,VAL,09-19-22-0065-03,porosity_weld_5_09-19-2022_plane_plate,180,22.0,30,231,25.41,155.064632034632,15.011961888950996,0.09681099869116663,20.59008658008658,1.861510371186933,0.09040808856953847,43.259220779220776,-0.0021212121212121214,0.013203463203463203,1770.0,5
Spatter,NON_FILLET,FE410,VAL,09-23-22-0068-09,spatter_weld_5_09-23-22_plane_plate,160,13.0,35,200,22.0,138.4451,28.1528473883256,0.20335026222181646,14.062750000000001,6.129214737959512,0.4358475218545101,27.448150000000002,47.0125,1.0224000000000002,1157.05,5
Porosity,NON_FILLET,BSK46,VAL,12-22-22-0286-03,porosity_weld_16_12-22-22_plane_plate_BSK46,150,21.0,30,234,25.74,127.41213675213676,12.553022126699508,0.09852296999868804,18.563589743589745,1.7425650579481697,0.09387004787422114,34.04923076923077,-0.0070512820512820505,0.008547008547008546,1395.08,5
Porosity,NON_FILLET,FE410,VAL,09-16-22-0011-03,porosity_weld_1_09-16-2022_plane_plate_corrected,180,24.0,30,229,25.19,153.41847161572053,13.960989849078638,0.09099940640816603,23.671703056768557,1.520645113286065,0.06423894003905478,40.85951965065503,-0.00903930131004367,0.003493449781659388,1868.53,5
Undercut,FILLET,FE410,VAL,03-15-23-0055-05,undercut_3_03-15-23_Fe410,300,18.5,30,210,23.1,283.9448095238095,29.675292466594147,0.10451077628910063,17.01142857142857,2.2475806997860124,0.13212180801563728,119.19276190476188,12.766476190476189,0.2456190476190476,4654.59,5
Porosity,NON_FILLET,FE410,VAL,10-30-22-0172-03,porosity_weld_10_10-30-22_plane_plate,150,20.0,30,233,25.63,130.59145922746782,12.861274489029718,0.098484805707145,18.152188841201717,2.2531319042564713,0.12412452977253782,30.17961373390558,-0.0021888412017167383,0.0028326180257510747,1273.44,5
Good,FILLET,BSK46,VAL,03-20-23-0013-00,good_weld_1_03-19-23_BSK46,230,19.0,30,205,22.55,208.84873170731706,19.268368479810235,0.09225992574766095,19.338585365853657,1.8980974604568213,0.09815079151592504,94.96473170731707,10.572195121951218,0.3452682926829269,3659.67,5
Overlap,FILLET,FE410,VAL,03-22-23-0125-06,overlap_7_03-22-23_Fe410,255,18.0,30,101,11.11,251.59613861386137,33.2221730466355,0.13204563960984878,16.299108910891086,2.846975974261076,0.17467065161818282,29.964554455445544,9.34168316831683,0.009801980198019797,531.48,5
Good,NON_FILLET,BSK46,VAL,12-25-22-0526-00,good_weld_33_12-25-22_butt_BSK46,150,18.0,30,235,25.85,140.90723404255317,11.920883941248507,0.08460093636958674,18.28872340425532,1.647148814782576,0.09006362983210332,35.7256170212766,10.891191489361704,0.1285531914893617,1445.41,5
Good,NON_FILLET,BSK46,VAL,12-21-22-0469-00,good_weld_30_12-21-22_plane_plate_BSK46,170,23.0,30,234,25.74,162.97076923076924,11.51746773058461,0.07067198482861481,23.771239316239313,1.4640653327994315,0.0615897771808328,41.87816239316239,16.438846153846153,0.0773931623931624,1701.15,5
Porosity,NON_FILLET,BSK46,VAL,12-22-22-0292-03,porosity_weld_16_12-22-22_plane_plate_BSK46,150,21.0,30,232,25.52,126.4994827586207,10.498448934691899,0.08299203052651573,18.60288793103448,1.8475255067816214,0.09931390833675162,35.25810344827586,-0.0049137931034482765,0.006853448275862068,1416.72,5
Spatter,NON_FILLET,FE410,VAL,11-15-22-0161-09,spatter_weld_10_11-15-22_plane_plate,170,16.0,30,225,24.75,158.2247111111111,22.279070135425453,0.14080651485456203,15.122933333333338,3.6872417972555818,0.2438178966992017,41.682,12.4988,0.0751111111111111,1638.53,5
Spatter,NON_FILLET,FE410,VAL,11-14-22-0102-09,spatter_weld_7_11-14-22_plane_plate,150,16.0,30,222,24.42,136.6186936936937,46.11054740017474,0.3375127235776168,15.14554054054054,3.76424046357028,0.24853787512531628,39.52774774774775,10.592567567567569,0.058873873873873876,1585.57,5
Spatter,NON_FILLET,FE410,VAL,11-14-22-0094-09,spatter_weld_6_11-14-22_plane_plate,170,17.0,30,224,24.64,144.5833035714286,26.27891715416226,0.18175623675094454,15.587053571428571,3.254978701449983,0.2088257852283535,40.73272321428572,10.033125,0.09258928571428572,1631.48,5
Porosity,NON_FILLET,FE410,VAL,10-27-22-0100-03,porosity_weld_6_10-27-22_plane_plate,150,21.0,30,233,25.63,126.84510729613734,13.906125049391004,0.10963075632807219,19.438969957081547,1.764304044665932,0.09076118994788622,39.560472103004294,-0.004463519313304722,-0.0032188841201716708,1594.75,5
Undercut,FILLET,FE410,VAL,03-15-23-0031-05,undercut_2_03-15-23_Fe410,295,18.0,30,210,23.1,285.01500000000004,18.433315020136206,0.0646748943744582,16.186809523809522,1.7884536133715045,0.11048833377206485,117.741,9.437238095238095,0.13842857142857146,4488.69,5
Undercut,FILLET,FE410,VAL,03-15-23-0130-05,undercut_7_03-15-23_Fe410,310,20.5,30,200,22.0,291.009,22.646019606546762,0.07781896644621562,19.49565,2.1218335148696563,0.1088362539781775,136.43560000000002,17.06225,0.23360000000000006,5109.34,5
Good,NON_FILLET,BSK46,VAL,12-21-22-0470-00,good_weld_30_12-21-22_plane_plate_BSK46,170,23.0,30,236,25.96,164.91457627118643,12.223796543928136,0.07412198982233843,23.82233050847458,1.8030489758873023,0.07568734617487924,41.68453389830509,15.681525423728816,0.07686440677966101,1700.82,5
Good,NON_FILLET,BSK46,VAL,12-25-22-0537-00,good_weld_33_12-25-22_butt_BSK46,150,18.0,30,234,25.74,147.89602564102563,8.985605084186231,0.06075623090776057,18.033803418803423,1.6020358761009197,0.08883516354794654,35.7259829059829,11.329957264957265,0.09012820512820512,1444.92,5
Overlap,FILLET,FE410,VAL,03-22-23-0080-06,overlap_4_03-22-23_Fe410,225,17.0,30,100,11.0,222.91930000000005,32.9138764526668,0.14764929036053312,15.515700000000002,3.729779221402258,0.24038742830824633,1.7418999999999998,8.1004,0.050499999999999996,38.03,5
Spatter,NON_FILLET,BSK46,VAL,12-25-22-0295-09,spatter_weld_16_12-25-22_plane_plate_BSK46,160,15.0,30,220,24.2,149.61450000000002,27.122939342218125,0.1812854993481121,14.467863636363637,3.7860253106064836,0.26168516691646576,39.51731818181819,18.446863636363638,0.0829090909090909,1549.67,5
Undercut,FILLET,FE410,VAL,03-15-23-0137-05,undercut_7_03-15-23_Fe410,310,20.5,30,203,22.330000000000002,289.5513793103448,26.855174383298866,0.0927475270442941,19.716896551724137,1.734156205960472,0.08795279730819652,134.8271921182266,16.959310344827585,0.229064039408867,5060.66,5
Porosity,NON_FILLET,FE410,VAL,11-26-22-0263-03,porosity_weld_15_11-26-22_plane_plate,140,19.0,30,220,24.2,119.63368181818183,21.793073563223892,0.18216503272334963,18.554954545454542,2.4114090497529417,0.1299603857204636,34.17813636363637,-0.0049545454545454545,0.02154545454545454,1321.8,5
Good,NON_FILLET,BSK46,VAL,12-24-22-0503-00,good_weld_32_12-24-22_butt_BSK46,165,21.0,30,233,25.63,144.70407725321888,10.582728818817333,0.07313359111712192,22.312789699570814,1.3085901315183592,0.05864753574688735,41.57635193133048,10.559957081545063,0.059785407725321885,1681.8,5
Overlap,FILLET,FE410,VAL,03-22-23-0058-06,overlap_3_03-22-23_Fe410,235,18.0,30,101,11.11,223.45950495049507,28.180785275653257,0.12611137432662078,17.31019801980198,4.620414912147613,0.26691866302523487,1.0620792079207921,7.401683168316831,0.05475247524752475,18.69,5
Spatter,NON_FILLET,FE410,VAL,11-15-22-0140-09,spatter_weld_8_11-15-22_plane_plate,160,12.0,30,223,24.53,134.61434977578475,32.19935898868968,0.239197077000493,12.51865470852018,4.641193926666006,0.3707422270786984,38.453363228699544,11.343049327354258,0.08390134529147983,1486.39,5
Spatter,NON_FILLET,BSK46,VAL,12-25-22-0283-09,spatter_weld_16_12-25-22_plane_plate_BSK46,160,15.0,30,218,23.98,144.4361467889908,34.1289641821174,0.23629101814781153,14.585321100917433,3.428341235807479,0.23505421732483026,38.51669724770642,18.893394495412846,0.0641743119266055,1528.69,5
Undercut,FILLET,FE410,VAL,03-15-23-0080-05,undercut_4_03-15-23_Fe410,300,19.0,30,210,23.1,276.57428571428574,22.447416336965333,0.08116234045038652,17.567904761904764,1.5304520989726995,0.08711637043316732,123.95504761904762,13.312761904761906,0.2096666666666667,4765.9,5
Porosity,NON_FILLET,FE410,VAL,11-25-22-0183-03,porosity_weld_11_11-25-22_plane_plate,170,24.0,30,220,24.2,143.79309090909092,10.43559956820221,0.0725737203521122,22.95031818181818,1.2842731144677226,0.05595883701016207,42.96145454545455,-0.0055000000000000005,0.010181818181818186,1662.46,5
Spatter,NON_FILLET,FE410,VAL,08-30-22-0008-09,spatter_weld_1_08_27_2022_plane_plate_corrected,150,16.0,30,171,18.81,97.99888888888887,63.09453241385402,0.6438290589742358,22.61748538011696,9.353796089639205,0.41356481202203543,30.315146198830412,14.492280701754387,0.18754385964912282,1174.75,5
Porosity,NON_FILLET,FE410,VAL,09-19-22-0003-03,porosity_weld_2_09-19-2022_plane_plate,150,22.0,30,232,25.52,127.09943965517242,10.407104180970428,0.08188158979461639,21.55616379310345,1.7275544932557798,0.08014201923110656,32.4001724137931,-0.006982758620689656,0.008017241379310348,1309.84,5
Porosity,NON_FILLET,BSK46,VAL,12-22-22-0301-03,porosity_weld_17_12-22-22_plane_plate_BSK46,160,22.0,30,234,25.74,142.60666666666668,12.93826822064515,0.09072695213392418,20.778376068376065,1.9109341837258853,0.09196744622570663,42.41880341880342,-0.005,0.012905982905982908,1722.46,5
Good,NON_FILLET,BSK46,VAL,12-24-22-0504-00,good_weld_32_12-24-22_butt_BSK46,165,21.0,30,235,25.85,145.44374468085107,10.565658712881921,0.07264429787658638,22.20795744680851,1.233586286559078,0.055547039367024535,41.20221276595745,10.472936170212765,0.05638297872340425,1676.07,5
Spatter,NON_FILLET,FE410,VAL,09-23-22-0067-09,spatter_weld_5_09-23-22_plane_plate,160,13.0,35,197,21.67,138.42573604060914,21.969595550775708,0.1587103394149959,13.252639593908627,4.7838577568539895,0.36097395714683256,33.884060913705575,47.06162436548223,1.0086802030456852,1474.59,5
Spatter,NON_FILLET,FE410,VAL,11-15-22-0125-09,spatter_weld_8_11-15-22_plane_plate,160,12.0,30,223,24.53,131.5609865470852,28.987491585021807,0.2203350122693652,12.423856502242153,4.010893097400515,0.3228380090092527,36.2929596412556,10.330941704035872,0.11004484304932738,1458.2,5
Undercut,FILLET,FE410,VAL,03-15-23-0127-05,undercut_7_03-15-23_Fe410,310,20.5,30,201,22.11,285.9347263681592,21.653498956283048,0.07572881836116256,20.205273631840797,2.18325011158851,0.10805347907528465,134.99109452736317,16.872388059701493,0.21592039800995025,5016.56,5
Spatter,NON_FILLET,BSK46,VAL,12-25-22-0265-09,spatter_weld_15_12-25-22_plane_plate_BSK46,150,15.0,30,212,23.32,140.71320754716982,37.736393135990966,0.2681794679674329,14.060754716981133,4.63580556824435,0.32969820337209216,37.361650943396235,19.697924528301886,0.07316037735849057,1445.74,5
Undercut,FILLET,FE410,VAL,03-15-23-0064-05,undercut_4_03-15-23_Fe410,300,19.0,30,211,23.21,273.3601895734597,25.849857528613285,0.09456335821594347,17.77919431279621,2.558151828244065,0.14388457560210632,119.71938388625593,12.57042654028436,0.22582938388625595,4691.8,5
Good,NON_FILLET,BSK46,VAL,12-22-22-0495-00,good_weld_31_12-22-22_plane_plate_BSK46,160,22.0,30,236,25.96,132.74961864406782,10.910279023223334,0.08218689541004479,21.050720338983048,1.0038618569503897,0.047687767486577416,34.352754237288146,8.721398305084746,0.06211864406779662,1394.92,5
Good,NON_FILLET,BSK46,VAL,12-24-22-0514-00,good_weld_32_12-24-22_butt_BSK46,165,21.0,30,236,25.96,154.40080508474574,8.58294993355119,0.055588764118427225,22.031059322033897,1.333294169021515,0.0605188406754481,41.49347457627119,11.46228813559322,0.07889830508474577,1675.08,5
Porosity,NON_FILLET,FE410,VAL,10-27-22-0129-03,porosity_weld_8_10-27-22_plane_plate,170,21.0,30,231,25.41,149.87411255411254,14.118612598588276,0.09420314394516068,18.8204329004329,1.977137320899958,0.10505270156960529,41.05965367965367,-0.005714285714285715,0.004502164502164502,1607.54,5
Spatter,NON_FILLET,FE410,VAL,11-14-22-0108-09,spatter_weld_7_11-14-22_plane_plate,150,16.0,30,224,24.64,138.66808035714286,40.874167194354904,0.294762623734911,15.214464285714286,4.214441611574833,0.27700230073378324,40.36,10.479285714285712,0.0914732142857143,1604.92,5
Porosity,NON_FILLET,FE410,VAL,10-27-22-0097-03,porosity_weld_6_10-27-22_plane_plate,150,21.0,30,231,25.41,128.22588744588745,10.751064131977131,0.0838447239175021,19.62168831168831,1.7427729548031277,0.08881870546098661,38.82961038961039,-0.009047619047619049,0.01285714285714286,1578.03,5
Overlap,FILLET,FE410,VAL,03-22-23-0049-06,overlap_3_03-22-23_Fe410,235,18.0,30,101,11.11,223.03198019801982,26.51003213954302,0.11886202201139938,16.94930693069307,2.9188950845913397,0.17221324131581964,1.0873267326732674,7.226930693069308,0.05435643564356435,17.87,5
Porosity,NON_FILLET,FE410,VAL,09-16-22-0009-03,porosity_weld_1_09-16-2022_plane_plate_corrected,180,24.0,30,228,25.080000000000002,156.122149122807,11.646700700676762,0.07459992554621682,23.205964912280702,1.6936825968437927,0.07298479521303974,41.828640350877194,-0.006973684210526316,0.00631578947368421,1700.49,5
Spatter,NON_FILLET,FE410,VAL,09-23-22-0053-09,spatter_weld_4_09-23-22_plane_plate,160,14.0,35,197,21.67,134.36659898477157,35.68242559057809,0.26556023491092573,15.997157360406092,5.972654611030374,0.3733572456949787,25.22736040609137,47.47908629441624,1.0214720812182738,1100.98,5
Spatter,NON_FILLET,FE410,VAL,09-23-22-0057-09,spatter_weld_4_09-23-22_plane_plate,160,14.0,35,200,22.0,134.92655,34.617710786503345,0.25656707880326995,15.114299999999998,4.785512108510803,0.3166214848528085,28.718200000000003,47.1008,1.0214499999999997,1171.31,5
Spatter,NON_FILLET,FE410,VAL,12-06-22-0188-09,spatter_weld_11_12-06-22_plane_plate,165,14.0,35,203,22.330000000000002,125.58610837438424,52.61992231920612,0.41899476781572914,15.317733990147783,4.954321224968722,0.3234369540661362,40.52536945812808,12.252955665024631,0.08852216748768471,1530.82,5
Porosity,NON_FILLET,FE410,VAL,10-27-22-0117-03,porosity_weld_7_10-27-22_plane_plate,160,21.0,30,233,25.63,136.95605150214593,13.731918796181484,0.10026514816664617,19.12459227467811,1.5781820432040745,0.08252108178503048,37.05652360515022,0.00111587982832618,0.005879828326180258,1546.39,5
Porosity,NON_FILLET,FE410,VAL,09-19-22-0069-03,porosity_weld_5_09-19-2022_plane_plate,180,22.0,30,231,25.41,158.3551082251082,16.8726630423419,0.1065495343437657,20.31056277056277,1.747802131423332,0.08605385046033875,41.254329004329,-0.006060606060606062,-0.03316017316017316,1750.66,5
Overlap,FILLET,FE410,VAL,03-22-23-0118-06,overlap_6_03-22-23_Fe410,250,18.0,30,100,11.0,248.3536,22.263193546953026,0.08964312797138042,16.4306,2.615045365309417,0.15915702197785941,41.8382,9.6586,0.0646,897.38,5
Porosity,NON_FILLET,FE410,VAL,11-26-22-0240-03,porosity_weld_13_11-26-22_plane_plate,160,22.0,30,218,23.98,124.36142201834863,14.103739488298793,0.11340928126584052,19.830366972477062,1.5414177007888152,0.07773016520209523,35.56821100917431,-0.005412844036697248,0.04155963302752295,1385.74,5
Porosity,NON_FILLET,FE410,VAL,09-19-22-0055-03,porosity_weld_4_09-19-2022_plane_plate,170,22.0,30,229,25.19,146.38554585152835,10.36253627948881,0.07078934070443689,21.000480349344976,1.5034286066421823,0.07159020087314696,38.912227074235815,-0.0025327510917030572,-0.017685589519650654,1600.0,5
Undercut,FILLET,FE410,VAL,03-15-23-0047-05,undercut_3_03-15-23_Fe410,300,18.5,30,208,22.88,284.83360576923076,16.376844793479755,0.05749618184712413,16.735865384615387,1.6709221675481227,0.09984079873659445,118.77490384615385,12.620432692307693,0.210625,4600.66,5
Spatter,NON_FILLET,FE410,VAL,09-23-22-0062-09,spatter_weld_5_09-23-22_plane_plate,160,13.0,35,202,22.22,141.16935643564355,21.24580295881657,0.15049868820859952,13.3159900990099,4.406969859573022,0.3309532244170637,35.297871287128714,46.72509900990099,1.0224257425742573,1303.77,5
Spatter,NON_FILLET,FE410,VAL,08-30-22-0019-09,spatter_weld_1_08_27_2022_plane_plate_corrected,150,16.0,30,183,20.13,121.93770491803278,64.36277857684695,0.5278332786410239,22.015081967213117,10.069884209252356,0.45740843591903735,32.94633879781421,14.612459016393442,0.22142076502732239,1208.2,5
Spatter,NON_FILLET,BSK46,VAL,12-25-22-0281-09,spatter_weld_16_12-25-22_plane_plate_BSK46,160,15.0,30,220,24.2,139.70122727272727,31.462506480127075,0.22521281376222557,14.870090909090909,4.285864095130188,0.28822043666928776,35.90809090909091,18.800045454545455,0.06513636363636365,1433.44,5
Porosity,NON_FILLET,FE410,VAL,11-27-22-0276-03,porosity_weld_15_11-26-22_plane_plate,140,19.0,30,222,24.42,112.12909909909908,25.617858362049084,0.22846753044370902,18.940360360360362,2.6345342871704656,0.13909631269129352,32.68617117117116,-0.003333333333333333,0.026081081081081085,1315.08,5
Overlap,FILLET,FE410,VAL,03-22-23-0031-06,overlap_2_03-22-23_Fe410,240,18.0,30,100,11.0,234.09709999999995,22.985855742876385,0.09818940833900287,16.4108,2.340002020201148,0.142589149840419,1.1327,6.906200000000001,0.04,24.59,5
Spatter,NON_FILLET,FE410,VAL,09-23-22-0028-09,spatter_weld_3_09-23-22_plane_plate,170,13.0,35,196,21.56,143.3515306122449,29.70210745702738,0.20719770015828676,14.220867346938775,5.46136047319808,0.3840384935714704,36.71494897959183,46.77076530612245,1.0283163265306123,1389.84,5
Undercut,FILLET,FE410,VAL,03-15-23-0070-05,undercut_4_03-15-23_Fe410,300,19.0,30,211,23.21,277.38905213270147,20.075000872967607,0.0723712804042599,17.67729857819905,2.3046152041063097,0.13037145884657578,122.13033175355449,13.603080568720378,0.19772511848341234,4711.8,5
Overlap,FILLET,BSK46,VAL,03-22-23-0010-06,overlap_1_03-22-23_BSK46,240,18.0,30,100,11.0,237.0941,24.936191705181763,0.10517423970137495,16.449200000000005,2.799697920212901,0.1702026797785242,19.2135,10.341800000000001,0.09650000000000002,693.44,5
Good,NON_FILLET,BSK46,VAL,12-21-22-0471-00,good_weld_30_12-21-22_plane_plate_BSK46,170,23.0,30,236,25.96,165.24983050847453,10.869250633454568,0.06577465525991665,23.75665254237288,1.6449697087147999,0.06924248716357645,42.49843220338983,15.339322033898306,0.06389830508474577,1710.98,5
Undercut,FILLET,FE410,VAL,03-15-23-0017-05,undercut_1_03-15-23_Fe410,290,18.0,30,211,23.21,276.79635071090047,27.9007665443466,0.10079889591278432,16.444170616113745,2.0297245061218336,0.12343124828277408,112.50853080568722,8.545071090047394,0.1490047393364929,4327.21,5
Porosity,NON_FILLET,FE410,VAL,11-26-22-0255-03,porosity_weld_14_11-26-22_plane_plate,140,18.0,30,220,24.2,122.10454545454546,14.638744153309474,0.11988697143759387,17.021772727272726,1.7287224525568767,0.10155948385957901,33.00377272727273,-0.0030909090909090908,-0.0029090909090909098,1281.97,5
Overlap,FILLET,FE410,VAL,03-22-23-0097-06,overlap_5_03-22-23_Fe410,245,18.0,30,100,11.0,245.0679,24.38283741060337,0.09949421123942943,16.3662,2.961246932280284,0.18093674354952793,1.2494,7.767800000000001,0.11600000000000003,25.08,5
Porosity,NON_FILLET,BSK46,VAL,12-22-22-0283-03,porosity_weld_16_12-22-22_plane_plate_BSK46,150,21.0,30,236,25.96,128.6702966101695,11.82931225483064,0.09193506633990076,18.705720338983056,2.071854937769301,0.1107605000087336,35.2725,-0.006271186440677966,0.0057203389830508475,1410.82,5
Undercut,FILLET,BSK46,VAL,03-20-23-0013-05,undercut_1_03-20-23_BSK46,280,18.0,35,175,19.25,247.8008571428571,13.400487246980465,0.05407764687131445,16.560514285714284,1.572481116079595,0.0949536402644256,119.12800000000001,12.453142857142856,0.2959428571428571,4143.44,5
Good,NON_FILLET,BSK46,VAL,12-22-22-0481-00,good_weld_31_12-22-22_plane_plate_BSK46,160,22.0,30,234,25.74,134.45478632478634,15.035163396723165,0.11182319207591852,21.362649572649577,2.426811218888745,0.1136006659958403,32.98,8.203504273504274,0.06769230769230769,1364.75,5
Undercut,FILLET,BSK46,VAL,04-03-23-0003-05,13_undercut_1_03-20-23_BSK46,280,18.0,35,169,18.59,260.39153846153846,24.050827304847935,0.09236408927473809,16.497810650887576,2.107648331136631,0.127753213789203,3.5222485207100593,8.925562130177516,0.07911242603550295,111.64,5
Spatter,NON_FILLET,FE410,VAL,09-23-22-0044-09,spatter_weld_4_09-23-22_plane_plate,160,14.0,35,199,21.89,138.81497487437187,27.367586166857603,0.19715154068662535,14.623015075376884,4.892921289188681,0.33460413355024693,33.45964824120603,47.21025125628141,1.0446231155778893,1255.9,5
Porosity,NON_FILLET,FE410,VAL,10-27-22-0088-03,porosity_weld_6_10-27-22_plane_plate,150,21.0,30,231,25.41,129.38541125541127,10.825267370115228,0.08366683125306744,19.325064935064937,1.5532624488139601,0.08037553581491967,36.089783549783554,-0.005454545454545455,0.011861471861471861,1413.93,5
Porosity,NON_FILLET,FE410,VAL,09-19-22-0035-03,porosity_weld_3_09-19-2022_plane_plate,160,22.0,30,232,25.52,139.4844396551724,12.71571658104658,0.09116225876149228,20.86883620689655,1.5300932062488632,0.07331952731236692,32.766982758620685,-0.008060344827586207,0.005948275862068965,1370.33,5
Porosity,NON_FILLET,FE410,VAL,11-25-22-0181-03,porosity_weld_11_11-25-22_plane_plate,170,24.0,30,217,23.87,145.16778801843316,12.407793760794517,0.08547208668095843,22.709723502304147,1.291667353781427,0.05687728226415321,43.00331797235022,-0.004331797235023042,0.009262672811059908,1659.67,5
Undercut,FILLET,FE410,VAL,03-15-23-0037-05,undercut_2_03-15-23_Fe410,295,18.0,30,210,23.1,278.15757142857143,27.685528102650036,0.09953181558374172,16.31214285714286,2.2300965882426076,0.1367138951499606,115.54014285714285,12.83047619047619,0.22595238095238096,4460.98,5
Undercut,FILLET,FE410,VAL,03-15-23-0131-05,undercut_7_03-15-23_Fe410,310,20.5,30,202,22.22,290.4768316831683,27.24730660588329,0.09380199600773233,19.68910891089109,1.9526104985950687,0.09917211121296488,135.52029702970296,16.977128712871288,0.21628712871287134,5049.51,5
Porosity,NON_FILLET,FE410,VAL,10-27-22-0111-03,porosity_weld_7_10-27-22_plane_plate,160,21.0,30,233,25.63,140.09751072961373,16.30033833954745,0.11634994979323281,19.05081545064378,2.2090247351376364,0.11595434016253554,42.30334763948498,-0.0029613733905579395,-0.0036480686695278975,1599.34,5
Spatter,NON_FILLET,FE410,VAL,11-15-22-0127-09,spatter_weld_8_11-15-22_plane_plate,160,12.0,30,223,24.53,130.31188340807174,32.85889174496099,0.2521557580597876,12.503318385650223,3.9568314425611586,0.3164625038343681,36.732466367713,11.025650224215248,0.045739910313901365,1469.67,5
Spatter,NON_FILLET,FE410,VAL,09-23-22-0052-09,spatter_weld_4_09-23-22_plane_plate,160,14.0,35,201,22.11,143.29601990049753,24.032535781302855,0.16771251426236866,14.12900497512438,4.3195666455068285,0.305723343796105,35.08169154228856,47.17303482587065,1.0243283582089553,1479.02,5
Undercut,FILLET,BSK46,VAL,04-03-23-0004-05,13_undercut_1_03-20-23_BSK46,280,18.0,35,169,18.59,262.11514792899413,25.47469092075012,0.09718893059797942,16.516804733727813,2.211574092721405,0.13389842214489003,2.567455621301775,16.75639053254438,0.14846153846153848,115.9,5
Overlap,FILLET,FE410,VAL,03-22-23-0022-06,overlap_2_03-22-23_Fe410,240,18.0,30,101,11.11,231.4231683168317,31.94338137801611,0.13803017913177895,16.979207920792078,3.6530649277471965,0.2151493134891054,1.1804950495049507,6.692376237623763,0.05712871287128713,22.46,5
Porosity,NON_FILLET,FE410,VAL,10-27-22-0090-03,porosity_weld_6_10-27-22_plane_plate,150,21.0,30,234,25.74,127.70858974358973,12.079029683235243,0.09458275052200664,19.606923076923074,1.6567349665599054,0.08449744817481569,38.99726495726496,-0.005256410256410256,-0.0016666666666666663,1568.36,5
Porosity,NON_FILLET,FE410,VAL,09-19-22-0066-03,porosity_weld_5_09-19-2022_plane_plate,180,22.0,30,229,25.19,154.8913973799127,15.175012869273775,0.09797195406567988,20.52812227074236,1.6727969179921225,0.08148806285981017,42.320174672489074,-0.0024890829694323145,0.015982532751091703,1757.87,5
Spatter,NON_FILLET,FE410,VAL,09-23-22-0035-09,spatter_weld_3_09-23-22_plane_plate,170,13.0,35,198,21.78,146.68166666666664,25.510730314271928,0.1739190104257878,13.491060606060609,4.769593985674926,0.3535373626245719,37.17454545454545,46.967727272727274,1.0489898989898991,1381.64,5
Overlap,FILLET,FE410,VAL,03-22-23-0079-06,overlap_4_03-22-23_Fe410,225,17.0,30,101,11.11,215.8574257425743,26.846341711803692,0.12437071191528018,15.86188118811881,4.431242875959585,0.279364271072637,1.301188118811881,7.847623762376238,0.0631683168316832,30.66,5
Spatter,NON_FILLET,FE410,VAL,12-06-22-0189-09,spatter_weld_11_12-06-22_plane_plate,165,14.0,35,202,22.22,125.9209900990099,53.14114885380621,0.422019782500297,15.388514851485148,5.39184078372978,0.3503808415410154,40.254257425742566,12.861633663366337,0.02896039603960396,1519.34,5
Porosity,NON_FILLET,BSK46,VAL,12-22-22-0285-03,porosity_weld_16_12-22-22_plane_plate_BSK46,150,21.0,30,234,25.74,127.86380341880341,9.957185236422722,0.07787336971206064,18.340641025641027,1.425161994927618,0.07770513543856938,34.31846153846154,-0.005384615384615384,0.008376068376068376,1398.85,5
Spatter,NON_FILLET,FE410,VAL,11-15-22-0121-09,spatter_weld_8_11-15-22_plane_plate,160,12.0,30,221,24.31,126.26285067873305,33.84797938806502,0.26807552028259546,12.847918552036198,4.168411536639661,0.3244425561819141,36.41642533936651,10.060588235294118,0.08040723981900452,1462.62,5
Spatter,NON_FILLET,FE410,VAL,11-15-22-0166-09,spatter_weld_10_11-15-22_plane_plate,170,16.0,30,224,24.64,157.4310714285714,22.07376391908306,0.14021224475435412,15.168482142857142,3.816048530263984,0.2515774811430929,41.54142857142857,12.49450892857143,0.052187500000000005,1637.05,5
Spatter,NON_FILLET,FE410,VAL,12-06-22-0220-09,spatter_weld_12_12-06-22_plane_plate,165,15.0,35,204,22.44,147.81127450980392,35.68133281798923,0.24139791052016524,14.869264705882353,4.0004929435826515,0.26904443647438986,40.36289215686275,12.934803921568626,0.07387254901960785,1527.87,5
Overlap,FILLET,FE410,VAL,03-22-23-0126-06,overlap_7_03-22-23_Fe410,255,18.0,30,101,11.11,241.4586138613862,24.28094491693859,0.10055944796766504,16.510990099009902,2.703569309246758,0.1637436212507256,21.794752475247524,9.498910891089109,0.023168316831683168,776.89,5
Spatter,NON_FILLET,FE410,VAL,09-23-22-0042-09,spatter_weld_4_09-23-22_plane_plate,160,14.0,35,198,21.78,134.5662626262626,35.60067221420498,0.26455867555065005,15.151666666666666,5.433097549719825,0.35858085247298377,34.51040404040404,47.3189898989899,1.0078787878787876,1291.48,5
Porosity,NON_FILLET,FE410,VAL,11-25-22-0201-03,porosity_weld_12_11-25-22_plane_plate,160,21.0,30,220,24.2,138.84054545454543,15.7104567065834,0.1131546743435029,14.685181818181817,1.7162695724535852,0.11687084257470078,33.47836363636363,-0.006136363636363637,-0.030409090909090913,1300.16,5
Spatter,NON_FILLET,FE410,VAL,09-23-22-0023-09,spatter_weld_3_09-23-22_plane_plate,170,13.0,35,198,21.78,147.38479797979798,29.194200204723852,0.19808148876199225,13.941464646464645,5.613984386027542,0.40268253934504417,37.782929292929296,46.61323232323233,1.002727272727273,1406.72,5
Undercut,FILLET,FE410,VAL,03-15-23-0016-05,undercut_1_03-15-23_Fe410,290,18.0,30,209,22.99,276.07674641148327,22.077341585404998,0.0799681315879442,16.29239234449761,1.676956096375776,0.10292878178459348,112.30622009569377,8.442392344497607,0.14665071770334928,4327.38,5
Spatter,NON_FILLET,FE410,VAL,12-06-22-0213-09,spatter_weld_12_12-06-22_plane_plate,165,15.0,35,200,22.0,145.1651,35.75934551903528,0.24633569307660919,14.86105,3.6325573307666503,0.24443476946559295,41.24230000000001,12.66835,0.06285000000000002,1549.34,5
Porosity,NON_FILLET,FE410,VAL,11-26-22-0260-03,porosity_weld_14_11-26-22_plane_plate,140,18.0,30,220,24.2,121.975,14.392725283833164,0.11799733784655186,17.023545454545456,1.8403849043333205,0.10810820279755058,34.13118181818182,-0.0008636363636363634,0.01563636363636364,1307.71,5
Spatter,NON_FILLET,FE410,VAL,12-06-22-0208-09,spatter_weld_12_12-06-22_plane_plate,165,15.0,35,203,22.330000000000002,135.5166502463054,40.754338839786804,0.3007330742437525,15.490492610837437,4.327493129496132,0.2793644616871988,40.084975369458135,13.16871921182266,0.05699507389162561,1520.66,5
Spatter,NON_FILLET,FE410,VAL,12-06-22-0183-09,spatter_weld_11_12-06-22_plane_plate,165,14.0,35,200,22.0,133.0029,50.06335546477044,0.37640799910957157,15.019749999999998,5.159189141764673,0.34349367611076576,39.01905,12.670499999999999,0.05319999999999998,1475.08,5
Overlap,FILLET,FE410,VAL,03-22-23-0036-06,overlap_2_03-22-23_Fe410,240,18.0,30,100,11.0,229.4668,29.160012777982818,0.12707726249715784,17.2592,3.3355010163846495,0.19325930613149217,1.0934,6.6918,0.08700000000000002,21.64,5
Porosity,NON_FILLET,FE410,VAL,09-19-22-0030-03,porosity_weld_3_09-19-2022_plane_plate,160,22.0,30,232,25.52,136.13370689655173,11.809001154939178,0.08674560785972618,21.011206896551727,1.6972394980433565,0.08077782044599735,35.652931034482755,-0.00793103448275862,0.039137931034482765,1483.61,5
Spatter,NON_FILLET,FE410,VAL,11-14-22-0083-09,spatter_weld_6_11-14-22_plane_plate,170,17.0,30,222,24.42,147.15472972972972,20.27944974730134,0.13781038356393566,15.728063063063063,4.3164668742558465,0.2744436398142982,40.3154054054054,10.448243243243242,0.03423423423423424,1591.15,5
Porosity,NON_FILLET,FE410,VAL,10-30-22-0156-03,porosity_weld_9_10-30-22_plane_plate,180,21.0,30,230,25.3,162.74826086956523,12.232407045020045,0.07516152233923852,18.200086956521734,1.500351339145988,0.08243649289864294,47.94630434782609,-0.007956521739130435,0.007956521739130433,1912.62,5
Spatter,NON_FILLET,FE410,VAL,09-23-22-0080-09,spatter_weld_5_09-23-22_plane_plate,160,13.0,35,198,21.78,136.3042424242424,26.011730176663985,0.19083580755838356,14.096818181818183,6.01491213545395,0.4266857994389027,32.44136363636364,47.41974747474747,1.0175757575757574,1409.67,5
Overlap,FILLET,FE410,VAL,03-22-23-0030-06,overlap_2_03-22-23_Fe410,240,18.0,30,101,11.11,231.88267326732674,22.89139077867874,0.0987197122412347,17.04980198019802,2.763680147990364,0.16209455987818258,0.8927722772277225,6.79019801980198,0.10792079207920799,17.54,5
Undercut,FILLET,FE410,VAL,03-15-23-0122-05,undercut_7_03-15-23_Fe410,310,20.5,30,202,22.22,286.7960891089109,19.191499881807392,0.06691688140321682,20.03980198019802,2.048173062979898,0.10220525457306236,134.41554455445547,17.31148514851485,0.2105940594059406,5050.16,5
Spatter,NON_FILLET,FE410,VAL,09-23-22-0077-09,spatter_weld_5_09-23-22_plane_plate,160,13.0,35,198,21.78,135.6338383838384,22.3170463725844,0.16453892803231035,13.933434343434342,5.535315628749686,0.39726857659884945,25.513838383838383,47.19,1.0778787878787877,1119.67,5
Porosity,NON_FILLET,FE410,VAL,10-27-22-0130-03,porosity_weld_8_10-27-22_plane_plate,170,21.0,30,233,25.63,149.83515021459226,15.44055461469033,0.1030502828780599,18.72442060085837,2.2269140805905363,0.11893100075355334,42.16935622317596,-0.006180257510729614,0.0029613733905579404,1681.8,5
Spatter,NON_FILLET,FE410,VAL,09-23-22-0074-09,spatter_weld_5_09-23-22_plane_plate,160,13.0,35,198,21.78,139.95510101010103,19.05540822121255,0.136153724184996,13.526060606060605,5.032623886614767,0.3720687074520282,32.58111111111111,47.427777777777784,1.0509595959595959,1146.23,5
Porosity,NON_FILLET,FE410,VAL,09-19-22-0036-03,porosity_weld_3_09-19-2022_plane_plate,160,22.0,30,231,25.41,139.2914285714286,12.563717434597034,0.09019734784437482,20.970043290043296,1.9356056231971965,0.09230336802004761,35.35965367965368,-0.007316017316017317,0.0033333333333333344,1429.18,5
Spatter,NON_FILLET,FE410,VAL,09-23-22-0021-09,spatter_weld_3_09-23-22_plane_plate,170,13.0,35,198,21.78,143.38686868686867,26.420356524393657,0.18425924749142128,13.459696969696969,4.6136548500315016,0.34277553650863307,36.79287878787879,47.086565656565654,1.073131313131313,1407.54,5
Spatter,NON_FILLET,BSK46,VAL,12-25-22-0270-09,spatter_weld_15_12-25-22_plane_plate_BSK46,150,15.0,30,210,23.1,132.6667142857143,46.632979870907505,0.35150474723054925,14.272047619047619,4.0077059860285225,0.2808080587315164,37.53819047619047,19.499142857142857,0.054809523809523815,1457.87,5
Porosity,NON_FILLET,FE410,VAL,10-30-22-0176-03,porosity_weld_10_10-30-22_plane_plate,150,20.0,30,232,25.52,130.97362068965518,13.4657212965856,0.10281246884434017,18.201249999999998,1.875307463968398,0.10303179528704887,31.412758620689655,-0.004051724137931034,0.0034482758620689676,1241.64,5
Undercut,FILLET,FE410,VAL,03-15-23-0025-05,undercut_2_03-15-23_Fe410,295,18.0,30,211,23.21,276.9699052132701,24.151703222804,0.08719973819612965,16.419763033175357,2.045553933769599,0.12457877313068731,118.5363981042654,9.217156398104263,0.11796208530805688,4525.57,5
Good,NON_FILLET,BSK46,VAL,12-24-22-0515-00,good_weld_32_12-24-22_butt_BSK46,165,21.0,30,231,25.41,152.79926406926407,16.63821870363424,0.10888939030551953,22.240173160173157,2.4947842923862895,0.11217467932551231,40.69822510822511,11.72,0.07389610389610392,1658.53,5
Spatter,NON_FILLET,FE410,VAL,09-23-22-0041-09,spatter_weld_4_09-23-22_plane_plate,160,14.0,35,197,21.67,135.69492385786802,30.165059741418652,0.2223005760555544,15.220152284263959,6.007444826549647,0.39470333242070876,33.188781725888326,47.47888324873096,1.0064467005076143,1270.82,5
Undercut,FILLET,BSK46,VAL,03-20-23-0014-05,undercut_1_03-20-23_BSK46,280,18.0,35,177,19.47,246.0723163841808,22.113646875325763,0.08986645552115174,16.729096045197743,2.3184929168525907,0.1385904480785223,113.21118644067795,12.253333333333334,0.3038418079096045,4020.98,5
Undercut,FILLET,BSK46,VAL,03-20-23-0001-05,undercut_1_03-20-23_BSK46,280,18.0,35,178,19.580000000000002,246.4080337078652,23.114338863216553,0.09380513498443925,16.57101123595506,2.1424420012421805,0.129288549186039,119.46994382022473,13.252303370786516,0.3130337078651686,4084.43,5
Undercut,FILLET,FE410,VAL,03-15-23-0004-05,undercut_1_03-15-23_Fe410,290,18.0,30,210,23.1,273.0607619047619,20.34707696558692,0.07451483260961372,16.683142857142858,2.139384302738803,0.12823628743446439,110.84652380952379,8.903142857142857,0.1642380952380952,4285.25,5
Undercut,FILLET,FE410,VAL,03-15-23-0113-05,undercut_6_03-15-23_Fe410,310,20.0,30,203,22.330000000000002,293.68379310344824,27.710865794231204,0.09435612875127307,19.073448275862066,1.6957777884955718,0.08890777189154736,133.43049261083743,16.384778325123154,0.21901477832512314,4955.57,5
Spatter,NON_FILLET,FE410,VAL,11-15-22-0165-09,spatter_weld_10_11-15-22_plane_plate,170,16.0,30,225,24.75,155.06342222222224,24.521918026176902,0.15814121521859878,15.251333333333335,4.016563029684529,0.26335815642465327,42.48413333333333,12.403955555555553,0.0664,1644.92,5
Spatter,NON_FILLET,FE410,VAL,12-06-22-0212-09,spatter_weld_12_12-06-22_plane_plate,165,15.0,35,203,22.330000000000002,135.74783251231528,45.31227402654779,0.33379740352345577,15.290049261083745,4.175992381913424,0.2731183079012156,41.266945812807876,12.760443349753695,0.07315270935960591,1568.85,5
Porosity,NON_FILLET,FE410,VAL,10-30-22-0145-03,porosity_weld_9_10-30-22_plane_plate,180,21.0,30,234,25.74,159.7501282051282,16.32136974288378,0.10216811670990472,18.235598290598286,1.5321159402101372,0.0840178597814391,32.339786324786324,-0.007478632478632479,-0.003504273504273502,1472.13,5
Porosity,NON_FILLET,FE410,VAL,10-30-22-0149-03,porosity_weld_9_10-30-22_plane_plate,180,21.0,30,234,25.74,156.81726495726497,18.392486365883105,0.11728610603491478,18.386752136752136,2.0738553713772476,0.11279073954730412,40.6932905982906,-0.007905982905982906,0.03303418803418804,1747.05,5
Spatter,NON_FILLET,BSK46,VAL,12-25-22-0292-09,spatter_weld_16_12-25-22_plane_plate_BSK46,160,15.0,30,222,24.42,147.10049549549552,29.890024822945016,0.20319458967329107,14.38626126126126,3.3234160292354904,0.23101318465449044,39.34117117117117,18.22247747747748,0.04270270270270272,1536.89,5
Porosity,NON_FILLET,FE410,VAL,10-27-22-0103-03,porosity_weld_7_10-27-22_plane_plate,160,21.0,30,232,25.52,137.84047413793104,12.821020862813391,0.09301347041206451,19.114310344827587,1.8586005647027286,0.09723607763884998,43.29590517241379,-0.0028879310344827585,0.00793103448275862,1759.34,5
Overlap,FILLET,FE410,VAL,04-01-23-0005-06,17_overlap_6_03-22-23_Fe410,250,18.0,30,100,11.0,254.2866,29.173781996854643,0.1147279565531752,16.402,2.416423185226671,0.1473249106954439,1.2639,11.658199999999997,0.11919999999999996,30.33,5
Spatter,NON_FILLET,FE410,VAL,09-23-22-0012-09,spatter_weld_2_09-23-22_plane_plate,170,14.0,35,199,21.89,145.48608040201006,35.19250332982531,0.2418960166675786,15.243015075376883,5.053997413266744,0.33156153085689866,32.18613065326633,47.71482412060301,1.1232160804020102,1325.08,5
Good,NON_FILLET,BSK46,VAL,04-04-23-0001-00,good_plane_04_04_23,170,23.0,30,194,21.34,169.0982474226804,14.9406084324651,0.08835460248809877,20.831134020618556,2.0295921519332234,0.09743070876143098,0.6601546391752577,19.021907216494846,0.44793814432989687,24.26,5
Porosity,NON_FILLET,FE410,VAL,10-27-22-0119-03,porosity_weld_7_10-27-22_plane_plate,160,21.0,30,233,25.63,138.41768240343347,13.370442238014306,0.09659490034694188,19.032188841201716,1.2261690123893645,0.06442606379224759,41.462660944206014,-0.00240343347639485,0.008669527896995707,1630.66,5
Good,NON_FILLET,BSK46,VAL,12-24-22-0517-00,good_weld_32_12-24-22_butt_BSK46,165,21.0,30,236,25.96,153.08889830508474,13.233047109505055,0.08644027918427791,21.978177966101697,1.3669392996926952,0.06219529670753464,41.40156779661017,12.08177966101695,0.08453389830508476,1682.79,5
Porosity,NON_FILLET,FE410,VAL,11-26-22-0252-03,porosity_weld_14_11-26-22_plane_plate,140,18.0,30,223,24.53,121.91825112107622,15.508131871210418,0.12720106898358796,17.063946188340807,2.090169534218683,0.12249039648559265,33.63071748878924,-0.002645739910313901,0.00964125560538116,1292.79,5
Porosity,NON_FILLET,FE410,VAL,10-27-22-0140-03,porosity_weld_8_10-27-22_plane_plate,170,21.0,30,233,25.63,150.87094420600857,15.70951647013115,0.10412552630863368,18.596051502145922,1.962704379190793,0.10554414623794214,38.99952789699571,-0.0018884120171673818,0.0017596566523605146,1552.13,5
Overlap,FILLET,BSK46,VAL,03-22-23-0008-06,overlap_1_03-22-23_BSK46,240,18.0,30,102,11.22,229.15078431372547,30.615690233729374,0.1336049986711548,16.72431372549019,3.11460644170984,0.18623224204188088,2.5020588235294117,10.44823529411765,0.039117647058823514,197.7,5
Good,NON_FILLET,BSK46,VAL,12-22-22-0483-00,good_weld_31_12-22-22_plane_plate_BSK46,160,22.0,30,236,25.96,139.0980508474576,9.336227062315144,0.06711975477322649,20.998305084745763,1.4730834964041553,0.07015249518754149,34.60258474576271,8.013559322033897,0.0716949152542373,1404.59,5
Porosity,NON_FILLET,FE410,VAL,11-26-22-0232-03,porosity_weld_13_11-26-22_plane_plate,160,22.0,30,220,24.2,127.46745454545454,13.130457947503828,0.10301027814767842,19.562090909090912,1.8713744102874288,0.09566331221872412,35.02840909090909,-0.0074090909090909094,0.0020909090909090903,1370.66,5
Spatter,NON_FILLET,FE410,VAL,09-23-22-0049-09,spatter_weld_4_09-23-22_plane_plate,160,14.0,35,197,21.67,138.05101522842642,23.66802130803338,0.17144402211654175,14.499035532994924,4.859590201056087,0.33516644538164597,33.9836040609137,47.3945685279188,1.0192893401015228,1278.2,5
Porosity,NON_FILLET,FE410,VAL,09-16-22-0017-03,porosity_weld_1_09-16-2022_plane_plate_corrected,180,24.0,30,230,25.3,155.32221739130438,11.384377514540821,0.07329522914201049,23.529739130434784,1.6397054591557798,0.0696865124626429,41.23282608695652,-0.00782608695652174,0.010260869565217393,1681.64,5
Spatter,NON_FILLET,FE410,VAL,12-06-22-0227-09,spatter_weld_13_12-06-22_plane_plate,165,13.5,35,202,22.22,148.70148514851485,28.915733133693536,0.19445490476987567,13.379851485148516,4.276833635761725,0.31964731749892455,40.652772277227726,13.135346534653463,0.02435643564356434,1548.53,5
Spatter,NON_FILLET,FE410,VAL,11-14-22-0086-09,spatter_weld_6_11-14-22_plane_plate,170,17.0,30,224,24.64,150.64566964285717,22.534568452364933,0.14958656631676637,15.356785714285715,3.37962430960234,0.22007367768754044,40.18611607142857,10.419062499999999,0.05107142857142858,1598.85,5
Undercut,FILLET,FE410,VAL,03-15-23-0057-05,undercut_3_03-15-23_Fe410,300,18.5,30,211,23.21,280.21246445497627,31.084187950857054,0.11093078250932542,16.95,2.20991079328685,0.1303782178930295,118.8458767772512,12.614028436018957,0.20734597156398105,4648.69,5
Undercut,FILLET,FE410,VAL,03-15-23-0081-05,undercut_5_03-15-23_Fe410,310,19.0,30,202,22.22,299.37544554455445,28.47646351249768,0.0951195695448566,17.7249504950495,1.9332552516891899,0.10906971233737095,130.00504950495048,17.8569801980198,0.18376237623762376,4852.62,5
Porosity,NON_FILLET,FE410,VAL,10-30-22-0148-03,porosity_weld_9_10-30-22_plane_plate,180,21.0,30,232,25.52,158.80780172413796,17.64522220248969,0.11111055005434099,18.389956896551727,1.6960533505261617,0.09222715203014892,40.60327586206896,-0.005948275862068966,0.029612068965517244,1610.82,5
Spatter,NON_FILLET,FE410,VAL,09-23-22-0031-09,spatter_weld_3_09-23-22_plane_plate,170,13.0,35,200,22.0,145.96365,27.11345482116206,0.18575484253211028,13.930250000000001,5.223538379634784,0.3749780786155872,37.9608,46.9193,0.99635,1386.89,5
Porosity,NON_FILLET,FE410,VAL,11-25-22-0196-03,porosity_weld_11_11-25-22_plane_plate,170,24.0,30,220,24.2,140.54486363636363,13.220659820903098,0.09406718594220098,22.94431818181818,1.5401799659526132,0.06712685701739883,42.04449999999999,-0.0022727272727272726,9.090909090908986e-05,1622.13,5
Overlap,FILLET,FE410,VAL,03-22-23-0113-06,overlap_6_03-22-23_Fe410,250,18.0,30,100,11.0,242.40109999999996,24.748786395916607,0.10209849046030159,16.576700000000002,3.2453173896548178,0.19577584137100976,21.5424,9.0463,0.07690000000000001,650.98,5
Porosity,NON_FILLET,FE410,VAL,09-19-22-0063-03,porosity_weld_5_09-19-2022_plane_plate,180,22.0,30,232,25.52,155.62525862068964,16.37101146487419,0.10519507957751109,20.3885775862069,1.7182212067037361,0.08427371646887873,42.91797413793104,-0.001724137931034483,0.02586206896551724,1685.25,5
Porosity,NON_FILLET,FE410,VAL,09-19-22-0057-03,porosity_weld_4_09-19-2022_plane_plate,170,22.0,30,233,25.63,146.61896995708156,14.823779206697633,0.10110410140677474,20.715107296137344,1.8217881779070952,0.08794490667430896,36.95472103004292,-0.002446351931330472,0.017210300429184547,1583.44,5
Undercut,FILLET,FE410,VAL,03-15-23-0102-05,undercut_6_03-15-23_Fe410,310,20.0,30,202,22.22,288.83772277227723,20.027831847700774,0.06933939118295478,19.081633663366336,1.8751723780013794,0.0982710605958969,131.02252475247522,16.856287128712868,0.21886138613861383,4913.28,5
Spatter,NON_FILLET,FE410,VAL,11-14-22-0118-09,spatter_weld_7_11-14-22_plane_plate,150,16.0,30,225,24.75,140.43386666666666,39.98636165574815,0.28473446330905094,14.887422222222222,3.7946503137928604,0.2548896818502699,43.08546666666666,10.644266666666667,0.06991111111111112,1648.85,5
Porosity,NON_FILLET,FE410,VAL,11-25-22-0192-03,porosity_weld_11_11-25-22_plane_plate,170,24.0,30,221,24.31,141.27547511312216,10.38393336648522,0.07350131619214582,23.038914027149325,1.8239828290740263,0.07916965300207396,42.227013574660624,-0.0042533936651583705,0.011674208144796375,1648.2,5
Spatter,NON_FILLET,FE410,VAL,12-06-22-0235-09,spatter_weld_13_12-06-22_plane_plate,165,13.5,35,201,22.11,147.49825870646768,29.468716012964265,0.19979026377259926,13.528656716417906,4.346530534410999,0.3212832305173507,42.03149253731343,13.351592039800995,0.06855721393034826,1587.21,5
Undercut,FILLET,FE410,VAL,03-15-23-0021-05,undercut_2_03-15-23_Fe410,295,18.0,30,209,22.99,278.6106220095694,21.053626425605074,0.0755664887208857,16.54885167464115,2.4970990133956463,0.15089258532796623,115.20224880382776,9.140191387559808,0.13727272727272732,4448.85,5
Porosity,NON_FILLET,FE410,VAL,10-27-22-0084-03,porosity_weld_6_10-27-22_plane_plate,150,21.0,30,232,25.52,126.07538793103447,13.098495496217971,0.10389415183384632,19.716120689655174,1.785306682544743,0.09055060631077762,38.40120689655173,-0.008793103448275863,0.0077155172413793105,1570.16,5
Undercut,FILLET,FE410,VAL,03-15-23-0051-05,undercut_3_03-15-23_Fe410,300,18.5,30,210,23.1,283.3125714285714,26.00009210615159,0.09177175575036817,16.98219047619048,1.9538099112469598,0.1150505238995086,119.77357142857142,12.499714285714285,0.229,4623.94,5
Overlap,FILLET,BSK46,VAL,03-22-23-0018-06,overlap_1_03-22-23_BSK46,240,18.0,30,100,11.0,250.49629999999996,29.860761512240593,0.11920639750862826,16.0378,2.7879961233542594,0.17383906292348447,1.5427999999999997,10.1609,0.06979999999999997,34.1,5
Porosity,NON_FILLET,FE410,VAL,10-30-22-0160-03,porosity_weld_9_10-30-22_plane_plate,180,21.0,30,233,25.63,155.3206008583691,19.91102840698139,0.12819309413525573,18.65815450643777,1.9954390952673584,0.10694729184383461,39.50201716738197,-0.004763948497854077,0.011158798283261802,1543.12,5
Porosity,NON_FILLET,FE410,VAL,09-19-22-0013-03,porosity_weld_2_09-19-2022_plane_plate,150,22.0,30,231,25.41,124.52917748917751,9.77267280063958,0.0784769722058824,21.546277056277056,1.7270985952425204,0.08015763422755053,31.780649350649355,-0.00748917748917749,0.03523809523809525,1301.15,5
Porosity,NON_FILLET,FE410,VAL,10-30-22-0171-03,porosity_weld_10_10-30-22_plane_plate,150,20.0,30,231,25.41,132.0347619047619,12.569116492402554,0.09519550996326856,18.117922077922078,1.9162179718499877,0.10576367221410174,30.543636363636367,-0.004372294372294372,0.0067099567099567076,1183.44,5
Spatter,NON_FILLET,FE410,VAL,11-15-22-0138-09,spatter_weld_8_11-15-22_plane_plate,160,12.0,30,221,24.31,131.06778280542986,30.45479966752327,0.2323591581062558,12.580497737556561,4.112929748338473,0.32692901617557973,36.055837104072396,11.21950226244344,0.03552036199095023,1448.69,5
Porosity,NON_FILLET,FE410,VAL,09-19-22-0020-03,porosity_weld_2_09-19-2022_plane_plate,150,22.0,30,230,25.3,124.87908695652175,8.319389702029808,0.06661955900531455,21.52908695652174,1.4387402123104371,0.06682773938421034,29.24386956521739,-0.006913043478260871,-0.005652173913043479,1063.28,5
Undercut,FILLET,FE410,VAL,03-15-23-0045-05,undercut_3_03-15-23_Fe410,300,18.5,30,209,22.99,284.507033492823,22.668939330905975,0.07967795752746416,16.96444976076555,1.3728335410231334,0.08092414197825311,123.14105263157896,12.811866028708135,0.22377990430622008,4674.26,5
Overlap,FILLET,FE410,VAL,03-22-23-0094-06,overlap_5_03-22-23_Fe410,245,18.0,30,99,10.89,242.52767676767678,19.694846566607463,0.08120659394050783,16.334848484848486,2.542363260078438,0.15564045558406167,0.9874747474747476,8.108888888888888,0.014545454545454537,19.34,5
Spatter,NON_FILLET,BSK46,VAL,12-25-22-0278-09,spatter_weld_15_12-25-22_plane_plate_BSK46,150,15.0,30,217,23.87,136.0484792626728,28.11762393797513,0.20667356291199407,14.589861751152073,3.295993004878223,0.2259098174537506,35.16285714285714,18.695806451612903,0.05013824884792628,1369.84,5
Spatter,NON_FILLET,FE410,VAL,12-06-22-0182-09,spatter_weld_11_12-06-22_plane_plate,165,14.0,35,201,22.11,131.23721393034825,48.83592314269287,0.3721194749578549,14.892885572139303,4.946970753081202,0.3321700639623319,39.19820895522388,13.104477611940299,0.06084577114427861,1489.51,5
Overlap,FILLET,FE410,VAL,03-22-23-0136-06,overlap_7_03-22-23_Fe410,255,18.0,30,102,11.22,245.57470588235296,33.431282104938255,0.13613487588153367,16.53235294117647,3.446031201616726,0.2084416667051569,17.238627450980395,9.632058823529412,0.05058823529411766,739.18,5
Spatter,NON_FILLET,FE410,VAL,11-15-22-0149-09,spatter_weld_9_11-15-22_plane_plate,170,15.0,30,223,24.53,147.81130044843047,36.70489918221943,0.2483226862280757,14.669730941704037,3.6991948136890382,0.2521651438863636,41.830358744394616,9.334304932735426,0.09874439461883408,1639.84,5
Porosity,NON_FILLET,FE410,VAL,11-25-22-0200-03,porosity_weld_11_11-25-22_plane_plate,170,24.0,30,221,24.31,142.13800904977376,14.807883300333016,0.1041796166931507,23.127239819004526,1.8022771155724995,0.07792875975158524,42.741312217194576,-0.0020814479638009047,0.0020814479638009043,1664.92,5
Porosity,NON_FILLET,FE410,VAL,09-19-22-0047-03,porosity_weld_4_09-19-2022_plane_plate,170,22.0,30,232,25.52,148.98650862068968,13.562471341280036,0.09103154014978121,20.83564655172414,1.8477845667905775,0.08868381224472606,39.97081896551724,-0.004612068965517241,0.017327586206896554,1563.28,5
Undercut,FILLET,FE410,VAL,03-15-23-0087-05,undercut_5_03-15-23_Fe410,310,19.0,30,202,22.22,295.98628712871283,26.428361001970597,0.08928913990693745,17.553366336633665,1.4896350197264658,0.08486321034715805,131.86712871287128,16.61227722772277,0.20470297029702966,4860.82,5
Porosity,NON_FILLET,FE410,VAL,09-19-22-0034-03,porosity_weld_3_09-19-2022_plane_plate,160,22.0,30,232,25.52,139.87021551724138,11.924648213607238,0.08525509286955608,21.04137931034483,1.3733057387332281,0.0652669066261285,35.491810344827584,-0.004956896551724138,0.014482758620689656,1499.67,5
Porosity,NON_FILLET,FE410,VAL,10-30-22-0155-03,porosity_weld_9_10-30-22_plane_plate,180,21.0,30,232,25.52,159.82030172413795,14.631287663648994,0.09154836717117275,18.305043103448277,2.151758768774941,0.11755005200559161,45.56047413793104,-0.006336206896551725,-0.002715517241379311,1881.48,5
Overlap,FILLET,BSK46,VAL,03-22-23-0015-06,overlap_1_03-22-23_BSK46,240,18.0,30,99,10.89,228.08454545454543,24.608755380411107,0.10789312941553658,16.45353535353535,1.7806455565965873,0.10822267180493718,0.5299999999999999,10.586060606060606,0.03686868686868686,18.36,5
Spatter,NON_FILLET,BSK46,VAL,12-25-22-0269-09,spatter_weld_15_12-25-22_plane_plate_BSK46,150,15.0,30,211,23.21,142.8403317535545,34.6212878413582,0.24237753732671988,13.715497630331754,3.739277382920786,0.27263155036033054,37.591658767772515,19.682180094786734,0.06682464454976303,1447.87,5
Undercut,FILLET,FE410,VAL,03-15-23-0116-05,undercut_6_03-15-23_Fe410,310,20.0,30,202,22.22,289.3773267326733,22.676140238181407,0.07836184159351786,19.01782178217822,1.4667614876361896,0.07712563007666344,133.61910891089107,17.385049504950494,0.19455445544554453,5033.12,5
Good,NON_FILLET,BSK46,VAL,12-25-22-0527-00,good_weld_33_12-25-22_butt_BSK46,150,18.0,30,235,25.85,139.26689361702125,9.541440078451764,0.0685119042339694,18.300978723404253,1.5383367015181297,0.08405761925458248,36.30859574468085,10.916170212765959,0.12608510638297876,1461.31,5
Porosity,NON_FILLET,FE410,VAL,11-27-22-0273-03,porosity_weld_15_11-26-22_plane_plate,140,19.0,30,220,24.2,114.1876818181818,26.329505483108793,0.23058096165777853,18.66954545454545,2.3014122669747774,0.12327093193447061,35.21709090909091,-0.004636363636363636,-0.027363636363636364,1344.26,5
Porosity,NON_FILLET,FE410,VAL,09-16-22-0008-03,porosity_weld_1_09-16-2022_plane_plate_corrected,180,24.0,30,228,25.080000000000002,155.61324561403507,15.553986499528465,0.0999528442334964,23.108991228070177,1.5059287648679252,0.06516635667932982,43.88087719298246,-0.0078070175438596495,0.0081140350877193,1730.98,5
Spatter,NON_FILLET,FE410,VAL,09-23-22-0015-09,spatter_weld_2_09-23-22_plane_plate,170,14.0,35,197,21.67,139.82137055837563,42.48629683827897,0.30386125288723925,16.424111675126902,6.22282154716598,0.3788832948932015,33.37680203045686,47.449847715736034,1.1130964467005076,1315.57,5
Good,NON_FILLET,BSK46,VAL,12-22-22-0496-00,good_weld_31_12-22-22_plane_plate_BSK46,160,22.0,30,235,25.85,132.22497872340426,9.629713159473308,0.0728282451050137,21.09697872340426,1.110152747813109,0.0526214090826922,34.81685106382979,8.625489361702128,0.06374468085106383,1408.2,5
Spatter,NON_FILLET,FE410,VAL,11-15-22-0141-09,spatter_weld_9_11-15-22_plane_plate,170,15.0,30,225,24.75,146.6412,36.82384199372156,0.2511152526965243,14.734,3.8834633383102766,0.2635715581858475,41.94297777777778,9.616444444444445,0.07253333333333334,1639.67,5
Spatter,NON_FILLET,FE410,VAL,12-06-22-0207-09,spatter_weld_12_12-06-22_plane_plate,165,15.0,35,202,22.22,130.20831683168316,42.35407240035063,0.3252793172582103,16.329900990099006,5.2461644828572656,0.32126125480112044,41.721039603960406,13.271534653465348,0.05381188118811882,1538.03,5
Spatter,NON_FILLET,FE410,VAL,11-15-22-0157-09,spatter_weld_9_11-15-22_plane_plate,170,15.0,30,223,24.53,148.9652466367713,37.35417032095378,0.2507576173927073,14.639013452914796,3.587676594491907,0.24507639165927259,41.87434977578475,10.00170403587444,0.05739910313901345,1637.05,5
Good,NON_FILLET,BSK46,VAL,12-25-22-0522-00,good_weld_33_12-25-22_butt_BSK46,150,18.0,30,234,25.74,142.3538034188034,11.735652534373276,0.08244003498696209,18.210470085470085,1.0933400577742949,0.06003909029490995,34.943846153846145,10.671410256410256,0.15038461538461542,1435.9,5
Porosity,NON_FILLET,BSK46,VAL,12-22-22-0289-03,porosity_weld_16_12-22-22_plane_plate_BSK46,150,21.0,30,236,25.96,125.47317796610169,12.985507718553743,0.10349229954199421,18.815381355932203,1.83773596334459,0.09767200188930425,33.96444915254238,-0.008559322033898307,0.01186440677966102,1391.48,5
Overlap,FILLET,FE410,VAL,03-22-23-0052-06,overlap_3_03-22-23_Fe410,235,18.0,30,99,10.89,227.82737373737373,21.82981422162662,0.09581734566624453,16.833737373737375,3.1390862396754184,0.186475894804725,0.7891919191919191,6.892020202020201,0.10121212121212121,14.26,5
Overlap,FILLET,FE410,VAL,04-01-23-0001-06,14_overlap_2_03-22-23_Fe410,240,18.0,30,102,11.22,242.8704901960784,22.55708798957015,0.09287702252899876,16.496372549019608,2.664353167361095,0.16151145710633455,0.8539215686274509,7.350294117647058,0.08627450980392165,19.67,5
Good,FILLET,BSK46,VAL,03-20-23-0014-00,good_weld_1_03-19-23_BSK46,230,19.0,30,203,22.330000000000002,208.71182266009853,11.142506300714583,0.053387039405337934,19.211133004926108,1.643163513989786,0.08553183789672618,94.31837438423646,10.639458128078818,0.3209852216748768,3608.36,5
Undercut,FILLET,BSK46,VAL,04-03-23-0001-05,13_undercut_1_03-20-23_BSK46,280,18.0,35,171,18.81,274.35327485380117,21.907432792666224,0.07985118021405202,16.37485380116959,2.2065832935652687,0.13475438134340237,4.722163742690059,8.89812865497076,0.10438596491228071,138.52,5
Overlap,FILLET,FE410,VAL,03-22-23-0083-06,overlap_5_03-22-23_Fe410,245,18.0,30,100,11.0,237.6291,21.58596275524228,0.09083888612649832,16.441599999999998,3.109819482240282,0.1891433608797369,0.926,8.790500000000002,0.0642,15.74,5
Spatter,NON_FILLET,FE410,VAL,09-23-22-0017-09,spatter_weld_2_09-23-22_plane_plate,170,14.0,35,194,21.34,145.98896907216496,33.48635584752729,0.2293759320334291,14.869587628865979,5.464086310382304,0.3674672389552352,36.72422680412371,47.743247422680405,1.1157216494845361,1477.87,5
Spatter,NON_FILLET,FE410,VAL,12-06-22-0192-09,spatter_weld_11_12-06-22_plane_plate,165,14.0,35,199,21.89,130.91562814070352,41.62180504294281,0.31792846762503524,14.873969849246231,4.6915627922292344,0.31542102342415257,41.55020100502514,12.5678391959799,0.08412060301507537,1538.03,5
Spatter,NON_FILLET,FE410,VAL,12-06-22-0200-09,spatter_weld_11_12-06-22_plane_plate,165,14.0,35,201,22.11,122.25457711442787,43.42200466290419,0.35517692415116736,15.86532338308458,5.278169949887981,0.33268593538506147,38.230845771144274,12.792537313432835,0.0865174129353234,1496.07,5
Spatter,NON_FILLET,FE410,VAL,09-23-22-0004-09,spatter_weld_2_09-23-22_plane_plate,170,14.0,35,199,21.89,147.60050251256283,28.946658357213465,0.19611490384153474,15.17708542713568,4.828270237110215,0.31812894908514977,37.37090452261307,46.32170854271357,1.1269849246231158,1416.72,5
Porosity,NON_FILLET,FE410,VAL,09-19-22-0079-03,porosity_weld_5_09-19-2022_plane_plate,180,22.0,30,231,25.41,159.9192640692641,13.615664663859048,0.08514086619334268,20.12904761904762,1.877472156310864,0.09327178274118934,30.952857142857138,-0.004112554112554113,0.011125541125541127,1650.33,5
Overlap,FILLET,FE410,VAL,03-22-23-0108-06,overlap_6_03-22-23_Fe410,250,18.0,30,101,11.11,243.01495049504948,29.875184806918348,0.12293558378222884,16.5019801980198,2.656008667079978,0.16095090620692254,11.127227722772277,9.127821782178218,0.05633663366336635,316.39,5
Good,NON_FILLET,BSK46,VAL,12-24-22-0509-00,good_weld_32_12-24-22_butt_BSK46,165,21.0,30,235,25.85,146.7,11.942535486493387,0.08140787652688063,22.103702127659574,1.669974511229991,0.07555180130392096,47.52506382978723,11.517744680851065,0.06617021276595746,1774.59,5
Overlap,FILLET,FE410,VAL,03-22-23-0107-06,overlap_6_03-22-23_Fe410,250,18.0,30,101,11.11,243.21158415841583,28.44955998720097,0.11697452687397634,16.547326732673266,3.2077674139778614,0.19385411709095066,12.465247524752472,8.815841584158415,0.06891089108910893,522.95,5
Spatter,NON_FILLET,FE410,VAL,12-06-22-0193-09,spatter_weld_11_12-06-22_plane_plate,165,14.0,35,201,22.11,122.84378109452736,46.5767786201648,0.3791545506428553,15.840398009950249,5.707639252860679,0.3603217071487338,40.55179104477612,12.801144278606964,0.046716417910447755,1511.48,5
Spatter,NON_FILLET,FE410,VAL,12-06-22-0205-09,spatter_weld_12_12-06-22_plane_plate,165,15.0,35,200,22.0,133.04365,44.97568316946727,0.3380520841803969,15.53255,4.113661391964426,0.26484134234008105,41.15585,13.0484,0.06755,1527.38,5
Good,NON_FILLET,BSK46,VAL,12-22-22-0494-00,good_weld_31_12-22-22_plane_plate_BSK46,160,22.0,30,235,25.85,133.68012765957448,8.219756504433716,0.061488245473297905,21.05761702127659,1.3386025139328435,0.06356856583441142,34.139531914893624,8.506936170212766,0.06472340425531915,1399.51,5
Good,FILLET,BSK46,VAL,04-03-23-0001-00,12_good_weld_1_03-19-23_BSK46,230,19.0,30,193,21.23,217.77647668393783,19.535191536171904,0.08970294603729682,18.202694300518136,2.3398755742423774,0.1285455623003993,26.635492227979277,9.226113989637305,0.10932642487046633,569.34,5
Undercut,FILLET,FE410,VAL,03-15-23-0126-05,undercut_7_03-15-23_Fe410,310,20.5,30,203,22.330000000000002,293.1670443349754,20.32926462348523,0.06934362172119463,19.775024630541875,1.08115787509294,0.054672896509222406,132.97916256157635,16.67226600985222,0.22275862068965516,4997.21,5
Spatter,NON_FILLET,FE410,VAL,12-06-22-0204-09,spatter_weld_12_12-06-22_plane_plate,165,15.0,35,200,22.0,130.12654999999998,40.43191483573243,0.31071226306800903,16.2329,5.257956745322121,0.32390741921173183,43.38085,12.981699999999998,0.053599999999999995,1569.02,5
Good,FILLET,BSK46,VAL,03-20-23-0012-00,good_weld_1_03-19-23_BSK46,230,19.0,30,203,22.330000000000002,211.10472906403942,11.712716804865675,0.055482967419988864,19.31655172413793,1.6263470977046564,0.08419448361854232,95.54477832512315,10.383497536945814,0.3326108374384236,3639.51,5
Overlap,FILLET,FE410,VAL,03-22-23-0053-06,overlap_3_03-22-23_Fe410,235,18.0,30,100,11.0,228.3299,19.400260411404354,0.08496592172730927,16.7851,2.4959229361160777,0.14869872304103507,0.8613000000000003,7.0053,0.03739999999999999,14.43,5
Spatter,NON_FILLET,BSK46,VAL,12-25-22-0276-09,spatter_weld_15_12-25-22_plane_plate_BSK46,150,15.0,30,218,23.98,136.29224770642202,28.214339149344102,0.20701352882607613,14.647018348623854,3.654078563349072,0.24947593266942192,34.39353211009174,18.560366972477063,0.08876146788990827,1362.95,5
Spatter,NON_FILLET,FE410,VAL,09-23-22-0040-09,spatter_weld_3_09-23-22_plane_plate,170,13.0,35,196,21.56,146.6430612244898,23.40205489150366,0.1595851497922457,13.593316326530612,4.912653961513901,0.36140216585158697,31.44811224489796,47.389795918367355,1.0032142857142858,1282.46,5
Undercut,FILLET,FE410,VAL,03-15-23-0077-05,undercut_4_03-15-23_Fe410,300,19.0,30,210,23.1,276.432380952381,22.252875026286393,0.08050024729237396,17.804809523809524,2.2759376241031704,0.1278271256460041,122.65971428571429,13.170476190476188,0.20309523809523808,4748.53,5
Overlap,FILLET,FE410,VAL,03-22-23-0057-06,overlap_3_03-22-23_Fe410,235,18.0,30,100,11.0,229.4626,25.23602209845156,0.10997880307488697,16.5868,2.633056709674829,0.15874410432843158,1.2756,7.256699999999999,0.028199999999999992,21.15,5
Porosity,NON_FILLET,FE410,VAL,11-26-22-0244-03,porosity_weld_14_11-26-22_plane_plate,140,18.0,30,219,24.09,127.47433789954339,13.628697659851756,0.10691326493173788,17.01552511415525,1.5708555703788427,0.09231895929394766,33.560684931506856,-0.004657534246575342,0.007853881278538815,1306.89,5
Good,NON_FILLET,BSK46,VAL,12-22-22-0492-00,good_weld_31_12-22-22_plane_plate_BSK46,160,22.0,30,236,25.96,136.07512711864405,9.858113301038516,0.07244610760086387,21.041779661016946,1.330135895380735,0.06321403972521446,34.42139830508474,8.32936440677966,0.06292372881355932,1396.89,5
Spatter,NON_FILLET,BSK46,VAL,12-25-22-0300-09,spatter_weld_16_12-25-22_plane_plate_BSK46,160,15.0,30,222,24.42,145.35990990990993,33.05727987800907,0.22741676091088017,14.637702702702706,3.613914742549692,0.24689084181785018,39.211891891891895,18.12761261261261,0.058918918918918935,1541.31,5
Spatter,NON_FILLET,FE410,VAL,12-06-22-0250-09,spatter_weld_14_12-06-22_plane_plate,165,14.5,35,202,22.22,141.75539603960397,20.752614774809125,0.1463973531491613,12.684752475247526,4.118317435026179,0.32466675586003624,40.249653465346526,13.428415841584158,0.06366336633663365,1544.75,5
Undercut,FILLET,FE410,VAL,03-15-23-0132-05,undercut_7_03-15-23_Fe410,310,20.5,30,202,22.22,289.35138613861386,19.425438393393556,0.06713442314075452,19.813069306930693,1.7323846863905006,0.08743646224386371,136.88519801980198,16.758861386138612,0.2167326732673267,5098.2,5
Overlap,FILLET,FE410,VAL,03-22-23-0073-06,overlap_4_03-22-23_Fe410,225,17.0,30,100,11.0,219.7473,19.785220678143276,0.09003624016378484,15.2772,3.0593001378310913,0.20025267312276407,1.1574,7.9528,0.07990000000000003,24.92,5
Porosity,NON_FILLET,BSK46,VAL,12-22-22-0312-03,porosity_weld_17_12-22-22_plane_plate_BSK46,160,22.0,30,234,25.74,144.0601282051282,13.285909199046012,0.0922247492389297,20.647008547008546,1.1957849900445756,0.05791565336557327,42.264743589743595,-0.0029914529914529912,4.273504273504562e-05,1722.95,5
Overlap,FILLET,BSK46,VAL,03-22-23-0014-06,overlap_1_03-22-23_BSK46,240,18.0,30,101,11.11,238.1326732673268,32.17186649515657,0.1351005977203328,16.514851485148515,2.867452393279228,0.17362871206307076,6.403861386138614,10.767326732673265,0.0910891089108911,98.03,5
Overlap,FILLET,FE410,VAL,03-22-23-0101-06,overlap_6_03-22-23_Fe410,250,18.0,30,102,11.22,250.86911764705883,32.671640838123345,0.13023380934471265,16.687647058823536,3.785609849628607,0.2268510255690588,3.4613725490196097,9.202745098039216,0.08892156862745097,105.25,5
Spatter,NON_FILLET,FE410,VAL,09-23-22-0001-09,spatter_weld_2_09-23-22_plane_plate,170,14.0,35,198,21.78,147.41919191919192,28.645934525267702,0.1943161819864677,14.858939393939393,5.5409007483357104,0.3729001513119915,36.0820202020202,47.69282828282829,1.0944949494949496,1371.31,5
Porosity,NON_FILLET,FE410,VAL,09-19-22-0076-03,porosity_weld_5_09-19-2022_plane_plate,180,22.0,30,232,25.52,159.59258620689653,13.707504003641661,0.08589060638362733,19.8314224137931,1.393131000766372,0.070248667579055,41.7096551724138,-0.00353448275862069,0.015000000000000001,1720.98,5
Porosity,NON_FILLET,FE410,VAL,10-30-22-0170-03,porosity_weld_10_10-30-22_plane_plate,150,20.0,30,234,25.74,129.53726495726494,13.169892353031612,0.10166875421815053,18.0032905982906,1.758449822386508,0.09767380095244763,37.95405982905983,-0.0024358974358974356,0.03564102564102565,1409.02,5
Porosity,NON_FILLET,FE410,VAL,11-25-22-0209-03,porosity_weld_12_11-25-22_plane_plate,160,21.0,30,220,24.2,132.75754545454544,20.32768268754245,0.1531188499903563,15.10127272727273,1.993002191042292,0.1319757762829455,33.676545454545455,-0.004045454545454546,0.025409090909090912,1248.03,5
Overlap,FILLET,BSK46,VAL,03-22-23-0017-06,overlap_1_03-22-23_BSK46,240,18.0,30,100,11.0,236.1047,26.491861126951743,0.11220387026159048,16.8203,2.5792479739472722,0.15334137761795405,0.6201,10.0074,0.0669,9.67,5
Spatter,NON_FILLET,FE410,VAL,11-15-22-0151-09,spatter_weld_9_11-15-22_plane_plate,170,15.0,30,223,24.53,148.48237668161434,35.573215569407864,0.23957870532801537,14.49578475336323,3.286951021314928,0.22675219570656965,41.278385650224216,9.629013452914798,0.0805829596412556,1612.62,5
Overlap,FILLET,FE410,VAL,03-22-23-0068-06,overlap_4_03-22-23_Fe410,225,17.0,30,99,10.89,222.5809090909091,19.828404285571228,0.089084029562808,15.399696969696969,3.1721052864071124,0.20598491597913127,1.2584848484848483,7.671818181818183,0.06767676767676768,36.72,5
Porosity,NON_FILLET,FE410,VAL,09-19-22-0067-03,porosity_weld_5_09-19-2022_plane_plate,180,22.0,30,233,25.63,156.29763948497853,15.314411851332306,0.0979823617413246,20.20364806866953,1.7151314405517435,0.08489216574760353,42.28394849785408,-0.0027467811158798285,0.013519313304721035,1735.9,5
Porosity,NON_FILLET,FE410,VAL,10-30-22-0158-03,porosity_weld_9_10-30-22_plane_plate,180,21.0,30,230,25.3,161.8598260869565,13.373205139013841,0.08262213955320395,18.17582608695652,1.6011965954584606,0.08809484574720508,41.3035652173913,-0.005739130434782609,0.035695652173913045,1717.71,5
Porosity,NON_FILLET,FE410,VAL,11-26-22-0235-03,porosity_weld_13_11-26-22_plane_plate,160,22.0,30,222,24.42,126.74864864864864,11.958432378573569,0.09434761242877414,19.583873873873873,1.2657233163025734,0.06463089603488145,36.093603603603604,-0.005810810810810811,0.005810810810810811,1390.82,5
Good,FILLET,BSK46,VAL,03-20-23-0007-00,good_weld_1_03-19-23_BSK46,230,19.0,30,203,22.330000000000002,212.0162561576355,11.29451228236238,0.05327191644193941,19.353054187192118,1.5121967929517537,0.07813737192719317,95.7971921182266,9.821428571428571,0.3447783251231527,3617.21,5
Spatter,NON_FILLET,BSK46,VAL,12-25-22-0287-09,spatter_weld_16_12-25-22_plane_plate_BSK46,160,15.0,30,217,23.87,148.05981566820276,29.847752551461426,0.20159252810600056,14.493640552995393,3.575947054021165,0.24672524759710052,39.21981566820277,18.89470046082949,0.06364055299539172,1558.03,5
Undercut,FILLET,FE410,VAL,03-15-23-0041-05,undercut_3_03-15-23_Fe410,300,18.5,30,210,23.1,283.23838095238096,26.732796108839135,0.0943826751831827,16.449380952380952,2.4836283262181853,0.1509861272839386,120.33880952380953,13.345619047619047,0.21033333333333334,4576.89,5
Porosity,NON_FILLET,FE410,VAL,09-19-22-0028-03,porosity_weld_3_09-19-2022_plane_plate,160,22.0,30,232,25.52,136.80189655172416,12.122739529641716,0.08861528849534747,21.155474137931034,1.6248600976670566,0.07680565734774711,35.660991379310346,-0.008620689655172414,-0.01163793103448276,1447.54,5
Spatter,NON_FILLET,FE410,VAL,11-14-22-0116-09,spatter_weld_7_11-14-22_plane_plate,150,16.0,30,223,24.53,141.95121076233184,39.84895697444131,0.28072291007901445,14.667264573991032,2.833740271298833,0.19320168781326882,40.1134529147982,10.71013452914798,0.05542600896860987,1601.97,5
Spatter,NON_FILLET,FE410,VAL,12-06-22-0216-09,spatter_weld_12_12-06-22_plane_plate,165,15.0,35,203,22.330000000000002,144.88724137931035,36.431223664583015,0.2514453537644988,14.846748768472908,3.44599527518107,0.23210437038569992,39.250837438423645,12.259852216748769,0.05423645320197043,1521.97,5
Porosity,NON_FILLET,BSK46,VAL,12-22-22-0296-03,porosity_weld_16_12-22-22_plane_plate_BSK46,150,21.0,30,234,25.74,128.52880341880342,13.521848171059679,0.10520480866066687,18.406794871794872,1.9852385464969176,0.10785357039746997,34.02995726495727,-0.004358974358974358,0.01081196581196581,1388.53,5
Overlap,FILLET,FE410,VAL,03-22-23-0075-06,overlap_4_03-22-23_Fe410,225,17.0,30,101,11.11,219.150099009901,27.071812739269955,0.12353091721873635,15.116732673267329,2.5302411382755166,0.16738016031400987,1.1686138613861385,7.932574257425743,0.06702970297029706,26.56,5
Spatter,NON_FILLET,FE410,VAL,11-14-22-0093-09,spatter_weld_6_11-14-22_plane_plate,170,17.0,30,225,24.75,147.7122222222222,22.432566318788076,0.15186669038828707,15.554933333333334,3.48016678069149,0.22373395668843474,40.52373333333333,10.152533333333333,0.04831111111111112,1601.15,5
Spatter,NON_FILLET,FE410,VAL,08-30-22-0015-09,spatter_weld_1_08_27_2022_plane_plate_corrected,150,16.0,30,184,20.24,123.08586956521741,65.28893070393914,0.5304340046063989,21.95233695652174,9.574767070490324,0.4361616300557828,35.44326086956522,15.068097826086955,0.22847826086956521,1290.0,5
Spatter,NON_FILLET,FE410,VAL,11-14-22-0109-09,spatter_weld_7_11-14-22_plane_plate,150,16.0,30,224,24.64,139.37839285714287,43.01076658522327,0.30858991629576,14.937857142857142,3.430466617993605,0.22964917827146022,39.518839285714286,10.531562500000001,0.021651785714285714,1587.87,5
Porosity,NON_FILLET,FE410,VAL,10-27-22-0133-03,porosity_weld_8_10-27-22_plane_plate,170,21.0,30,230,25.3,150.98460869565216,15.629837705558797,0.10351941062459358,18.324347826086957,1.4224608914339292,0.07762682224405726,40.95595652173914,-0.006347826086956523,0.01108695652173913,1548.85,5
Undercut,FILLET,FE410,VAL,03-15-23-0134-05,undercut_7_03-15-23_Fe410,310,20.5,30,202,22.22,290.08737623762374,22.129317996092173,0.07628500861742099,19.983613861386136,1.710492730909276,0.08559476492960168,135.30648514851484,16.70549504950495,0.24623762376237623,5077.71,5
Undercut,FILLET,FE410,VAL,03-15-23-0133-05,undercut_7_03-15-23_Fe410,310,20.5,30,203,22.330000000000002,290.9266502463055,18.177869354469347,0.06248265443911559,19.72152709359606,1.6719148128983832,0.08477613345881742,136.0337931034483,16.73615763546798,0.2044334975369458,5089.67,5
Spatter,NON_FILLET,FE410,VAL,12-06-22-0218-09,spatter_weld_12_12-06-22_plane_plate,165,15.0,35,201,22.11,151.29084577114426,31.959103535316736,0.2112428109739096,14.32950248756219,3.460188253728947,0.24147302090441328,39.31318407960199,12.551791044776119,0.0626865671641791,1498.2,5
Undercut,FILLET,FE410,VAL,03-15-23-0068-05,undercut_4_03-15-23_Fe410,300,19.0,30,210,23.1,277.58033333333333,25.291639358085465,0.091114665993696,17.644809523809524,1.841909559340318,0.10438818037989502,121.41052380952381,14.316714285714287,0.18880952380952384,4717.05,5
Undercut,FILLET,FE410,VAL,03-15-23-0009-05,undercut_1_03-15-23_Fe410,290,18.0,30,210,23.1,272.5815714285714,24.055487410407835,0.08825060067096814,16.644666666666666,1.6824777050737332,0.10108209066410061,111.82942857142858,8.015333333333334,0.13519047619047622,4331.97,5
Overlap,FILLET,FE410,VAL,03-22-23-0131-06,overlap_7_03-22-23_Fe410,255,18.0,30,100,11.0,240.59300000000002,23.351025002917297,0.09705612799589886,16.4169,2.4669511281512793,0.15026899890669246,49.46770000000001,9.6249,0.06540000000000001,1258.2,5
Spatter,NON_FILLET,FE410,VAL,11-15-22-0123-09,spatter_weld_8_11-15-22_plane_plate,160,12.0,30,221,24.31,129.4935294117647,30.13369900407929,0.23270428368864576,12.640588235294116,4.19051636193908,0.3315127653821228,37.598687782805435,10.158868778280544,0.06900452488687785,1476.56,5
Undercut,FILLET,FE410,VAL,03-15-23-0114-05,undercut_6_03-15-23_Fe410,310,20.0,30,203,22.330000000000002,295.10108374384237,28.042829492552958,0.09502787701347472,19.22714285714286,1.9408410737487527,0.10094277075742082,131.86113300492613,16.409458128078818,0.22788177339901472,4950.0,5
Undercut,FILLET,FE410,VAL,03-15-23-0099-05,undercut_5_03-15-23_Fe410,310,19.0,30,202,22.22,299.1632178217822,28.89702921676046,0.09659285465359255,17.562524752475248,2.2987121771795658,0.13088734163096835,131.65534653465346,16.623069306930695,0.21202970297029705,4900.82,5
Spatter,NON_FILLET,FE410,VAL,11-15-22-0144-09,spatter_weld_9_11-15-22_plane_plate,170,15.0,30,224,24.64,146.25517857142856,36.0649367744068,0.2465891268034198,14.635312499999998,3.5333161154729678,0.24142402941330895,40.74321428571428,9.261517857142858,0.08062499999999997,1629.18,5
Porosity,NON_FILLET,BSK46,VAL,12-22-22-0299-03,porosity_weld_16_12-22-22_plane_plate_BSK46,150,21.0,30,232,25.52,129.04293103448276,13.92968181717338,0.10794610526516249,18.490215517241378,1.407772317199834,0.07613606860813187,34.78366379310345,-0.004094827586206897,0.008577586206896552,1407.54,5
Overlap,FILLET,FE410,VAL,03-22-23-0092-06,overlap_5_03-22-23_Fe410,245,18.0,30,100,11.0,242.2973,22.095021600013215,0.091189714454157,16.2011,2.2396784108077625,0.13824236692618172,1.1588,7.8713999999999995,0.05380000000000001,22.46,5
Undercut,FILLET,FE410,VAL,03-15-23-0140-05,undercut_7_03-15-23_Fe410,310,20.5,30,202,22.22,255.08341584158418,34.901273490505346,0.13682298151511454,20.798118811881192,2.170861402668213,0.1043777767741225,110.069900990099,17.36886138613861,0.2124752475247525,4334.92,5
Good,NON_FILLET,BSK46,VAL,12-25-22-0529-00,good_weld_33_12-25-22_butt_BSK46,150,18.0,30,236,25.96,136.76927966101695,12.498839159296656,0.09138630539164251,18.38983050847458,1.1865551662858917,0.0645223546643941,42.13953389830509,11.753135593220337,0.15661016949152542,1538.69,5
Overlap,FILLET,FE410,VAL,03-22-23-0047-06,overlap_3_03-22-23_Fe410,235,18.0,30,100,11.0,229.2114,23.550947610950548,0.1027477150392631,16.6377,1.935533677351447,0.11633420949719296,0.9327,6.941999999999999,0.029399999999999992,17.21,5
Porosity,NON_FILLET,FE410,VAL,10-27-22-0109-03,porosity_weld_7_10-27-22_plane_plate,160,21.0,30,234,25.74,135.45273504273501,18.08760415995145,0.1335344329093455,19.211452991452994,1.7026179110415811,0.08862515041413374,42.49303418803419,-0.0034615384615384616,0.011538461538461539,1696.39,5
Porosity,NON_FILLET,FE410,VAL,09-19-22-0019-03,porosity_weld_2_09-19-2022_plane_plate,150,22.0,30,232,25.52,125.91349137931034,11.042725773983788,0.08770089410608059,21.610344827586204,2.175645968078145,0.1006761338347953,31.894870689655175,-0.006163793103448275,0.006551724137931034,1288.2,5
Porosity,NON_FILLET,FE410,VAL,09-16-22-0020-03,porosity_weld_1_09-16-2022_plane_plate_corrected,180,24.0,30,228,25.080000000000002,153.2226754385965,10.813877498612088,0.07057622161770512,24.034035087719296,1.712933038235028,0.07127113828298802,42.02114035087719,-0.005614035087719297,0.011403508771929825,1722.46,5
Undercut,FILLET,FE410,VAL,03-15-23-0088-05,undercut_5_03-15-23_Fe410,310,19.0,30,202,22.22,295.89539603960395,33.22305538397021,0.11227973070430435,17.490643564356436,2.4392475150106723,0.13946013513084954,130.12277227722774,16.28089108910891,0.21004950495049507,4848.03,5
Spatter,NON_FILLET,FE410,VAL,11-14-22-0088-09,spatter_weld_6_11-14-22_plane_plate,170,17.0,30,226,24.86,151.19486725663714,21.93827509131702,0.14509933762552363,15.337831858407082,3.574247294566209,0.233034716220798,38.73738938053097,10.352522123893806,0.08818584070796462,1567.87,5
Spatter,NON_FILLET,BSK46,VAL,12-25-22-0289-09,spatter_weld_16_12-25-22_plane_plate_BSK46,160,15.0,30,220,24.2,144.70745454545457,32.87251672823596,0.2271653304350693,14.649363636363635,3.8174075635742906,0.26058521437057275,38.74245454545455,18.311318181818184,0.06763636363636362,1540.49,5
Good,NON_FILLET,BSK46,VAL,12-21-22-0480-00,good_weld_30_12-21-22_plane_plate_BSK46,170,23.0,30,237,26.07,162.43219409282705,12.657055455068402,0.07792208635583119,23.69383966244726,1.2535607012865613,0.05290660860144797,40.78978902953587,15.684219409282704,0.07645569620253165,1685.25,5
Porosity,NON_FILLET,FE410,VAL,10-30-22-0173-03,porosity_weld_10_10-30-22_plane_plate,150,20.0,30,234,25.74,131.48333333333332,14.342743525751745,0.10908411858855428,17.86662393162393,1.811859397412322,0.10141028346185371,26.562264957264954,-0.0017094017094017092,0.014230769230769227,1071.64,5
Undercut,FILLET,FE410,VAL,03-15-23-0027-05,undercut_2_03-15-23_Fe410,295,18.0,30,207,22.77,275.63492753623194,21.26868720004058,0.07716252577331599,16.351932367149757,1.4051448929419608,0.08593142763755732,117.06787439613528,9.349227053140096,0.13120772946859907,4473.77,5
Good,NON_FILLET,BSK46,VAL,12-21-22-0472-00,good_weld_30_12-21-22_plane_plate_BSK46,170,23.0,30,234,25.74,159.9897435897436,11.345125626032189,0.07091158077685354,23.99974358974359,1.67470987124807,0.06978032348494613,41.712606837606835,15.442606837606837,0.07905982905982906,1703.77,5
Undercut,FILLET,FE410,VAL,03-15-23-0138-05,undercut_7_03-15-23_Fe410,310,20.5,30,203,22.330000000000002,289.9070935960591,21.526965726552977,0.07425470504887849,19.68241379310345,1.8824903418964891,0.09564326620122668,139.9920197044335,17.991724137931033,0.22482758620689655,5143.44,5
Overlap,FILLET,FE410,VAL,03-22-23-0138-06,overlap_7_03-22-23_Fe410,255,18.0,30,100,11.0,248.50900000000004,34.09078866376036,0.13718130395181,16.4461,3.644219691733219,0.22158564594239477,19.253899999999998,9.876799999999998,0.043100000000000006,672.46,5
Spatter,NON_FILLET,FE410,VAL,12-31-22-0005-09,7_spatter,170,16.0,30,211,23.21,140.77090047393364,39.27968149958824,0.2790326791072961,14.22559241706161,3.9077232446649295,0.27469669663656054,41.05649289099526,14.578862559241706,0.07412322274881517,1580.66,5
Porosity,NON_FILLET,FE410,VAL,09-19-22-0016-03,porosity_weld_2_09-19-2022_plane_plate,150,22.0,30,232,25.52,125.52155172413794,11.55470021890781,0.0920535163897741,21.31336206896552,1.3834973212968384,0.06491220469206756,32.10387931034483,-0.006724137931034483,0.009655172413793104,1287.87,5
Spatter,NON_FILLET,FE410,VAL,11-15-22-0130-09,spatter_weld_8_11-15-22_plane_plate,160,12.0,30,225,24.75,131.94782222222224,30.846265636511887,0.23377623909973752,12.690977777777778,4.349466297765374,0.34272113417308153,37.54062222222222,11.265155555555555,0.08324444444444447,1481.8,5
Undercut,FILLET,FE410,VAL,03-15-23-0052-05,undercut_3_03-15-23_Fe410,300,18.5,30,212,23.32,287.6472169811321,30.647599278038054,0.10654578757856834,17.08712264150943,1.9204360494322286,0.11239083897993152,120.85872641509435,12.73995283018868,0.22132075471698115,4690.49,5
Overlap,FILLET,FE410,VAL,03-22-23-0045-06,overlap_3_03-22-23_Fe410,235,18.0,30,102,11.22,228.70441176470584,26.00182143557226,0.11369182271098155,16.665784313725492,2.7834106993642997,0.16701348385217954,0.9519607843137253,7.018431372549021,0.10362745098039214,19.02,5
Porosity,NON_FILLET,FE410,VAL,10-27-22-0112-03,porosity_weld_7_10-27-22_plane_plate,160,21.0,30,234,25.74,135.42354700854702,14.48688608640978,0.10697464662844391,19.05431623931624,1.6597760082063953,0.08710761317069209,40.259358974358975,-0.0008974358974358974,0.006153846153846155,1609.18,5
Overlap,FILLET,FE410,VAL,03-22-23-0112-06,overlap_6_03-22-23_Fe410,250,18.0,30,101,11.11,240.52118811881186,25.757204556672242,0.1070891290622961,16.42188118811881,2.512946363483028,0.15302426894314267,12.616039603960397,8.733168316831682,0.07762376237623762,226.72,5
Spatter,NON_FILLET,FE410,VAL,09-23-22-0037-09,spatter_weld_3_09-23-22_plane_plate,170,13.0,35,197,21.67,142.96578680203044,27.76505758078882,0.1942077066258939,14.525329949238577,6.165743538736915,0.42448216737824435,36.88736040609137,47.18619289340101,1.0051269035532997,1379.67,5
Spatter,NON_FILLET,FE410,VAL,11-15-22-0171-09,spatter_weld_10_11-15-22_plane_plate,170,16.0,30,226,24.86,154.99,24.212366647369823,0.15621889571823874,15.256902654867256,3.865833031893878,0.2533825586584968,41.68057522123894,12.42146017699115,0.0595575221238938,1646.89,5
Spatter,NON_FILLET,FE410,VAL,12-06-22-0186-09,spatter_weld_11_12-06-22_plane_plate,165,14.0,35,204,22.44,128.10779411764707,52.182007794589936,0.4073289073002762,15.351029411764705,5.4081900507236655,0.352301458466293,41.44200980392156,12.623039215686275,0.045882352941176464,1542.79,5
Spatter,NON_FILLET,BSK46,VAL,12-25-22-0282-09,spatter_weld_16_12-25-22_plane_plate_BSK46,160,15.0,30,218,23.98,138.97715596330278,30.88055014289151,0.22219874862776431,14.749311926605506,3.8659104464113967,0.26210785056609215,43.198715596330274,18.95247706422018,0.07073394495412845,1543.77,5
Porosity,NON_FILLET,FE410,VAL,10-30-22-0168-03,porosity_weld_10_10-30-22_plane_plate,150,20.0,30,234,25.74,126.71713675213674,11.434814617161841,0.09023889672893058,18.369358974358974,2.2130095289684997,0.1204728772548649,29.692435897435896,-0.002222222222222222,0.03217948717948718,1196.39,5
Overlap,FILLET,FE410,VAL,03-22-23-0095-06,overlap_5_03-22-23_Fe410,245,18.0,30,100,11.0,237.08840000000004,24.834884991995764,0.10474947315851708,16.9081,4.248859548707919,0.2512913661918204,1.1394,7.957700000000002,0.09949999999999999,20.82,5
Porosity,NON_FILLET,FE410,VAL,09-19-22-0052-03,porosity_weld_4_09-19-2022_plane_plate,170,22.0,30,232,25.52,148.0909482758621,11.97771979098077,0.0808808366104106,21.100387931034486,2.0198695524788715,0.09572665484069343,39.24081896551724,-0.004956896551724138,0.0045689655172413786,1623.44,5
Undercut,FILLET,FE410,VAL,03-15-23-0060-05,undercut_3_03-15-23_Fe410,300,18.5,30,210,23.1,278.1490476190476,20.30615684434638,0.07300458879211282,16.908285714285714,2.375371421833009,0.1404856448472521,121.09314285714287,12.32095238095238,0.21628571428571433,4686.89,5
Porosity,NON_FILLET,FE410,VAL,09-19-22-0054-03,porosity_weld_4_09-19-2022_plane_plate,170,22.0,30,231,25.41,147.00060606060606,14.627006783931582,0.09950303727252047,20.707878787878787,1.44426942657805,0.0697449237255263,39.45515151515152,-0.004502164502164502,0.009437229437229439,1625.08,5
Porosity,NON_FILLET,FE410,VAL,10-30-22-0180-03,porosity_weld_10_10-30-22_plane_plate,150,20.0,30,230,25.3,131.03726086956522,13.400597877287709,0.10226555247233604,17.995869565217387,2.1148625401426213,0.11751933033734867,26.11821739130435,-0.0018260869565217394,0.018826086956521743,1175.9,5
Spatter,NON_FILLET,BSK46,VAL,12-25-22-0298-09,spatter_weld_16_12-25-22_plane_plate_BSK46,160,15.0,30,221,24.31,145.21049773755655,33.57276135129685,0.23120064922560862,14.73398190045249,4.282442641938021,0.29065073317393614,37.77113122171946,18.378009049773755,0.08040723981900451,1526.07,5
Porosity,NON_FILLET,FE410,VAL,09-16-22-0002-03,porosity_weld_1_09-16-2022_plane_plate_corrected,180,24.0,30,231,25.41,155.907316017316,16.897949237025486,0.10838458174181319,23.356796536796537,1.6595924453038742,0.07105394109544667,41.68268398268398,-0.008658008658008658,0.01406926406926407,1678.36,5
Porosity,NON_FILLET,FE410,VAL,10-27-22-0099-03,porosity_weld_6_10-27-22_plane_plate,150,21.0,30,232,25.52,128.23952586206897,12.234292526625064,0.09540188521738566,19.419568965517243,1.627821901317621,0.0838237915686026,39.238534482758624,-0.006853448275862068,-0.009051724137931035,1554.92,5
Porosity,NON_FILLET,FE410,VAL,11-26-22-0247-03,porosity_weld_14_11-26-22_plane_plate,140,18.0,30,220,24.2,120.73827272727272,14.228454214413908,0.11784543453386627,17.06590909090909,1.7510661047240121,0.10260608417613068,32.95377272727273,-0.003,0.01109090909090909,1279.84,5
Overlap,FILLET,FE410,VAL,03-22-23-0002-06,overlap_1_03-22-23_Fe410,230,18.0,30,100,11.0,225.32229999999996,23.21442136481179,0.10302762471717977,17.2171,4.211149053825493,0.24459107827831014,1.2847,6.8931000000000004,0.11500000000000003,26.07,5
Porosity,NON_FILLET,FE410,VAL,10-30-22-0157-03,porosity_weld_9_10-30-22_plane_plate,180,21.0,30,232,25.52,160.3851724137931,17.942908062900358,0.11187385836770326,18.442629310344827,2.137811617365987,0.11591685661473698,47.686206896551724,-0.0033620689655172414,0.015431034482758624,1918.03,5
Porosity,NON_FILLET,FE410,VAL,09-19-22-0001-03,porosity_weld_2_09-19-2022_plane_plate,150,22.0,30,232,25.52,132.90590517241378,64.83651927125445,0.48783776151364,21.45935344827586,2.4822913962369957,0.1156740999779019,32.40831896551724,-0.009137931034482759,0.042413793103448276,1346.89,5
Porosity,NON_FILLET,FE410,VAL,11-26-22-0224-03,porosity_weld_13_11-26-22_plane_plate,160,22.0,30,221,24.31,130.43352941176474,10.767660893759363,0.08255286000708457,19.51873303167421,2.016321634300789,0.1033018706198186,36.07434389140272,-0.007873303167420815,0.00972850678733032,1372.3,5
Porosity,NON_FILLET,FE410,VAL,09-19-22-0042-03,porosity_weld_4_09-19-2022_plane_plate,170,22.0,30,232,25.52,151.33870689655174,15.2583510896271,0.10082252850261907,20.4185775862069,1.852322551226206,0.09071751170745027,39.05646551724138,-0.004568965517241379,-0.002025862068965514,1607.54,5
Good,NON_FILLET,BSK46,VAL,12-22-22-0482-00,good_weld_31_12-22-22_plane_plate_BSK46,160,22.0,30,234,25.74,137.5473076923077,8.924554016542759,0.0648835238309929,21.050641025641028,1.454045715768842,0.06907370250614797,34.63136752136752,7.852606837606837,0.06999999999999999,1403.93,5
Spatter,NON_FILLET,FE410,VAL,09-23-22-0061-09,spatter_weld_5_09-23-22_plane_plate,160,13.0,35,198,21.78,138.18712121212124,24.549450050090385,0.17765367593414344,13.592272727272729,5.0532731902594135,0.3717754412122766,29.763030303030302,47.42176767676767,1.0243939393939396,1174.92,5
Porosity,NON_FILLET,FE410,VAL,10-27-22-0139-03,porosity_weld_8_10-27-22_plane_plate,170,21.0,30,230,25.3,149.62026086956521,13.072198637728325,0.08736917421313885,18.693304347826093,1.4516253331494582,0.07765482796080793,40.714608695652174,-0.00391304347826087,0.008608695652173913,1613.28,5
Porosity,NON_FILLET,FE410,VAL,11-25-22-0187-03,porosity_weld_11_11-25-22_plane_plate,170,24.0,30,222,24.42,142.28729729729733,11.631715649547937,0.08174809607385013,22.982162162162165,1.0754583620561844,0.046795351737044966,44.09815315315315,-0.00391891891891892,-0.005765765765765767,1688.2,5
Spatter,NON_FILLET,FE410,VAL,09-23-22-0038-09,spatter_weld_3_09-23-22_plane_plate,170,13.0,35,198,21.78,144.7380808080808,28.01743690841999,0.19357336197908023,13.928333333333335,5.40935012563671,0.38837023757114103,36.623030303030305,47.30439393939394,1.021161616161616,1391.64,5
Undercut,FILLET,FE410,VAL,03-15-23-0001-05,undercut_1_03-15-23_Fe410,290,18.0,30,209,22.99,275.6016267942584,22.886505497329175,0.08304198260199083,16.771483253588517,2.4309125385646646,0.14494320518994844,110.2131100478469,10.077224880382778,0.19440191387559808,4270.82,5
Overlap,FILLET,FE410,VAL,03-22-23-0039-06,overlap_2_03-22-23_Fe410,240,18.0,30,101,11.11,229.13851485148516,29.98772186699545,0.13087159042831287,16.97851485148515,2.7562653668101755,0.16233842541116478,1.331386138613861,6.923663366336633,0.09217821782178215,25.08,5
Overlap,FILLET,BSK46,VAL,03-22-23-0009-06,overlap_1_03-22-23_BSK46,240,18.0,30,102,11.22,234.0244117647059,29.282739638559473,0.12512685927825806,16.599117647058822,2.723842329417597,0.1640956096181553,33.0928431372549,10.407941176470587,0.06117647058823526,597.05,5
Porosity,NON_FILLET,FE410,VAL,09-16-22-0006-03,porosity_weld_1_09-16-2022_plane_plate_corrected,180,24.0,30,229,25.19,156.05755458515287,13.161474719830428,0.08433731231286765,23.135895196506546,1.1715526912035579,0.05063788028312209,42.570131004366814,-0.008209606986899563,0.012008733624454149,1714.26,5
Porosity,NON_FILLET,FE410,VAL,11-26-22-0253-03,porosity_weld_14_11-26-22_plane_plate,140,18.0,30,222,24.42,122.79346846846846,14.52341947527019,0.11827517909879375,16.88076576576577,1.923098190620649,0.11392244980501397,32.79355855855856,-0.0015315315315315309,-0.00855855855855856,1287.21,5
Undercut,FILLET,FE410,VAL,03-15-23-0029-05,undercut_2_03-15-23_Fe410,295,18.0,30,210,23.1,275.5937619047619,22.899387230690813,0.08309109419756842,16.19709523809524,1.3146315511534858,0.08116464908235516,117.50066666666666,9.409761904761904,0.11900000000000001,4470.16,5
Overlap,FILLET,FE410,VAL,03-22-23-0122-06,overlap_7_03-22-23_Fe410,255,18.0,30,101,11.11,252.65990099009898,28.86721921124546,0.11425326732941561,16.595643564356433,3.8433182058844886,0.2315859695937938,23.143663366336632,9.703861386138616,0.04089108910891088,732.13,5
Undercut,FILLET,BSK46,VAL,03-20-23-0005-05,undercut_1_03-20-23_BSK46,280,18.0,35,175,19.25,243.49805714285716,20.18828076166117,0.08290941208544003,16.69388571428571,2.360338420254197,0.14138939613288168,172.10548571428575,12.141657142857143,0.29365714285714295,4787.87,5
Spatter,NON_FILLET,FE410,VAL,12-06-22-0237-09,spatter_weld_13_12-06-22_plane_plate,165,13.5,35,202,22.22,151.32019801980198,18.355512273057492,0.12130246003679868,13.30762376237624,3.697297829608209,0.277833059878153,41.674405940594056,12.89321782178218,0.05816831683168317,1562.3,5
Porosity,NON_FILLET,FE410,VAL,11-27-22-0271-03,porosity_weld_15_11-26-22_plane_plate,140,19.0,30,219,24.09,119.05675799086758,19.99301169172326,0.1679284068297648,18.666027397260276,2.5590499991849547,0.13709665933312418,34.00753424657534,-0.001689497716894977,0.04150684931506849,1337.54,5
Good,NON_FILLET,BSK46,VAL,12-24-22-0507-00,good_weld_32_12-24-22_butt_BSK46,165,21.0,30,233,25.63,149.72257510729614,10.4021286479838,0.06947602016949876,22.051630901287556,1.3857448206673955,0.06284092214632907,40.92742489270386,10.951158798283261,0.10120171673819743,1672.13,5
Porosity,NON_FILLET,FE410,VAL,09-16-22-0001-03,porosity_weld_1_09-16-2022_plane_plate_corrected,180,24.0,30,231,25.41,158.70445887445888,10.183159992031026,0.06416429673274829,23.404372294372294,1.468678619331416,0.06275231827877596,43.160476190476196,-0.008614718614718615,0.012597402597402598,1748.53,5
Overlap,FILLET,FE410,VAL,03-22-23-0102-06,overlap_6_03-22-23_Fe410,250,18.0,30,102,11.22,246.07176470588243,30.92254419398955,0.12566473943465134,16.25235294117647,2.9568638646043786,0.18193450974799827,24.65372549019608,8.996470588235296,0.07147058823529413,704.43,5
Porosity,NON_FILLET,BSK46,VAL,12-22-22-0313-03,porosity_weld_17_12-22-22_plane_plate_BSK46,160,22.0,30,234,25.74,147.6698717948718,14.730404412187164,0.0997522665466194,20.449615384615385,1.7737509845800727,0.08673762079234495,42.832521367521366,-0.002136752136752137,0.007777777777777777,1734.43,5
Porosity,NON_FILLET,FE410,VAL,10-27-22-0093-03,porosity_weld_6_10-27-22_plane_plate,150,21.0,30,233,25.63,127.87442060085836,12.25161737155075,0.09580975862086144,19.648326180257513,2.010664291508616,0.10233259938085291,35.93914163090129,-0.004463519313304722,0.009699570815450642,1520.98,5
Porosity,NON_FILLET,BSK46,VAL,12-22-22-0294-03,porosity_weld_16_12-22-22_plane_plate_BSK46,150,21.0,30,236,25.96,126.8852118644068,13.50032956089572,0.10639797469324133,18.467838983050846,1.8233877727208485,0.09873314221519322,34.94406779661016,-0.006144067796610171,0.009110169491525424,1404.1,5
Overlap,FILLET,FE410,VAL,03-22-23-0027-06,overlap_2_03-22-23_Fe410,240,18.0,30,100,11.0,231.65870000000004,30.149519541710106,0.13014628650557955,16.717599999999997,2.709643131297902,0.1620832614309412,1.2295000000000003,6.429399999999999,0.03919999999999999,24.26,5
Porosity,NON_FILLET,BSK46,VAL,12-22-22-0300-03,porosity_weld_16_12-22-22_plane_plate_BSK46,150,21.0,30,235,25.85,129.54897872340428,14.397576979622674,0.11113616735151932,18.537319148936163,1.8393948873351877,0.09922658570836272,34.058468085106384,-0.004936170212765958,0.004680851063829786,1393.44,5
Porosity,NON_FILLET,BSK46,VAL,12-22-22-0303-03,porosity_weld_17_12-22-22_plane_plate_BSK46,160,22.0,30,236,25.96,143.63483050847458,14.958025653825844,0.10413926483481531,20.63974576271186,1.8540937853505646,0.0898312317732229,41.78118644067797,-0.0031779661016949155,0.015338983050847459,1715.57,5
Porosity,NON_FILLET,BSK46,VAL,12-22-22-0287-03,porosity_weld_16_12-22-22_plane_plate_BSK46,150,21.0,30,236,25.96,127.03063559322034,12.519856060055764,0.09855776916795929,18.644110169491523,1.6373243782848674,0.08781992615362892,34.85504237288136,-0.0030932203389830515,0.012203389830508475,1407.05,5
Good,FILLET,BSK46,VAL,03-19-23-0003-00,good_weld_1_03-19-23_BSK46,230,19.0,30,203,22.330000000000002,212.62330049261084,19.052504875294442,0.08960685320542544,18.886453201970443,2.3389779928457908,0.1238442161602774,96.29078817733989,15.259802955665025,0.20384236453201968,3613.12,5
Porosity,NON_FILLET,FE410,VAL,09-19-22-0073-03,porosity_weld_5_09-19-2022_plane_plate,180,22.0,30,232,25.52,157.73793103448276,13.550350741757956,0.08590419978816473,20.518793103448278,1.6038293758892241,0.07816392357012915,43.36245689655173,-0.004827586206896552,0.007370689655172413,1758.03,5
Undercut,FILLET,FE410,VAL,03-15-23-0082-05,undercut_5_03-15-23_Fe410,310,19.0,30,200,22.0,304.95385,29.999690495514006,0.09837452616359495,17.71675,2.4814602884826873,0.14006295107639308,130.3369,17.0454,0.21664999999999998,4847.38,5
Porosity,NON_FILLET,FE410,VAL,09-19-22-0061-03,porosity_weld_4_09-19-2022_plane_plate,170,22.0,30,233,25.63,146.06373390557943,14.63901451299394,0.10022347177881334,21.237467811158798,1.7567652557556177,0.08272009033169957,38.61171673819743,0.0009871244635193132,0.007896995708154508,1602.13,5
Porosity,NON_FILLET,FE410,VAL,09-19-22-0080-03,porosity_weld_5_09-19-2022_plane_plate,180,22.0,30,233,25.63,160.2714592274678,16.5800740535167,0.10344994756667916,20.1906008583691,1.7175309512342232,0.08506586620587364,38.408197424892705,-0.004334763948497854,0.003819742489270387,1732.13,5
Spatter,NON_FILLET,BSK46,VAL,12-25-22-0268-09,spatter_weld_15_12-25-22_plane_plate_BSK46,150,15.0,30,210,23.1,136.91104761904762,41.656751370965196,0.30426143175000975,13.956523809523809,3.5259171411185006,0.2526357701415911,40.864285714285714,19.98728571428572,0.06895238095238096,1499.51,5
Spatter,NON_FILLET,FE410,VAL,12-06-22-0211-09,spatter_weld_12_12-06-22_plane_plate,165,15.0,35,200,22.0,118.26084999999999,40.13891960570271,0.3394100381123822,16.542350000000003,4.880491673219186,0.2950301301338193,39.9794,13.056849999999999,0.06340000000000001,1519.34,5
Porosity,NON_FILLET,FE410,VAL,10-30-22-0150-03,porosity_weld_9_10-30-22_plane_plate,180,21.0,30,231,25.41,158.06372294372295,12.97368108371855,0.08207880241020074,18.35212121212121,1.7152011678264762,0.09346064948032383,30.870779220779227,-0.0059740259740259745,0.0034632034632034623,1431.8,5
Porosity,NON_FILLET,FE410,VAL,11-25-22-0204-03,porosity_weld_12_11-25-22_plane_plate,160,21.0,30,221,24.31,134.2202262443439,18.681098114585307,0.1391824364874555,15.018687782805431,2.764830522059842,0.18409268253283995,32.664389140271496,-0.005610859728506788,-0.014796380090497737,1281.31,5
Good,FILLET,BSK46,VAL,03-20-23-0006-00,good_weld_1_03-19-23_BSK46,230,19.0,30,204,22.44,209.19607843137254,13.337778535786246,0.06375730671338443,19.597892156862745,1.663505695852956,0.08488186803652929,97.26519607843139,9.657892156862745,0.3483823529411764,3624.92,5
Spatter,NON_FILLET,FE410,VAL,09-23-22-0005-09,spatter_weld_2_09-23-22_plane_plate,170,14.0,35,198,21.78,146.75257575757576,31.11494639672197,0.21202317053788225,15.545151515151515,5.790076643739562,0.37246833124116563,36.02116161616162,46.330909090909095,1.129848484848485,1406.89,5
Overlap,FILLET,FE410,VAL,03-22-23-0127-06,overlap_7_03-22-23_Fe410,255,18.0,30,102,11.22,240.2897058823529,29.71463290743349,0.12366169744276073,16.575294117647058,3.2354609159099565,0.19519779817754726,48.996568627450976,9.512450980392156,0.04215686274509805,1263.61,5
Overlap,FILLET,FE410,VAL,03-22-23-0098-06,overlap_5_03-22-23_Fe410,245,18.0,30,101,11.11,239.3954455445545,23.72413777251989,0.09910020517956984,16.47217821782178,3.4579819559854266,0.2099286390821175,0.9755445544554457,7.891485148514851,0.07435643564356438,21.48,5
Porosity,NON_FILLET,FE410,VAL,11-25-22-0199-03,porosity_weld_11_11-25-22_plane_plate,170,24.0,30,220,24.2,143.2889090909091,11.257185495873356,0.07856285296115471,23.06568181818181,1.763094775095565,0.07643800816266283,56.54659090909091,-0.0023636363636363638,0.0016818181818181808,1866.07,5
Spatter,NON_FILLET,FE410,VAL,09-23-22-0076-09,spatter_weld_5_09-23-22_plane_plate,160,13.0,35,199,21.89,135.92547738693466,22.627328623918224,0.16646863457029282,13.382964824120604,4.546976879332096,0.33975856165570384,32.55010050251256,47.22105527638192,1.0912060301507538,1269.84,5
Porosity,NON_FILLET,FE410,VAL,11-25-22-0220-03,porosity_weld_12_11-25-22_plane_plate,160,21.0,30,221,24.31,144.86022624434392,15.923081230015493,0.10992031175732898,14.328099547511313,2.112700557246744,0.14745155491425274,32.9089592760181,-0.0022171945701357464,-0.035475113122171956,1283.44,5
Spatter,NON_FILLET,FE410,VAL,11-15-22-0173-09,spatter_weld_10_11-15-22_plane_plate,170,16.0,30,224,24.64,152.9857142857143,29.443454972932667,0.1924588521902406,15.407857142857141,4.264647232230909,0.27678392865992646,41.35267857142857,12.209910714285714,0.08044642857142857,1624.59,5
Spatter,NON_FILLET,FE410,VAL,09-23-22-0009-09,spatter_weld_2_09-23-22_plane_plate,170,14.0,35,197,21.67,136.2496954314721,47.36058986494725,0.3476014365754502,19.475837563451776,7.962901028507529,0.40886051768323717,35.610355329949236,46.82817258883249,1.1168527918781725,1363.61,5
Good,FILLET,BSK46,VAL,03-20-23-0009-00,good_weld_1_03-19-23_BSK46,230,19.0,30,204,22.44,209.11715686274508,17.821505737551973,0.08522259007781553,19.57725490196078,1.882967816181116,0.09618140161175126,95.42274509803924,10.059607843137254,0.3442647058823529,3618.53,5
Porosity,NON_FILLET,FE410,VAL,11-25-22-0215-03,porosity_weld_12_11-25-22_plane_plate,160,21.0,30,220,24.2,143.68322727272727,16.987050293238266,0.11822570118775863,14.284727272727274,2.0163449499635893,0.14115389894865132,33.35881818181818,-0.004590909090909091,0.010181818181818179,1293.28,5
Porosity,NON_FILLET,FE410,VAL,10-27-22-0107-03,porosity_weld_7_10-27-22_plane_plate,160,21.0,30,233,25.63,134.96957081545065,11.953380663969725,0.08856352281296104,19.346351931330474,1.6493350268465445,0.08525302510265653,42.541630901287554,-0.00111587982832618,0.006094420600858371,1720.33,5
Porosity,NON_FILLET,FE410,VAL,11-27-22-0267-03,porosity_weld_15_11-26-22_plane_plate,140,19.0,30,222,24.42,121.53306306306305,21.07194245675947,0.17338444309451262,18.544684684684686,1.952576819223254,0.1052903757827605,33.90806306306306,-0.003288288288288288,0.021531531531531537,1328.2,5
Porosity,NON_FILLET,FE410,VAL,09-19-22-0006-03,porosity_weld_2_09-19-2022_plane_plate,150,22.0,30,233,25.63,124.99317596566524,12.256076615609734,0.09805396591391832,21.800343347639483,1.6718559949383074,0.07668943411936373,31.62995708154507,-0.00815450643776824,0.017596566523605157,1298.85,5
Overlap,FILLET,BSK46,VAL,03-22-23-0016-06,overlap_1_03-22-23_BSK46,240,18.0,30,101,11.11,230.75089108910888,30.677404684849396,0.1329459857773755,16.832772277227722,2.732439978777898,0.16232857747826182,0.4186138613861387,10.383564356435645,0.046336633663366336,8.03,5
Porosity,NON_FILLET,FE410,VAL,10-30-22-0164-03,porosity_weld_10_10-30-22_plane_plate,150,20.0,30,231,25.41,130.53887445887446,13.904002912417658,0.10651235480659853,18.04298701298701,1.9176111032503085,0.10628013542713562,33.57545454545454,-0.004978354978354978,0.0029437229437229446,1386.72,5
Undercut,FILLET,FE410,VAL,03-15-23-0013-05,undercut_1_03-15-23_Fe410,290,18.0,30,209,22.99,277.5430622009569,18.27567149142429,0.06584805740232004,16.38665071770335,1.6842692085407327,0.10278300535942522,113.1501913875598,8.301196172248805,0.15794258373205744,4343.61,5
Porosity,NON_FILLET,BSK46,VAL,12-22-22-0295-03,porosity_weld_16_12-22-22_plane_plate_BSK46,150,21.0,30,235,25.85,127.23978723404255,12.733677013982156,0.10007622058153919,18.560680851063832,1.97730639004223,0.106531996638954,35.26795744680851,-0.004170212765957446,0.009319148936170214,1419.84,5
Porosity,NON_FILLET,FE410,VAL,11-26-22-0230-03,porosity_weld_13_11-26-22_plane_plate,160,22.0,30,221,24.31,127.2293665158371,13.095814826138543,0.10293075556977184,19.526561085972855,1.657109183906693,0.08486436380736277,36.164389140271496,-0.00755656108597285,0.011764705882352943,1396.39,5
Spatter,NON_FILLET,FE410,VAL,09-23-22-0043-09,spatter_weld_4_09-23-22_plane_plate,160,14.0,35,201,22.11,139.3486069651741,26.760420756216657,0.1920393848135461,14.600995024875623,4.708221957913106,0.32245897967170994,33.84825870646766,47.80253731343282,1.023233830845771,1264.1,5
Porosity,NON_FILLET,FE410,VAL,10-30-22-0159-03,porosity_weld_9_10-30-22_plane_plate,180,21.0,30,232,25.52,158.0986206896552,16.251134859955265,0.10279112359782035,18.413577586206895,2.130481654587621,0.11570166876118122,46.635,-0.00353448275862069,0.0007327586206896568,1888.03,5
Spatter,NON_FILLET,FE410,VAL,08-30-22-0018-09,spatter_weld_1_08_27_2022_plane_plate_corrected,150,16.0,30,183,20.13,122.72650273224042,65.3213320575128,0.5322512302010933,20.9,9.22029837900066,0.4411626018660603,35.448907103825135,14.677868852459017,0.20606557377049176,1324.92,5
Good,NON_FILLET,BSK46,VAL,12-24-22-0510-00,good_weld_32_12-24-22_butt_BSK46,165,21.0,30,234,25.74,154.57615384615386,13.006169704400417,0.08414085472294235,21.92833333333333,1.2858774830004427,0.05864000074487084,46.540341880341884,12.068418803418803,0.09029914529914528,1749.67,5
Overlap,FILLET,FE410,VAL,03-22-23-0007-06,overlap_1_03-22-23_Fe410,230,18.0,30,100,11.0,222.55110000000005,22.20365912582333,0.0997688132110932,16.9566,3.1066875470751016,0.18321406101901921,0.9297000000000001,6.4798,0.08759999999999998,18.36,5
Overlap,FILLET,FE410,VAL,03-22-23-0029-06,overlap_2_03-22-23_Fe410,240,18.0,30,100,11.0,235.8286,20.363017280542604,0.0863466826353657,16.8569,3.010291000732472,0.17857915753978917,1.1274000000000002,6.6895999999999995,0.09940000000000004,21.8,5
Porosity,NON_FILLET,FE410,VAL,09-16-22-0015-03,porosity_weld_1_09-16-2022_plane_plate_corrected,180,24.0,30,230,25.3,155.19217391304346,11.531369956343385,0.07430381098214776,23.525347826086957,1.3916907535792113,0.05915707448269833,40.929086956521736,-0.0056956521739130435,0.014304347826086958,1711.97,5
Porosity,NON_FILLET,FE410,VAL,10-27-22-0092-03,porosity_weld_6_10-27-22_plane_plate,150,21.0,30,233,25.63,127.40957081545065,13.487182318185374,0.10585690095229341,19.427253218884122,1.4716033978636427,0.07574943206243799,38.80476394849786,-0.002103004291845494,0.023433476394849787,1573.93,5
Porosity,NON_FILLET,FE410,VAL,09-19-22-0048-03,porosity_weld_4_09-19-2022_plane_plate,170,22.0,30,232,25.52,148.9298706896552,14.019808203435899,0.09413697963016984,20.58,1.7992639187597381,0.08742779002719817,39.513706896551724,-0.00646551724137931,0.006810344827586207,1626.72,5
Porosity,NON_FILLET,BSK46,VAL,12-22-22-0284-03,porosity_weld_16_12-22-22_plane_plate_BSK46,150,21.0,30,235,25.85,128.9868085106383,12.669579440126293,0.09822383844066782,18.514978723404255,1.5490397837635175,0.08366414063470787,35.33110638297873,-0.006085106382978724,0.01148936170212766,1415.9,5
Good,NON_FILLET,BSK46,VAL,12-25-22-0525-00,good_weld_33_12-25-22_butt_BSK46,150,18.0,30,236,25.96,137.601186440678,11.930860122691055,0.08670608467343872,18.451059322033895,1.8029059700637338,0.09771287049685752,35.25618644067797,10.81364406779661,0.13080508474576266,1444.92,5
Undercut,FILLET,FE410,VAL,03-15-23-0093-05,undercut_5_03-15-23_Fe410,310,19.0,30,202,22.22,300.0746534653465,25.204716689771672,0.08399482061780465,17.539059405940595,1.657606200175825,0.0945094124953122,131.28366336633664,16.34044554455446,0.21470297029702973,4881.64,5
Porosity,NON_FILLET,FE410,VAL,10-27-22-0085-03,porosity_weld_6_10-27-22_plane_plate,150,21.0,30,233,25.63,127.61798283261803,12.551803131891965,0.09835450187576414,19.67098712446352,1.7335153055247818,0.08812548625833436,37.56463519313304,-0.0024034334763948497,0.0021888412017167388,1511.31,5
Good,NON_FILLET,BSK46,VAL,12-25-22-0532-00,good_weld_33_12-25-22_butt_BSK46,150,18.0,30,235,25.85,146.45502127659574,9.241071892468298,0.06309836161244045,18.14136170212766,2.000726325650496,0.11028534453485078,35.13936170212766,10.960042553191489,0.12578723404255324,1440.33,5
Spatter,NON_FILLET,FE410,VAL,12-06-22-0217-09,spatter_weld_12_12-06-22_plane_plate,165,15.0,35,203,22.330000000000002,154.60418719211825,29.486666137516796,0.19072359341002396,14.147093596059111,3.8098475744708424,0.26930249302458376,41.17502463054186,12.176305418719211,0.06246305418719212,1559.67,5
Porosity,NON_FILLET,FE410,VAL,11-25-22-0206-03,porosity_weld_12_11-25-22_plane_plate,160,21.0,30,221,24.31,135.30361990950226,22.700282007066104,0.16777290971408726,15.234886877828053,3.990488761458554,0.2619309741817692,31.994343891402714,-0.006018099547511312,0.003800904977375573,1269.84,5
Undercut,FILLET,FE410,VAL,03-15-23-0110-05,undercut_6_03-15-23_Fe410,310,20.0,30,203,22.330000000000002,293.35039408866993,21.62146641060489,0.07370525776102911,19.025714285714287,1.8281787336908992,0.0960898868886942,131.89073891625617,16.5148275862069,0.19995073891625617,4960.49,5
Good,NON_FILLET,BSK46,VAL,12-22-22-0491-00,good_weld_31_12-22-22_plane_plate_BSK46,160,22.0,30,235,25.85,136.18268085106382,12.008857060958348,0.08818196987979576,21.01340425531915,1.448462309614916,0.06893039756983997,34.468765957446806,8.059148936170214,0.06557446808510639,1402.46,5
Spatter,NON_FILLET,FE410,VAL,11-15-22-0124-09,spatter_weld_8_11-15-22_plane_plate,160,12.0,30,225,24.75,130.45853333333332,24.741591538483185,0.1896510017881788,12.62871111111111,4.32940605782041,0.34282247964412393,37.30426666666666,10.026177777777779,0.0767111111111111,1485.57,5
Undercut,FILLET,FE410,VAL,03-15-23-0097-05,undercut_5_03-15-23_Fe410,310,19.0,30,201,22.11,298.24024875621893,23.82400699793826,0.07988193108506948,17.377064676616914,1.729353301322786,0.09951929934690605,130.31820895522387,16.687512437810945,0.18064676616915423,4912.79,5
Porosity,NON_FILLET,FE410,VAL,09-19-22-0050-03,porosity_weld_4_09-19-2022_plane_plate,170,22.0,30,231,25.41,147.6347619047619,11.082809517035393,0.0750691055009445,21.21160173160173,2.0419514402088264,0.09626578256778512,37.075281385281386,-0.004761904761904762,0.004978354978354984,1521.64,5
Spatter,NON_FILLET,FE410,VAL,11-14-22-0097-09,spatter_weld_6_11-14-22_plane_plate,170,17.0,30,224,24.64,146.98080357142857,25.3386552794207,0.1723943172422977,15.512991071428571,3.4151929713136346,0.22015051485484635,40.901473214285716,10.231250000000001,0.07589285714285714,1613.28,5
Overlap,FILLET,FE410,VAL,03-22-23-0091-06,overlap_5_03-22-23_Fe410,245,18.0,30,102,11.22,234.69147058823532,34.920587544450356,0.1487935946582324,16.782843137254904,3.8943018483473444,0.2320406510683933,1.1534313725490197,8.070882352941176,0.06215686274509804,20.82,5
Good,NON_FILLET,BSK46,VAL,12-24-22-0519-00,good_weld_32_12-24-22_butt_BSK46,165,21.0,30,236,25.96,153.59326271186438,12.488301723921875,0.08130761404131048,21.91652542372881,1.2995235638371105,0.05929423294579938,40.925466101694916,11.710084745762712,0.059576271186440696,1681.64,5
Overlap,FILLET,FE410,VAL,03-22-23-0034-06,overlap_2_03-22-23_Fe410,240,18.0,30,100,11.0,231.357,24.234109174358927,0.10474768074602855,17.254199999999997,3.1489822566228045,0.18250525997280692,1.0308000000000002,6.7038,0.05800000000000001,20.16,5
Spatter,NON_FILLET,FE410,VAL,12-06-22-0248-09,spatter_weld_14_12-06-22_plane_plate,165,14.5,35,202,22.22,147.80212871287128,21.855412843742286,0.14786940508955618,12.293217821782179,4.385448352882542,0.3567372201859165,41.58975247524752,13.309108910891087,0.07475247524752475,1556.39,5
Porosity,NON_FILLET,FE410,VAL,10-30-22-0142-03,porosity_weld_9_10-30-22_plane_plate,180,21.0,30,233,25.63,163.1596566523605,17.32195158687831,0.10616565358301584,18.031287553648074,1.9330128950168224,0.10720326483982764,36.68236051502146,-0.007768240343347639,-0.004635193133047209,1640.16,5
Spatter,NON_FILLET,FE410,VAL,11-14-22-0081-09,spatter_weld_6_11-14-22_plane_plate,170,17.0,30,224,24.64,143.92535714285714,28.03021748486013,0.1947552400862758,15.615803571428573,3.103828863108758,0.19876203289260583,38.01491071428571,11.366741071428573,0.05933035714285716,1557.71,5
Overlap,FILLET,FE410,VAL,03-22-23-0017-06,overlap_1_03-22-23_Fe410,230,18.0,30,99,10.89,218.94232323232325,24.307058428478655,0.11102037317237216,17.24232323232323,2.91319231179048,0.16895590417475062,0.9786868686868685,6.598282828282827,0.0704040404040404,17.05,5
Porosity,NON_FILLET,FE410,VAL,11-26-22-0221-03,porosity_weld_13_11-26-22_plane_plate,160,22.0,30,217,23.87,131.79511520737327,10.566639682343704,0.08017474445632984,19.237603686635946,1.671848824013917,0.08690525344252328,35.57728110599078,-0.006267281105990784,0.009124423963133642,1364.92,5
Good,NON_FILLET,BSK46,VAL,12-22-22-0486-00,good_weld_31_12-22-22_plane_plate_BSK46,160,22.0,30,234,25.74,139.11555555555555,12.156446668857647,0.0873838056449625,20.926196581196578,1.4517234318434653,0.06937349681345938,34.36004273504273,7.881324786324787,0.06931623931623931,1394.59,5
Overlap,FILLET,FE410,VAL,03-22-23-0115-06,overlap_6_03-22-23_Fe410,250,18.0,30,99,10.89,242.57555555555558,20.985358901115244,0.08651060842900593,16.075555555555557,2.553594194592711,0.1588495144548963,22.815252525252525,9.926666666666666,0.03606060606060606,670.66,5
Undercut,FILLET,BSK46,VAL,04-03-23-0002-05,13_undercut_1_03-20-23_BSK46,280,18.0,35,169,18.59,274.7869822485207,29.364537545204602,0.1068629136101031,16.402662721893492,2.4103209401189463,0.14694693056766722,4.3673372781065085,8.672130177514793,0.0904733727810651,139.18,5
Spatter,NON_FILLET,BSK46,VAL,12-25-22-0299-09,spatter_weld_16_12-25-22_plane_plate_BSK46,160,15.0,30,216,23.76,144.12754629629632,33.51239562405175,0.23251901864170518,14.642407407407408,3.989503523432428,0.2724622674693636,37.93087962962963,18.159722222222225,0.0775462962962963,1516.72,5
Porosity,NON_FILLET,FE410,VAL,10-27-22-0095-03,porosity_weld_6_10-27-22_plane_plate,150,21.0,30,235,25.85,124.76323404255318,12.154260612424501,0.09741860817970645,19.661787234042556,1.6534135233883607,0.08409273804599152,38.4756170212766,-0.0014042553191489363,0.007829787234042554,1571.64,5
Undercut,FILLET,FE410,VAL,03-15-23-0112-05,undercut_6_03-15-23_Fe410,310,20.0,30,202,22.22,295.3227722772277,20.01830486304161,0.06778449460121506,19.048663366336633,1.8127214074532678,0.0951626564337718,134.15024752475247,16.49539603960396,0.24475247524752478,4997.05,5
Overlap,FILLET,FE410,VAL,03-22-23-0081-06,overlap_5_03-22-23_Fe410,245,18.0,30,100,11.0,231.53709999999998,30.630958733268404,0.13229395519451703,16.7217,3.8073851826802247,0.2276912743728344,0.9298000000000001,8.7987,0.06219999999999998,17.05,5
Spatter,NON_FILLET,FE410,VAL,12-06-22-0219-09,spatter_weld_12_12-06-22_plane_plate,165,15.0,35,203,22.330000000000002,146.32940886699507,32.595376147292505,0.22275341914980198,14.599064039408866,3.0067212843922304,0.20595301700683383,40.666009852216746,12.720049261083744,0.05517241379310345,1551.64,5
Undercut,FILLET,FE410,VAL,03-15-23-0033-05,undercut_2_03-15-23_Fe410,295,18.0,30,210,23.1,285.0503333333333,24.46733247130882,0.08583513018627875,16.246904761904762,2.027607645972446,0.12479962649419336,117.34004761904762,13.123142857142856,0.22271428571428573,4481.97,5
Porosity,NON_FILLET,FE410,VAL,11-27-22-0275-03,porosity_weld_15_11-26-22_plane_plate,140,19.0,30,219,24.09,115.97264840182649,23.98283199641928,0.20679731235698473,18.83054794520548,2.6355614396269558,0.13996201530067565,35.39977168949772,-0.003287671232876712,0.019497716894977174,1357.54,5
Spatter,NON_FILLET,FE410,VAL,12-31-22-0003-09,7_spatter,170,16.0,30,212,23.32,139.8642452830189,41.901907487445854,0.29958984444277564,14.390801886792454,4.315884011899189,0.2999057346387492,41.09646226415094,14.5586320754717,0.049528301886792456,1568.03,5
Spatter,NON_FILLET,FE410,VAL,12-06-22-0221-09,spatter_weld_13_12-06-22_plane_plate,165,13.5,35,202,22.22,148.86792079207922,22.855642251314293,0.1535296666313779,12.925544554455445,4.2793427158962825,0.33107639665527205,41.109603960396036,14.545,0.07960396039603959,1535.08,5
Spatter,NON_FILLET,FE410,VAL,11-14-22-0106-09,spatter_weld_7_11-14-22_plane_plate,150,16.0,30,225,24.75,155.5333777777778,26.284530743325536,0.16899607736212235,13.9156,3.5390151626446262,0.2543199835181111,41.40240000000001,10.708266666666665,0.008977777777777769,1623.12,5
Spatter,NON_FILLET,BSK46,VAL,12-25-22-0286-09,spatter_weld_16_12-25-22_plane_plate_BSK46,160,15.0,30,220,24.2,146.19590909090908,29.740798225307532,0.2034311247848515,14.593636363636366,3.5372870256551128,0.2423855807774636,38.20977272727273,18.48640909090909,0.05868181818181818,1530.66,5
Spatter,NON_FILLET,FE410,VAL,09-23-22-0010-09,spatter_weld_2_09-23-22_plane_plate,170,14.0,35,198,21.78,142.27358585858588,35.79413427501309,0.25158664596105,16.048989898989902,6.1683767776428375,0.3843467293870666,35.895959595959596,47.10333333333333,1.1296464646464648,1365.57,5
Spatter,NON_FILLET,FE410,VAL,09-23-22-0078-09,spatter_weld_5_09-23-22_plane_plate,160,13.0,35,197,21.67,139.64390862944163,25.603210884649872,0.18334642116463828,13.656040609137056,5.009472410850984,0.3668319796514972,34.35177664974619,47.4467005076142,1.0208121827411165,1494.75,5
Spatter,NON_FILLET,FE410,VAL,11-15-22-0136-09,spatter_weld_8_11-15-22_plane_plate,160,12.0,30,223,24.53,133.40614349775785,29.493565925576764,0.22108101735264132,12.373946188340806,4.183594260205953,0.33809701420456245,37.397174887892376,10.907713004484304,0.09582959641255608,1477.54,5
Overlap,FILLET,FE410,VAL,03-22-23-0120-06,overlap_6_03-22-23_Fe410,250,18.0,30,100,11.0,243.33359999999996,27.133164228495446,0.11150603216528851,16.5366,2.9625201597575153,0.17914929064968102,15.941400000000002,9.546999999999999,0.07120000000000001,519.18,5
Spatter,NON_FILLET,FE410,VAL,11-15-22-0169-09,spatter_weld_10_11-15-22_plane_plate,170,16.0,30,223,24.53,154.94466367713002,24.292443542947225,0.15678141451561853,15.281748878923766,3.881111001159437,0.253970342786628,39.992466367713,12.227668161434977,0.0630493273542601,1599.34,5
Spatter,NON_FILLET,FE410,VAL,09-23-22-0071-09,spatter_weld_5_09-23-22_plane_plate,160,13.0,35,198,21.78,141.6779797979798,22.243083222161808,0.15699746180654514,13.660151515151515,5.061793634598476,0.3705517928541316,27.595555555555556,47.26520202020203,1.057727272727273,1217.71,5
Good,NON_FILLET,BSK46,VAL,12-24-22-0501-00,good_weld_32_12-24-22_butt_BSK46,165,21.0,30,235,25.85,148.62936170212762,13.310291115931111,0.08955357786307828,22.15468085106383,1.4054026570623468,0.06343592428662143,49.241319148936164,10.602085106382978,0.07561702127659574,1795.9,5
Spatter,NON_FILLET,FE410,VAL,09-23-22-0072-09,spatter_weld_5_09-23-22_plane_plate,160,13.0,35,199,21.89,138.978040201005,20.92398888324725,0.1505560796006673,13.193517587939695,4.43255024850223,0.3359642505463487,31.592763819095474,47.122713567839206,1.0305527638190957,1235.25,5
Spatter,NON_FILLET,FE410,VAL,12-06-22-0232-09,spatter_weld_13_12-06-22_plane_plate,165,13.5,35,201,22.11,150.86910447761196,23.13458327253875,0.15334208652356507,13.21910447761194,4.15302133320187,0.31416812993917137,40.05457711442786,13.281094527363184,0.021890547263681608,1528.53,5
Spatter,NON_FILLET,FE410,VAL,11-15-22-0133-09,spatter_weld_8_11-15-22_plane_plate,160,12.0,30,222,24.42,131.10058558558555,30.87522977538284,0.23550794710391865,12.502522522522522,3.6988237015987306,0.29584619383292676,37.48657657657657,11.001486486486487,0.0592792792792793,1481.48,5
Undercut,FILLET,FE410,VAL,03-15-23-0083-05,undercut_5_03-15-23_Fe410,310,19.0,30,202,22.22,298.78950495049503,19.982145332571655,0.06687699869472456,17.443960396039607,2.116191114773101,0.12131368489311355,130.8239603960396,16.92,0.1981188118811881,4877.05,5
Undercut,FILLET,FE410,VAL,03-15-23-0063-05,undercut_4_03-15-23_Fe410,300,19.0,30,210,23.1,280.9725238095238,29.12748669486809,0.10366667281180178,17.699190476190477,2.070397371170571,0.11697695292650455,118.05600000000001,12.908142857142858,0.21514285714285714,4686.07,5
Porosity,NON_FILLET,FE410,VAL,09-19-22-0033-03,porosity_weld_3_09-19-2022_plane_plate,160,22.0,30,232,25.52,140.33685344827586,11.811638072361324,0.08416633109644828,21.016034482758627,1.5071755524795176,0.0717155062586137,34.90676724137931,-0.008017241379310345,0.007629310344827583,1426.23,5
Spatter,NON_FILLET,FE410,VAL,09-23-22-0056-09,spatter_weld_4_09-23-22_plane_plate,160,14.0,35,200,22.0,138.88495,28.10259311337621,0.2023444089037452,14.3002,4.142566626049155,0.2896859222982304,33.99155,47.254850000000005,1.0145,1379.34,5
Overlap,FILLET,FE410,VAL,04-01-23-0003-06,16_overlap_4_03-22-23_Fe410,225,17.0,30,103,11.33,220.89349514563105,23.10522187429219,0.10459892383458073,15.323980582524271,2.4378266356534906,0.15908572988102254,1.3841747572815533,11.622233009708737,0.04203883495145632,34.1,5
Spatter,NON_FILLET,BSK46,VAL,12-25-22-0273-09,spatter_weld_15_12-25-22_plane_plate_BSK46,150,15.0,30,216,23.76,132.86388888888888,30.050986636539193,0.22617873741201544,14.814814814814815,3.70492581766277,0.250082492692237,34.807870370370374,18.85537037037037,0.05388888888888891,1366.23,5
Overlap,FILLET,BSK46,VAL,03-22-23-0003-06,overlap_1_03-22-23_BSK46,240,18.0,30,99,10.89,232.36141414141412,27.14041673277655,0.11680259750983876,16.644242424242425,3.094983792417122,0.18594921375990428,36.93868686868687,10.968888888888886,0.05949494949494949,754.59,5
Spatter,NON_FILLET,FE410,VAL,12-31-22-0001-09,7_spatter,170,16.0,30,210,23.1,141.2124761904762,39.56571193980032,0.2801856677764904,14.22890476190476,4.09041442671447,0.2874721909493549,46.22352380952381,12.900095238095238,0.06957142857142858,1651.64,5
Spatter,NON_FILLET,FE410,VAL,12-06-22-0243-09,spatter_weld_14_12-06-22_plane_plate,165,14.5,35,201,22.11,139.69890547263682,29.660989528267933,0.21232084408905913,12.842835820895521,4.3502261341119315,0.33872784755482405,41.3810447761194,13.461044776119403,0.06388059701492536,1552.3,5
Spatter,NON_FILLET,BSK46,VAL,12-25-22-0290-09,spatter_weld_16_12-25-22_plane_plate_BSK46,160,15.0,30,221,24.31,144.0831221719457,32.91816726546033,0.2284665043985964,14.714072398190044,3.8761094217372305,0.263428731138636,39.51036199095023,18.350542986425335,0.0790497737556561,1549.34,5
Overlap,FILLET,FE410,VAL,03-22-23-0135-06,overlap_7_03-22-23_Fe410,255,18.0,30,98,10.78,245.91071428571433,20.444235456530574,0.08313682271190995,16.369591836734696,2.492311442522907,0.1522525098597729,34.144387755102045,9.988367346938775,0.0625510204081633,915.57,5
Spatter,NON_FILLET,FE410,VAL,11-15-22-0128-09,spatter_weld_8_11-15-22_plane_plate,160,12.0,30,223,24.53,129.1299551569507,29.649170422707222,0.22960722310071438,12.559641255605381,4.144449762596562,0.3299815399382438,37.41488789237668,10.945515695067266,0.055426008968609865,1480.66,5
Spatter,NON_FILLET,FE410,VAL,11-15-22-0131-09,spatter_weld_8_11-15-22_plane_plate,160,12.0,30,221,24.31,126.93846153846154,33.8909287727103,0.26698707674538474,13.100814479638013,5.0164488768059385,0.3829112216345611,37.09176470588235,11.003122171945702,0.0460633484162896,1470.16,5
Porosity,NON_FILLET,FE410,VAL,11-25-22-0212-03,porosity_weld_12_11-25-22_plane_plate,160,21.0,30,220,24.2,132.7714090909091,16.221723337890413,0.1221778351902806,14.961363636363636,1.9885427432152476,0.132911864957422,32.82095454545454,-0.005318181818181818,-0.005227272727272729,1284.43,5
Spatter,NON_FILLET,FE410,VAL,12-06-22-0241-09,spatter_weld_14_12-06-22_plane_plate,165,14.5,35,200,22.0,139.58180000000002,27.18821697854351,0.19478339567582242,12.87575,4.229266355650252,0.32846757320158065,40.32005,14.44915,0.05565,1533.12,5
Porosity,NON_FILLET,FE410,VAL,10-30-22-0178-03,porosity_weld_10_10-30-22_plane_plate,150,20.0,30,232,25.52,130.77258620689653,13.593371036638496,0.10394664073655542,18.179482758620686,2.1204977137016683,0.1166423567632105,34.10939655172414,-0.001853448275862069,-0.008275862068965517,1316.56,5
Porosity,NON_FILLET,FE410,VAL,11-26-22-0234-03,porosity_weld_13_11-26-22_plane_plate,160,22.0,30,220,24.2,128.73172727272728,11.531956501270631,0.0895813079307121,19.578818181818182,2.1378514079772444,0.10919205582911815,35.887727272727275,-0.006045454545454546,0.003227272727272727,1375.57,5
Spatter,NON_FILLET,FE410,VAL,12-06-22-0253-09,spatter_weld_14_12-06-22_plane_plate,165,14.5,35,201,22.11,142.01845771144278,22.59670252734794,0.15911102607000968,12.63268656716418,4.115900356698234,0.3258135421009011,42.43502487562189,13.367810945273634,0.061791044776119394,1581.97,5
Good,NON_FILLET,BSK46,VAL,12-22-22-0498-00,good_weld_31_12-22-22_plane_plate_BSK46,160,22.0,30,235,25.85,136.31025531914892,9.605747341348076,0.07046973332166194,20.852553191489363,1.0955353608439247,0.05253722893228489,33.92408510638297,8.586,0.06289361702127659,1391.64,5
Porosity,NON_FILLET,FE410,VAL,10-30-22-0166-03,porosity_weld_10_10-30-22_plane_plate,150,20.0,30,232,25.52,129.95422413793105,12.86734301550048,0.09901442681727157,18.13262931034483,2.0846328028217314,0.11496583132775066,28.469655172413795,-0.0015948275862068962,0.007456896551724139,1314.1,5
Overlap,FILLET,FE410,VAL,03-22-23-0086-06,overlap_5_03-22-23_Fe410,245,18.0,30,100,11.0,238.39799999999997,28.440634324994946,0.1192989636028614,16.4072,2.6633961307877105,0.16233093585667943,1.3566,8.0212,0.058499999999999996,26.07,5
Porosity,NON_FILLET,FE410,VAL,11-26-22-0246-03,porosity_weld_14_11-26-22_plane_plate,140,18.0,30,220,24.2,118.83327272727273,17.305539488929714,0.14562873757290723,17.29022727272727,1.973568828471404,0.11414360247215555,32.53127272727273,-0.002772727272727273,4.545454545454549e-05,1290.33,5
Overlap,FILLET,FE410,VAL,03-22-23-0010-06,overlap_1_03-22-23_Fe410,230,18.0,30,99,10.89,226.8650505050505,17.752066816935244,0.07824945613004435,16.77161616161616,2.3353349220408375,0.1392432845789501,1.215050505050505,6.553434343434343,0.07222222222222223,26.23,5
Undercut,FILLET,FE410,VAL,03-15-23-0022-05,undercut_2_03-15-23_Fe410,295,18.0,30,210,23.1,280.10304761904763,26.319445269230467,0.09396343771677222,16.551857142857145,1.9356511406619388,0.1169446500145307,114.36119047619047,9.354952380952382,0.13890476190476192,4407.71,5
Spatter,NON_FILLET,FE410,VAL,12-06-22-0224-09,spatter_weld_13_12-06-22_plane_plate,165,13.5,35,202,22.22,149.84584158415842,23.84948308282725,0.15916012637182583,13.339554455445546,4.172400587931853,0.3127841039869643,40.520742574257426,13.396237623762376,0.015940594059405927,1540.98,5
Undercut,FILLET,BSK46,VAL,03-20-23-0006-05,undercut_1_03-20-23_BSK46,280,18.0,35,176,19.36,241.18863636363633,23.14786448314121,0.09597410902991937,16.975852272727273,2.940327359966273,0.1732064648494901,114.15312499999999,12.079318181818183,0.33073863636363643,4034.43,5
Porosity,NON_FILLET,FE410,VAL,09-19-22-0039-03,porosity_weld_3_09-19-2022_plane_plate,160,22.0,30,231,25.41,138.70627705627706,12.806181523384033,0.09232589753806314,21.321904761904765,1.6558835312760187,0.07766114471323117,33.74748917748918,-0.007316017316017317,0.005324675324675322,1414.92,5
Undercut,FILLET,FE410,VAL,03-15-23-0015-05,undercut_1_03-15-23_Fe410,290,18.0,30,210,23.1,278.6637619047619,30.465186102324395,0.10932597010133092,16.397333333333336,2.139578399049175,0.13048331430207194,113.42504761904762,8.370809523809523,0.1672857142857143,4352.62,5
Undercut,FILLET,BSK46,VAL,03-20-23-0008-05,undercut_1_03-20-23_BSK46,280,18.0,35,174,19.14,246.93028735632188,17.32633661162615,0.07016691551743162,16.791609195402298,2.541128907364912,0.15133325685430418,118.72804597701149,12.247298850574714,0.29862068965517236,4139.02,5
Spatter,NON_FILLET,FE410,VAL,12-06-22-0257-09,spatter_weld_14_12-06-22_plane_plate,165,14.5,35,201,22.11,146.46388059701493,19.106498105766832,0.13045194506580784,12.15363184079602,3.425397530766479,0.28184147550598565,39.77084577114428,13.166169154228854,0.0708955223880597,1543.77,5
Overlap,FILLET,FE410,VAL,03-22-23-0082-06,overlap_5_03-22-23_Fe410,245,18.0,30,101,11.11,236.19980198019806,30.129258768851187,0.12755835744255659,16.367128712871285,2.729318719619848,0.16675611021947193,1.2321782178217822,8.76237623762376,0.08287128712871286,20.98,5
Undercut,FILLET,FE410,VAL,03-15-23-0139-05,undercut_7_03-15-23_Fe410,310,20.5,30,202,22.22,283.105594059406,27.823579157039166,0.0982798635593218,19.950841584158415,1.4404303477502358,0.07219897675364141,133.35153465346536,17.698663366336636,0.17693069306930695,4930.66,5
Overlap,FILLET,FE410,VAL,03-22-23-0004-06,overlap_1_03-22-23_Fe410,230,18.0,30,101,11.11,225.40465346534648,19.602547057173794,0.08696602645866613,16.881782178217822,2.915051078811348,0.17267436862042754,0.9294059405940591,7.052178217821782,0.09811881188118812,18.2,5
Good,NON_FILLET,BSK46,VAL,12-24-22-0505-00,good_weld_32_12-24-22_butt_BSK46,165,21.0,30,235,25.85,144.2627234042553,16.43165473002514,0.11390090483721216,22.51727659574468,2.6549056810562215,0.11790527463511934,39.86591489361701,10.531957446808512,0.07187234042553191,1654.92,5
Porosity,NON_FILLET,FE410,VAL,11-26-22-0254-03,porosity_weld_14_11-26-22_plane_plate,140,18.0,30,219,24.09,124.26292237442924,15.133983014370928,0.12179001366770682,16.92488584474886,2.0061534605040285,0.11853276169224271,34.12694063926941,-0.0028767123287671234,0.012054794520547947,1311.8,5
Undercut,FILLET,FE410,VAL,03-15-23-0053-05,undercut_3_03-15-23_Fe410,300,18.5,30,209,22.99,293.55248803827755,23.4423326921434,0.07985738035743255,17.087942583732055,2.3225266158438114,0.1359161060182217,118.61004784688996,12.930047846889952,0.22578947368421048,4590.16,5
Good,NON_FILLET,BSK46,VAL,12-25-22-0531-00,good_weld_33_12-25-22_butt_BSK46,150,18.0,30,236,25.96,142.6139406779661,12.334290729881142,0.08648727236093262,18.236737288135597,1.3143544450735234,0.07207179794867212,34.97025423728813,11.175084745762712,0.14860169491525427,1435.9,5
Good,NON_FILLET,FE410,TEST,09-30-22-0077-00,good_weld_10_09-29-22_butt,160,22.0,30,232,25.52,140.9385344827586,18.4166170850118,0.13067126852567604,23.65405172413793,2.8959256282001227,0.122428312154444,33.419784482758615,13.247629310344829,0.09874999999999998,1468.69,5
Good,NON_FILLET,FE410,TEST,09-29-22-0025-00,good_weld_8_09-29-22_butt,170,22.0,30,236,25.96,158.50355932203388,17.612061994634498,0.11111461515417347,23.499364406779662,2.8130610303119346,0.1197079623779252,35.71775423728813,11.720677966101695,0.07423728813559322,1615.25,5
Good,NON_FILLET,FE410,TEST,08-17-22-0012-00,good_weld_08_17_22_plane_plate,180,24.0,30,240,26.4,175.33666666666664,11.589324140375203,0.0660975502768495,25.030541666666668,1.5738918922953995,0.0628788586861211,50.800625,13.360041666666666,0.1035,2447.05,5
Good,NON_FILLET,FE410,TEST,09-26-22-0006-00,good_weld_3_09-26-22_plane_plate,170,23.0,30,233,25.63,175.36583690987123,11.03996666931082,0.06295391886952748,24.069656652360514,1.5484558110729676,0.06433227666839653,42.812231759656655,12.692017167381973,0.16987124463519318,1785.41,5
Good,NON_FILLET,FE410,TEST,10-20-22-0127-00,good_weld_13_10-20-22_Plane_Plate,150,20.0,30,233,25.63,136.14600858369099,8.831085278128684,0.0648648121968268,20.964291845493563,1.0743348145570935,0.05124593868826674,38.687210300429186,16.932403433476395,0.2263948497854077,1557.05,5
Good,NON_FILLET,FE410,TEST,09-30-22-0060-00,good_weld_9_09-29-22_butt,160,23.0,30,234,25.74,147.36764957264955,15.949332732859226,0.10822818155212889,24.18893162393162,2.1000116828879833,0.08681704986136349,37.32076923076924,12.176837606837607,0.12491452991452993,1547.87,5
Good,NON_FILLET,FE410,TEST,09-26-22-0019-00,good_weld_3_09-26-22_plane_plate,170,23.0,30,234,25.74,172.3901282051282,13.225991236557716,0.07672127965947109,24.030811965811967,1.2605447860446866,0.052455355559272485,43.81196581196581,13.017948717948718,0.17482905982905986,1785.57,5
Good,NON_FILLET,FE410,TEST,09-29-22-0024-00,good_weld_8_09-29-22_butt,170,22.0,30,231,25.41,159.88437229437233,9.190448937320197,0.05748184644587485,23.142813852813852,1.390080183792461,0.06006530548243796,37.529783549783545,11.465411255411256,0.06974025974025974,1732.3,5
Good,NON_FILLET,FE410,TEST,08-17-22-0015-00,good_weld_08_17_22_plane_plate,180,24.0,30,239,26.29,174.8940585774059,14.45059205602537,0.08262483113244079,24.91213389121339,1.330443806214159,0.05340545342377964,52.60644351464435,13.545271966527196,0.07719665271966529,2517.05,5
Good,NON_FILLET,FE410,TEST,12-13-22-0314-00,good_weld_22_12-13-22_butt,150,22.0,30,236,25.96,136.05906779661018,13.368878244276056,0.0982578997546912,22.875508474576275,1.4245268553558417,0.06227301381908313,33.627415254237285,14.13008474576271,0.07970338983050847,1354.92,5
Good,FILLET,FE410,TEST,02-16-23-0089-00,good_weld_5_02-16-23_Fe410,160,19.0,25,279,30.69,128.74888888888887,10.308725883276301,0.08006846484067756,20.304516129032258,1.438542564914175,0.07084840415661449,43.23609318996415,4.342043010752689,0.08673835125448029,2051.8,5
Good,NON_FILLET,FE410,TEST,08-11-22-0003-00,good_weld_08_11_22_butt_joint,180,24.0,30,243,26.73,172.14399176954734,15.948381097144834,0.09264558659993928,25.27432098765432,1.7639111348314835,0.06979064385916031,55.30584362139918,14.2838683127572,0.18020576131687244,2429.02,5
Good,FILLET,FE410,TEST,02-16-23-0086-00,good_weld_5_02-16-23_Fe410,160,19.0,25,279,30.69,129.50139784946236,8.807602413211214,0.06801163971565408,20.293835125448027,1.5701828198736967,0.07737240448478472,43.291935483870965,4.4353046594982075,0.11405017921146954,2045.08,5
Good,FILLET,FE410,TEST,02-17-23-0130-00,good_weld_7_02-17-23_Fe410,165,20.0,25,279,30.69,133.26286738351257,10.437184752675709,0.07832027749064484,21.29430107526882,1.2675428542833898,0.059524980406871056,46.162724014336916,36.88637992831541,0.5597849462365592,2170.0,5
Good,NON_FILLET,FE410,TEST,11-18-22-0211-00,good_weld_17_11-18-22_plane_plate,160,21.0,30,221,24.31,130.0528959276018,15.17316296303299,0.11666916645577524,22.097873303167418,1.293663403693854,0.058542439172570765,37.182262443438916,10.77316742081448,0.05135746606334839,1434.92,5
Good,NON_FILLET,FE410,TEST,11-18-22-0195-00,good_weld_16_11-18-22_plane_plate,170,24.0,30,219,24.09,169.68146118721464,13.580405935688145,0.08003470644742076,24.971004566210045,1.2915028920457514,0.05172010155303769,39.61283105022831,10.169680365296802,0.061780821917808225,1564.59,5
Good,NON_FILLET,FE410,TEST,10-21-22-0179-00,good_weld_15_10-21-22_Plane_Plate,155,20.0,30,231,25.41,144.00991341991343,16.29919419164086,0.11318105680762834,21.052380952380954,2.6263439544903067,0.12475282299094421,39.41337662337663,14.966320346320343,0.16870129870129869,1630.98,5
Good,NON_FILLET,FE410,TEST,09-26-22-0018-00,good_weld_3_09-26-22_plane_plate,170,23.0,30,235,25.85,167.75842553191487,20.10842869981177,0.11986538760156809,24.25706382978724,2.219965613465257,0.09151831520264951,43.11310638297873,13.04668085106383,0.1774893617021277,1806.72,5
Good,NON_FILLET,FE410,TEST,10-20-22-0111-00,good_weld_12_10-20-22_Plane_Plate,150,22.0,30,234,25.74,132.16517094017095,17.1460374985588,0.12973189060770432,23.496880341880345,2.77835906015863,0.11824374213654829,33.31444444444445,17.39196581196581,0.1903846153846154,1396.72,5
Good,NON_FILLET,FE410,TEST,12-13-22-0344-00,good_weld_24_12-13-22_butt,150,19.0,30,234,25.74,133.75602564102564,7.887312135345585,0.058967901427585394,20.005256410256408,1.5115322564529639,0.0755567549575632,32.952991452991455,14.19773504273504,0.12034188034188036,1341.64,5
Good,NON_FILLET,FE410,TEST,12-13-22-0449-00,good_weld_29_12-13-22_butt,165,21.0,30,233,25.63,152.48377682403435,12.069004379342916,0.07914943235745332,19.705150214592273,1.940859456510059,0.09849503481951599,39.13738197424892,13.645450643776824,0.06995708154506439,1592.46,5
Good,FILLET,FE410,TEST,02-09-23-0020-00,good_weld_1_02-09-23_Fe410,170,21.0,25,285,31.35,138.19122807017544,15.927375236906974,0.11525605104847053,22.819543859649123,2.2304474703439943,0.09774285954453298,47.44368421052632,45.13894736842106,0.8536842105263158,2252.62,5
Good,NON_FILLET,FE410,TEST,12-13-22-0346-00,good_weld_24_12-13-22_butt,150,19.0,30,235,25.85,135.13297872340425,9.103689332647361,0.06736837608886849,19.701914893617026,1.7685090034517927,0.08976330539447967,34.21153191489362,13.919063829787234,0.08170212765957446,1366.07,5
Good,NON_FILLET,FE410,TEST,12-13-22-0397-00,good_weld_26_12-13-22_butt,155,19.0,30,236,25.96,136.71110169491524,12.066476986519715,0.08826259782067508,19.934406779661018,1.668751370322685,0.08371211587922969,36.55059322033898,17.13478813559322,0.06961864406779661,1453.28,5
Good,NON_FILLET,FE410,TEST,12-13-22-0378-00,good_weld_25_12-13-22_butt,155,20.0,30,234,25.74,150.429358974359,11.601756157550195,0.07712428103564371,20.74623931623931,2.142745912488512,0.10328358213872804,35.72858974358975,16.982435897435895,0.09085470085470085,1434.1,5
Good,NON_FILLET,FE410,TEST,12-13-22-0302-00,good_weld_22_12-13-22_butt,150,22.0,30,234,25.74,136.20393162393162,12.902932325156918,0.09473245134202732,23.156666666666666,1.4438426316826836,0.06235105649989997,33.57495726495726,13.374188034188034,0.08666666666666668,1346.72,5
Good,NON_FILLET,FE410,TEST,10-20-22-0133-00,good_weld_13_10-20-22_Plane_Plate,150,20.0,30,234,25.74,138.16824786324787,9.990714139632122,0.07230832187667631,20.819572649572653,1.646421216116837,0.0790804520260233,38.11098290598291,16.835897435897436,0.1838888888888889,1544.1,5
Good,NON_FILLET,FE410,TEST,09-29-22-0026-00,good_weld_8_09-29-22_butt,170,22.0,30,234,25.74,157.9812393162393,13.323779854692201,0.0843377347358397,23.389188034188034,2.382683906791778,0.10187116813584991,39.67192307692307,11.642820512820514,0.05376068376068376,1680.98,5
Good,FILLET,FE410,TEST,02-13-23-0053-00,good_weld_3_02-13-23_Fe410,150,18.0,25,277,30.47,118.16635379061373,9.725854646945384,0.08230646317630506,19.045162454873648,1.5028826379703746,0.0789115157999499,38.938231046931406,23.05664259927798,0.555595667870036,1821.48,5
Good,NON_FILLET,FE410,TEST,12-13-22-0420-00,good_weld_27_12-13-22_butt,160,21.0,30,235,25.85,143.63808510638296,12.791654771279505,0.08905475704306136,18.136127659574466,2.345518163161151,0.12932849873952557,36.59863829787234,18.16276595744681,0.09140425531914895,1454.75,5
Good,NON_FILLET,FE410,TEST,10-21-22-0160-00,good_weld_14_10-21-22_Plane_Plate,150,19.0,30,234,25.74,136.1874358974359,12.99821943262307,0.09544360202516888,19.671282051282052,1.519826643864945,0.07726118917429137,38.4855982905983,15.806581196581195,0.2716239316239316,1565.74,5
Good,NON_FILLET,FE410,TEST,10-20-22-0092-00,good_weld_11_10-20-22_Plane_Plate,150,21.0,30,232,25.52,134.96275862068967,10.47984510362769,0.07764990291196626,22.23797413793103,2.0209891580158055,0.09088009301029944,29.32491379310345,15.87771551724138,0.20064655172413798,1272.79,5
Good,FILLET,FE410,TEST,02-13-23-0049-00,good_weld_3_02-13-23_Fe410,150,18.0,25,277,30.47,118.4725631768953,9.084501310390914,0.07668021242037741,19.099169675090252,1.5246091314545998,0.07982593784917487,38.898411552346566,22.808592057761732,0.5609747292418772,1826.07,5
Good,NON_FILLET,FE410,TEST,12-13-22-0418-00,good_weld_27_12-13-22_butt,160,21.0,30,234,25.74,144.7984188034188,12.951330472519041,0.089443866718614,18.00153846153846,2.2906127206172187,0.1272453865824453,36.63764957264957,17.99534188034188,0.08512820512820514,1452.95,5
Good,NON_FILLET,FE410,TEST,12-13-22-0307-00,good_weld_22_12-13-22_butt,150,22.0,30,234,25.74,140.35252136752135,8.684648290691907,0.06187739419337287,22.738205128205127,1.1030213017329236,0.04850960291341132,33.45444444444444,13.430128205128206,0.0841025641025641,1345.25,5
Good,NON_FILLET,FE410,TEST,12-13-22-0380-00,good_weld_25_12-13-22_butt,155,20.0,30,234,25.74,146.21880341880342,11.212868692405227,0.07668554543076829,20.745641025641024,1.2313535485681908,0.059354808417164485,34.663931623931624,16.62294871794872,0.07782051282051282,1411.97,5
Good,NON_FILLET,FE410,TEST,12-13-22-0284-00,good_weld_21_12-13-22_butt,150,21.0,30,234,25.74,135.81726495726497,9.981783461442513,0.07349421639865367,21.970641025641022,1.208891955054863,0.055023062533497105,33.351666666666674,11.579145299145301,0.08504273504273503,1341.31,5
Good,NON_FILLET,FE410,TEST,12-13-22-0287-00,good_weld_21_12-13-22_butt,150,21.0,30,235,25.85,139.50106382978723,9.856712284963882,0.0706568969036006,21.86063829787234,1.7005265703527608,0.07778942898104993,33.14153191489362,11.938765957446806,0.09387234042553193,1342.79,5
Good,NON_FILLET,FE410,TEST,10-20-22-0100-00,good_weld_11_10-20-22_Plane_Plate,150,21.0,30,232,25.52,133.8921551724138,18.410610638425695,0.13750328101536816,22.140948275862073,2.5473649838508408,0.11505220788704712,34.812586206896555,16.08706896551724,0.1440948275862069,1417.05,5
Good,NON_FILLET,FE410,TEST,11-18-22-0199-00,good_weld_16_11-18-22_plane_plate,170,24.0,30,219,24.09,141.82438356164383,38.79013879650607,0.2735082488805317,25.435068493150684,1.4224476159274935,0.05592466229491535,29.842328767123288,10.141232876712328,0.09410958904109588,1365.08,5
Good,NON_FILLET,FE410,TEST,12-13-22-0303-00,good_weld_22_12-13-22_butt,150,22.0,30,235,25.85,141.0023829787234,9.831266811436752,0.06972411815848703,22.88472340425532,1.172614612737474,0.051240060542721316,34.65161702127659,13.521489361702129,0.07102127659574468,1369.18,5
Good,FILLET,FE410,TEST,02-14-23-0067-00,good_weld_4_02-14-23_Fe410,155,18.0,25,280,30.8,125.46728571428572,9.280928905651983,0.07397090686082528,19.107571428571433,0.7683906483215809,0.04021393567434798,40.872035714285715,21.536107142857144,0.5572142857142858,1920.82,5
Good,NON_FILLET,FE410,TEST,09-30-22-0053-00,good_weld_9_09-29-22_butt,160,23.0,30,233,25.63,150.15257510729612,12.47194428316246,0.08306180745984709,24.147381974248926,1.402161974453988,0.05806683208760566,37.36309012875537,11.921072961373389,0.16695278969957084,1569.67,5
Good,NON_FILLET,FE410,TEST,12-13-22-0309-00,good_weld_22_12-13-22_butt,150,22.0,30,234,25.74,138.83341880341882,10.525856711273166,0.07581644824418862,22.850384615384616,1.3569070886189192,0.059382242857537994,34.627264957264956,13.021666666666665,0.08756410256410257,1363.44,5
Good,NON_FILLET,FE410,TEST,10-20-22-0123-00,good_weld_13_10-20-22_Plane_Plate,150,20.0,30,233,25.63,138.88510729613733,8.413736413807134,0.060580551634430976,20.97527896995708,1.6588095633706625,0.07908402866758424,36.58982832618026,18.224763948497852,0.15643776824034336,1499.67,5
Good,FILLET,FE410,TEST,02-17-23-0096-00,good_weld_5_02-16-23_Fe410,160,19.0,25,278,30.580000000000002,129.09323741007194,11.124751485697253,0.08617609805817213,20.441798561151078,1.9397404835161387,0.09489089121553852,43.41381294964029,20.20089928057554,0.5500359712230217,2047.54,5
Good,NON_FILLET,FE410,TEST,10-20-22-0083-00,good_weld_11_10-20-22_Plane_Plate,150,21.0,30,233,25.63,133.60356223175967,10.242814837255017,0.07666573155801783,22.038369098712447,1.4488981846167877,0.06574434696719172,37.60673819742489,14.952532188841204,0.2060085836909871,1515.25,5
Good,NON_FILLET,FE410,TEST,11-20-22-0274-00,good_weld_20_11-20-22_plane_plate,140,19.0,30,222,24.42,125.52770270270271,14.453873352134375,0.11514488866546564,19.99788288288288,2.167037831602642,0.10836336247661049,32.3909009009009,15.969954954954957,0.06531531531531534,1258.36,5
Good,NON_FILLET,FE410,TEST,09-26-22-0028-00,good_weld_4_09-26-22_plane_plate,170,22.0,30,234,25.74,173.31192307692308,15.941611519258878,0.09198219739436694,23.113461538461536,1.7316873809119357,0.07492116133407162,41.37897435897436,13.036367521367522,0.14252136752136757,1762.13,5
Good,NON_FILLET,FE410,TEST,10-20-22-0107-00,good_weld_12_10-20-22_Plane_Plate,150,22.0,30,234,25.74,135.08897435897438,12.517873942577397,0.09266392021982063,23.185982905982904,1.7942686818620093,0.07738592274209849,30.673162393162393,18.411923076923074,0.19025641025641024,1221.8,5
Good,NON_FILLET,FE410,TEST,10-21-22-0150-00,good_weld_14_10-21-22_Plane_Plate,150,19.0,30,233,25.63,136.48377682403435,11.071036551709517,0.08111613562675049,19.795321888412015,1.2106641823067852,0.061159105627653164,38.807639484978544,15.984892703862661,0.24364806866952793,1569.84,5
Good,FILLET,FE410,TEST,04-01-23-0010-00,2_good_weld_2_02-09-23_Fe410,165,21.0,25,237,26.07,181.90286919831226,11.402270300427228,0.06268328999250893,17.48603375527426,1.9553335054409058,0.11182258554494237,0.24139240506329113,21.283797468354432,0.1270042194092827,6.89,5
Good,NON_FILLET,FE410,TEST,10-20-22-0118-00,good_weld_12_10-20-22_Plane_Plate,150,22.0,30,232,25.52,136.77637931034485,11.538939074818964,0.08436353654776294,23.194137931034486,1.8715482254308733,0.08069057065176295,36.47780172413793,15.951465517241383,0.17762931034482757,1488.2,5
Good,NON_FILLET,FE410,TEST,12-13-22-0416-00,good_weld_27_12-13-22_butt,160,21.0,30,235,25.85,149.6339574468085,11.422042458763906,0.07633322444756022,17.84174468085106,1.2384719435846627,0.0694142846306882,35.90974468085107,17.73782978723404,0.08204255319148938,1442.13,5
Good,FILLET,FE410,TEST,02-14-23-0077-00,good_weld_4_02-14-23_Fe410,155,18.0,25,278,30.580000000000002,126.90982014388489,6.234447998403012,0.0491250242994172,19.008237410071942,1.3679012836357487,0.07196360473227967,41.064748201438846,25.267625899280574,0.6164028776978416,1919.84,5
Good,NON_FILLET,FE410,TEST,12-13-22-0458-00,good_weld_29_12-13-22_butt,165,21.0,30,235,25.85,154.53600000000003,9.12688337664836,0.05905991727913469,19.674851063829788,1.4254815797243676,0.07245196291955523,39.268085106382976,16.420255319148936,0.03608510638297872,1598.36,5
Good,NON_FILLET,FE410,TEST,11-20-22-0267-00,good_weld_20_11-20-22_plane_plate,140,19.0,30,220,24.2,124.94750000000002,8.132906585013007,0.0650905907282099,20.00418181818182,2.076164967279192,0.10378654754038298,32.131499999999996,15.740681818181818,0.06477272727272729,1251.31,5
Good,NON_FILLET,FE410,TEST,12-13-22-0419-00,good_weld_27_12-13-22_butt,160,21.0,30,236,25.96,146.30656779661018,13.95405127170086,0.09537542628365975,17.80233050847458,1.4983440763557543,0.08416561391456506,35.92012711864407,19.304830508474577,0.06699152542372883,1439.02,5
Good,NON_FILLET,FE410,TEST,09-29-22-0034-00,good_weld_8_09-29-22_butt,170,22.0,30,232,25.52,161.69853448275862,11.182411030617692,0.06915592071621425,23.283663793103447,2.046641410693327,0.08790031624230617,39.57689655172414,11.42948275862069,0.08081896551724138,1609.51,5
Good,NON_FILLET,FE410,TEST,09-26-22-0049-00,good_weld_5_09-26-22_plane_plate,160,23.0,30,235,25.85,164.15361702127663,15.615343214250986,0.0951264035335086,23.901999999999997,1.2937356630362964,0.054126669861781294,39.664765957446804,12.705148936170213,0.13182978723404257,1676.89,5
Good,FILLET,FE410,TEST,02-13-23-0050-00,good_weld_3_02-13-23_Fe410,150,18.0,25,277,30.47,120.39361010830328,9.402963491747897,0.07810184845598708,18.97870036101083,1.0067171719201968,0.053044579068667996,38.9001083032491,22.73505415162455,0.5174729241877256,1814.75,5
Good,NON_FILLET,FE410,TEST,11-20-22-0258-00,good_weld_19_11-20-22_plane_plate,140,18.0,30,221,24.31,124.6614932126697,13.249441773359191,0.10628335528402456,18.685837104072398,2.673495473359096,0.1430760344569435,31.75031674208144,15.725656108597285,0.09995475113122172,1240.16,5
Good,FILLET,FE410,TEST,02-09-23-0012-00,good_weld_1_02-09-23_Fe410,170,21.0,25,282,31.02,144.0877659574468,9.428290828407297,0.0654343605493317,22.240070921985815,1.0551372354814812,0.04744306972683287,46.90808510638298,40.86712765957447,0.9374468085106383,2217.05,5
Good,NON_FILLET,FE410,TEST,09-29-22-0030-00,good_weld_8_09-29-22_butt,170,22.0,30,233,25.63,161.26386266094423,11.983062206428107,0.07430717588367819,23.0874678111588,1.3508917967730512,0.058511908184237016,41.1125321888412,11.736695278969956,0.08394849785407724,1691.64,5
Good,NON_FILLET,FE410,TEST,11-20-22-0228-00,good_weld_18_11-18-22_plane_plate,160,22.0,30,221,24.31,151.74719457013575,11.842857928387488,0.07804334018784025,22.875882352941176,1.61296558175134,0.07050943683245334,38.00823529411765,15.24683257918552,0.05742081447963802,1478.69,5
Good,NON_FILLET,FE410,TEST,09-26-22-0068-00,good_weld_6_09-26-22_plane_plate,160,22.0,30,234,25.74,168.924188034188,14.476348758309767,0.08569731147904021,22.97405982905983,1.7390210397412191,0.07569498176119206,42.05025641025642,12.815384615384616,0.11235042735042737,1685.9,5
Good,NON_FILLET,FE410,TEST,11-18-22-0218-00,good_weld_17_11-18-22_plane_plate,160,21.0,30,219,24.09,134.5128310502283,23.300718916808822,0.17322302069538723,22.24643835616438,2.5789162985355554,0.11592490704566874,36.68936073059361,12.337853881278543,0.05484018264840183,1377.05,5
Good,NON_FILLET,FE410,TEST,11-18-22-0206-00,good_weld_17_11-18-22_plane_plate,160,21.0,30,220,24.2,129.17968181818182,12.605321206908942,0.09757975116126014,22.199136363636363,1.7767418437954248,0.08003653001140369,36.81995454545454,11.111636363636363,0.02695454545454546,1436.89,5
Good,FILLET,FE410,TEST,02-17-23-0116-00,good_weld_6_02-17-23_Fe410,165,19.0,25,280,30.8,133.30157142857144,11.682972001924298,0.0876431678690639,20.538035714285712,1.8752363001807577,0.09130553312244916,45.81182142857143,34.33746428571429,0.5540714285714287,2159.02,5
Good,NON_FILLET,FE410,TEST,09-26-22-0063-00,good_weld_6_09-26-22_plane_plate,160,22.0,30,234,25.74,163.82418803418804,15.714101878113684,0.09592052349946242,23.138247863247866,2.095935553369791,0.09058315762529778,40.50606837606838,13.014871794871794,0.1350854700854701,1683.28,5
Good,FILLET,FE410,TEST,04-01-23-0027-00,3_good_weld_4_02-14-23_Fe410,155,18.0,25,237,26.07,157.0779746835443,11.91203244904718,0.0758351543113899,18.56345991561182,1.113868588522274,0.060003285679816276,0.19535864978902956,17.039578059071733,0.06379746835443037,7.54,5
Good,NON_FILLET,FE410,TEST,12-31-22-0004-00,8_good_weld_plane_plate,170,24.0,30,234,25.74,148.58354700854701,12.482332949516591,0.08400885024503128,23.25705128205128,1.5323832953548107,0.06588897606883783,49.84132478632478,12.163247863247863,0.0829059829059829,1888.36,5
Spatter,NON_FILLET,FE410,TEST,12-31-22-0006-09,7_spatter,170,16.0,30,212,23.32,141.63693396226415,36.812949279169274,0.2599106620662745,14.08122641509434,3.6565130368020937,0.2596729098029773,46.804103773584906,14.980990566037738,0.054528301886792446,1657.38,5
Porosity,NON_FILLET,FE410,TEST,10-27-22-0087-03,porosity_weld_6_10-27-22_plane_plate,150,21.0,30,233,25.63,127.18965665236053,14.221260943131545,0.11181145792382804,19.46703862660944,1.839954151242353,0.09451638672598742,38.135321888412015,-0.0047210300429184554,0.003090128755364807,1523.28,5
Porosity,NON_FILLET,FE410,TEST,09-19-22-0002-03,porosity_weld_2_09-19-2022_plane_plate,150,22.0,30,234,25.74,127.84457264957264,13.191683588951351,0.10318532351866287,21.547051282051278,1.7090391665773328,0.079316614798284,32.490470085470086,-0.010341880341880341,-0.01435897435897436,1302.62,5
Porosity,NON_FILLET,FE410,TEST,09-19-22-0072-03,porosity_weld_5_09-19-2022_plane_plate,180,22.0,30,232,25.52,157.5740948275862,13.190328676939306,0.08370873836446178,20.311077586206896,2.023985000931976,0.0996493166028005,42.89543103448275,-0.004482758620689655,0.02581896551724138,1769.84,5
Porosity,NON_FILLET,FE410,TEST,11-26-22-0256-03,porosity_weld_14_11-26-22_plane_plate,140,18.0,30,221,24.31,120.91072398190046,16.06163714119099,0.13283881373165304,17.076199095022623,1.9032097376893438,0.11145394400116194,34.60380090497737,-0.003574660633484163,0.04176470588235294,1310.0,5
Undercut,FILLET,FE410,TEST,03-15-23-0135-05,undercut_7_03-15-23_Fe410,310,20.5,30,202,22.22,290.7613861386139,33.679090536452925,0.11583068502912276,20.094702970297032,2.183367056264061,0.10865386064633069,133.92024752475248,16.889603960396038,0.22148514851485154,4931.64,5
Spatter,NON_FILLET,FE410,TEST,08-30-22-0009-09,spatter_weld_1_08_27_2022_plane_plate_corrected,150,16.0,30,176,19.36,108.62090909090911,70.38834096859856,0.6480183378845392,25.344090909090905,9.865175070358921,0.3892495140482743,33.000795454545454,14.23340909090909,0.23386363636363636,1207.54,5
Porosity,NON_FILLET,FE410,TEST,11-25-22-0188-03,porosity_weld_11_11-25-22_plane_plate,170,24.0,30,220,24.2,142.1460909090909,11.684075928858581,0.08219765914161577,22.79722727272727,1.7846205084191296,0.07828234929929848,42.842318181818186,-0.0048636363636363625,0.019272727272727264,1667.38,5
Undercut,FILLET,FE410,TEST,03-15-23-0034-05,undercut_2_03-15-23_Fe410,295,18.0,30,209,22.99,281.39799043062203,21.345827028230573,0.07585635915723903,16.42933014354067,2.321776411065723,0.1413189941878762,117.36258373205742,12.95956937799043,0.2285167464114832,4520.0,5
Overlap,FILLET,FE410,TEST,03-22-23-0023-06,overlap_2_03-22-23_Fe410,240,18.0,30,101,11.11,232.71792079207924,27.904792825492603,0.11990822507573025,16.79089108910891,2.6777756063605853,0.15947787357738702,1.272970297029703,6.525544554455443,0.09643564356435648,23.93,5
Spatter,NON_FILLET,FE410,TEST,12-06-22-0195-09,spatter_weld_11_12-06-22_plane_plate,165,14.0,35,203,22.330000000000002,133.22408866995073,41.60574947811496,0.3122989985781702,15.301330049261084,6.18733661285898,0.4043659337416731,41.042068965517245,12.919064039408866,0.04950738916256159,1555.41,5
Porosity,NON_FILLET,FE410,TEST,09-19-22-0009-03,porosity_weld_2_09-19-2022_plane_plate,150,22.0,30,231,25.41,126.72991341991342,10.660687350029546,0.08412131802462357,21.423506493506494,1.2185334373750802,0.05687833771490303,30.988354978354973,-0.008917748917748918,-0.019393939393939387,1280.82,5
Porosity,NON_FILLET,FE410,TEST,09-19-22-0038-03,porosity_weld_3_09-19-2022_plane_plate,160,22.0,30,232,25.52,138.45508620689657,13.06252184874013,0.09434483200725835,20.957715517241382,1.6285104462967273,0.07770457829513874,32.66866379310345,-0.006379310344827586,-0.0002586206896551688,1402.62,5
Porosity,NON_FILLET,FE410,TEST,11-25-22-0182-03,porosity_weld_11_11-25-22_plane_plate,170,24.0,30,220,24.2,144.19286363636363,11.796204578044307,0.08180851867810088,22.738500000000005,1.329237782412079,0.05845758437944801,42.333181818181814,-0.005681818181818182,0.020090909090909093,1653.28,5
Porosity,NON_FILLET,FE410,TEST,10-30-22-0167-03,porosity_weld_10_10-30-22_plane_plate,150,20.0,30,231,25.41,129.49956709956712,13.557864324043583,0.1046942829825792,18.087662337662337,1.9051805091499718,0.10533038894600455,27.762424242424242,-0.002207792207792208,-0.013593073593073598,1306.23,5
Good,NON_FILLET,BSK46,TEST,12-22-22-0489-00,good_weld_31_12-22-22_plane_plate_BSK46,160,22.0,30,236,25.96,135.66885593220337,8.406256431740434,0.06196157824122303,21.026186440677968,1.1148864416871862,0.05302371140066985,34.60779661016949,8.288559322033898,0.0827542372881356,1398.85,5
Porosity,NON_FILLET,FE410,TEST,10-27-22-0096-03,porosity_weld_6_10-27-22_plane_plate,150,21.0,30,234,25.74,125.46551282051283,13.04731208870924,0.10399122273045926,19.645,1.7171668576953671,0.08740986804252314,39.4698717948718,-0.004658119658119658,0.006282051282051282,1598.36,5
Porosity,NON_FILLET,FE410,TEST,10-27-22-0126-03,porosity_weld_8_10-27-22_plane_plate,170,21.0,30,232,25.52,148.59349137931036,15.124869527823755,0.10178689111769325,18.647456896551727,1.4490528322625653,0.0777077989937879,36.149698275862065,-0.006896551724137932,-0.007801724137931035,1453.93,5
Undercut,FILLET,FE410,TEST,03-15-23-0095-05,undercut_5_03-15-23_Fe410,310,19.0,30,202,22.22,300.25841584158417,22.630597467953947,0.07537040187374403,17.41069306930693,1.3922752468661876,0.07996667572760847,132.31554455445547,16.14381188118812,0.17123762376237625,4880.33,5
Overlap,FILLET,FE410,TEST,03-22-23-0054-06,overlap_3_03-22-23_Fe410,235,18.0,30,100,11.0,231.93559999999997,23.652042956159203,0.10197676836224887,16.6551,2.9952229626456184,0.17983818545944594,0.8525999999999999,6.9864999999999995,0.048900000000000006,19.51,5
Undercut,FILLET,FE410,TEST,03-15-23-0096-05,undercut_5_03-15-23_Fe410,310,19.0,30,201,22.11,297.7589054726368,19.909544062986974,0.06686464685710837,17.497363184079603,1.8297684313698854,0.10457395277905326,132.53726368159204,16.307960199004974,0.20492537313432835,4904.26,5
Undercut,FILLET,FE410,TEST,03-15-23-0128-05,undercut_7_03-15-23_Fe410,310,20.5,30,204,22.44,290.25098039215686,32.17059249833915,0.11083715360710787,19.839117647058824,2.011632723111248,0.10139728786826742,133.68774509803922,16.97078431372549,0.21269607843137256,5011.97,5
Spatter,NON_FILLET,FE410,TEST,11-15-22-0143-09,spatter_weld_9_11-15-22_plane_plate,170,15.0,30,224,24.64,147.4709375,35.1923214147788,0.23863902957000463,14.5834375,3.5891603456947445,0.2461120943326801,41.43799107142856,9.306026785714286,0.08861607142857145,1619.84,5
Porosity,NON_FILLET,FE410,TEST,09-19-22-0027-03,porosity_weld_3_09-19-2022_plane_plate,160,22.0,30,232,25.52,136.31193965517244,12.69441395150246,0.09312767453544751,21.26146551724138,2.1306821679852423,0.10021332566456562,34.98219827586207,-0.004051724137931035,0.012456896551724139,1441.31,5
Porosity,NON_FILLET,FE410,TEST,11-25-22-0205-03,porosity_weld_12_11-25-22_plane_plate,160,21.0,30,221,24.31,133.21153846153845,18.254980874087124,0.13703753507326843,14.914072398190045,2.168803330328448,0.14541992773158668,33.68787330316742,-0.004660633484162895,0.02873303167420814,1292.62,5
Overlap,FILLET,FE410,TEST,03-22-23-0005-06,overlap_1_03-22-23_Fe410,230,18.0,30,101,11.11,223.22673267326726,23.067547425286065,0.10333685015696394,16.976930693069306,3.028455627072735,0.17838652238293448,0.823168316831683,6.68940594059406,0.08267326732673269,13.28,5
Porosity,NON_FILLET,FE410,TEST,09-19-22-0071-03,porosity_weld_5_09-19-2022_plane_plate,180,22.0,30,231,25.41,153.2601731601732,14.793537454059722,0.09652564752487197,20.873852813852817,1.859650587792457,0.089089954038495,40.72402597402598,-0.003463203463203463,0.020519480519480524,1715.74,5
Porosity,NON_FILLET,FE410,TEST,10-30-22-0153-03,porosity_weld_9_10-30-22_plane_plate,180,21.0,30,231,25.41,161.03264069264074,15.947997596696897,0.09903580744935103,18.06883116883117,1.8897471471251803,0.10458602050502326,42.56844155844155,-0.004242424242424243,0.0157142857142857,1852.13,5
Porosity,NON_FILLET,FE410,TEST,11-25-22-0184-03,porosity_weld_11_11-25-22_plane_plate,170,24.0,30,221,24.31,142.98950226244344,14.51070116801717,0.10148088452944033,23.13556561085973,1.9624526100805617,0.08482406019757717,42.73642533936651,-0.006018099547511312,0.000542986425339367,1670.66,5
Porosity,NON_FILLET,FE410,TEST,11-26-22-0250-03,porosity_weld_14_11-26-22_plane_plate,140,18.0,30,220,24.2,123.5,14.679787116020773,0.11886467300421678,16.82831818181818,1.7076575824344864,0.10147523739356741,33.46259090909091,-0.001954545454545455,0.00572727272727273,1298.03,5
Undercut,FILLET,FE410,TEST,03-15-23-0008-05,undercut_1_03-15-23_Fe410,290,18.0,30,209,22.99,274.37636363636364,20.941516851924565,0.07632405566712287,16.607751196172252,2.069987275906407,0.12463982940589191,110.06344497607657,8.167799043062201,0.1633971291866029,4252.3,5
Porosity,NON_FILLET,FE410,TEST,10-27-22-0108-03,porosity_weld_7_10-27-22_plane_plate,160,21.0,30,232,25.52,135.76896551724138,14.293801361666223,0.1052803290296194,19.267413793103447,1.5454360237029257,0.08020983201471996,42.12116379310345,-0.0010775862068965517,0.0016379310344827576,1727.05,5
Overlap,FILLET,FE410,TEST,03-22-23-0140-06,overlap_7_03-22-23_Fe410,255,18.0,30,100,11.0,244.0494,22.631563853712063,0.09273353613535647,16.4012,2.4140189382735655,0.14718550705275013,42.275,10.0215,0.025500000000000002,714.59,5
Spatter,NON_FILLET,FE410,TEST,12-06-22-0260-09,spatter_weld_14_12-06-22_plane_plate,165,14.5,35,201,22.11,141.04472636815922,27.52180826271688,0.19512823323063228,12.846218905472638,5.084973710044211,0.3958342721279608,41.29736318407961,13.340895522388061,0.09582089552238808,1562.13,5
Overlap,FILLET,BSK46,TEST,03-22-23-0001-06,overlap_1_03-22-23_BSK46,240,18.0,30,99,10.89,225.51757575757577,23.711336266277097,0.1051418550710479,16.773737373737376,2.80257373907926,0.167081055142025,38.81141414141414,11.280404040404042,0.06212121212121213,720.66,5
Overlap,FILLET,FE410,TEST,03-22-23-0071-06,overlap_4_03-22-23_Fe410,225,17.0,30,99,10.89,232.57838383838387,33.924080175130996,0.14586084749262193,15.217676767676767,3.115893368889809,0.20475486609809904,2.0942424242424242,7.728383838383839,0.08202020202020205,49.34,5
Spatter,NON_FILLET,FE410,TEST,11-14-22-0092-09,spatter_weld_6_11-14-22_plane_plate,170,17.0,30,224,24.64,147.13437500000003,19.8351049165758,0.13480945507517056,15.429017857142856,3.569799069805306,0.23136917092572223,41.13709821428572,10.338080357142857,0.10075892857142858,1610.98,5
Good,NON_FILLET,BSK46,TEST,12-22-22-0493-00,good_weld_31_12-22-22_plane_plate_BSK46,160,22.0,30,236,25.96,132.52487288135595,9.48616414556158,0.07158025462928873,21.126016949152543,1.7375654966160705,0.08224766177165127,35.050889830508474,8.438220338983053,0.06665254237288136,1415.74,5
Porosity,NON_FILLET,FE410,TEST,11-26-22-0239-03,porosity_weld_13_11-26-22_plane_plate,160,22.0,30,220,24.2,124.11890909090911,10.92076622209003,0.0879863213597154,19.83577272727273,1.8203755052391581,0.09177235141115907,35.88190909090909,-0.005363636363636365,0.011272727272727271,1378.53,5
Porosity,NON_FILLET,BSK46,TEST,12-22-22-0297-03,porosity_weld_16_12-22-22_plane_plate_BSK46,150,21.0,30,232,25.52,129.84775862068966,13.730788331382291,0.1057452856887008,18.357241379310345,1.7496948830890617,0.09531360660001276,34.11581896551724,-0.003146551724137931,0.009353448275862071,1394.26,5
Spatter,NON_FILLET,BSK46,TEST,12-25-22-0274-09,spatter_weld_15_12-25-22_plane_plate_BSK46,150,15.0,30,217,23.87,133.38705069124424,28.028670317726917,0.2101303700207442,14.915714285714285,3.9080902046420376,0.2620116026481588,35.47115207373271,19.25755760368664,0.10308755760368661,1376.39,5
Spatter,NON_FILLET,BSK46,TEST,12-25-22-0284-09,spatter_weld_16_12-25-22_plane_plate_BSK46,160,15.0,30,219,24.09,144.80511415525115,28.99492369934685,0.20023411375001765,14.501872146118723,3.4769319310712956,0.23975745310938082,37.670913242009135,18.358995433789957,0.05470319634703197,1518.2,5
Porosity,NON_FILLET,FE410,TEST,09-16-22-0007-03,porosity_weld_1_09-16-2022_plane_plate_corrected,180,24.0,30,229,25.19,155.89510917030566,10.757321888857176,0.06900358802857294,23.375633187772927,1.4436163672305211,0.06175731607499866,42.80772925764192,-0.010305676855895198,0.005152838427947599,1739.02,5
Spatter,NON_FILLET,FE410,TEST,12-06-22-0244-09,spatter_weld_14_12-06-22_plane_plate,165,14.5,35,199,21.89,140.16708542713567,20.472884568948103,0.14606057125722793,12.629095477386935,3.7906249565929233,0.3001501543305487,42.10497487437186,13.155979899497487,0.0663819095477387,1568.2,5
Spatter,NON_FILLET,FE410,TEST,12-06-22-0230-09,spatter_weld_13_12-06-22_plane_plate,165,13.5,35,201,22.11,153.0478606965174,25.332240897727495,0.16551842529808017,13.574378109452736,5.084455598814724,0.374562691404189,39.68865671641792,13.371592039800998,0.06651741293532337,1542.62,5
Spatter,NON_FILLET,FE410,TEST,09-23-22-0011-09,spatter_weld_2_09-23-22_plane_plate,170,14.0,35,200,22.0,140.2671,45.58047685072742,0.3249548671835906,17.411299999999997,6.917693526649125,0.3973105699545195,38.22425,46.85065,1.13855,1485.57,5
Spatter,NON_FILLET,FE410,TEST,11-14-22-0098-09,spatter_weld_6_11-14-22_plane_plate,170,17.0,30,223,24.53,147.66237668161438,24.305016984817076,0.16459857636737688,15.552286995515695,3.6942175009451708,0.23753532210473943,40.55896860986547,10.244843049327354,0.05901345291479822,1605.9,5
Overlap,FILLET,FE410,TEST,03-22-23-0009-06,overlap_1_03-22-23_Fe410,230,18.0,30,101,11.11,222.649504950495,25.425497807368007,0.11419516882833959,16.852970297029703,2.6556613280139674,0.15757823583668343,1.0490099009900988,6.364554455445546,0.0808910891089109,20.16,5
Porosity,NON_FILLET,FE410,TEST,09-19-22-0021-03,porosity_weld_3_09-19-2022_plane_plate,160,22.0,30,231,25.41,139.1787878787879,13.001011442359943,0.09341230542748113,20.96004329004329,1.1929169575804688,0.056913859435927,35.83917748917749,-0.01025974025974026,0.020822510822510815,1431.8,5
Spatter,NON_FILLET,FE410,TEST,11-14-22-0107-09,spatter_weld_7_11-14-22_plane_plate,150,16.0,30,227,24.97,141.3866960352423,35.50001998142442,0.2510845855862961,14.693568281938326,3.01862229731657,0.20543834141548384,39.97286343612335,10.691409691629957,0.033303964757709276,1599.02,5
Spatter,NON_FILLET,FE410,TEST,11-14-22-0114-09,spatter_weld_7_11-14-22_plane_plate,150,16.0,30,222,24.42,143.59351351351353,33.90904253853103,0.23614606056240742,14.526126126126126,3.234311992598763,0.2226548196343728,40.34220720720721,10.621081081081082,0.05689189189189189,1601.97,5
Spatter,NON_FILLET,FE410,TEST,12-06-22-0242-09,spatter_weld_14_12-06-22_plane_plate,165,14.5,35,202,22.22,139.17059405940594,28.848343885203697,0.20728763917533885,12.842673267326735,4.046183114147475,0.31505770098826996,40.39123762376238,14.032376237623762,0.06806930693069305,1543.44,5
Spatter,NON_FILLET,FE410,TEST,11-14-22-0099-09,spatter_weld_6_11-14-22_plane_plate,170,17.0,30,226,24.86,146.4815486725664,21.370852606915555,0.1458945020760691,15.315929203539822,2.61898763720917,0.17099763275243327,40.94845132743363,10.119778761061948,0.11420353982300885,1614.1,5
Spatter,NON_FILLET,FE410,TEST,11-14-22-0082-09,spatter_weld_6_11-14-22_plane_plate,170,17.0,30,223,24.53,143.84856502242152,30.591562808210387,0.2126650537211971,15.78645739910314,3.779979682809983,0.23944445465166436,40.49860986547085,10.593183856502241,0.07318385650224218,1594.92,5
Overlap,FILLET,FE410,TEST,03-22-23-0001-06,overlap_1_03-22-23_Fe410,230,18.0,30,100,11.0,222.8491,16.770986556875812,0.07525714286876552,16.8645,2.6301562633609756,0.15595815253111422,0.6759,7.107499999999998,0.08230000000000003,14.1,5
Undercut,FILLET,BSK46,TEST,03-20-23-0009-05,undercut_1_03-20-23_BSK46,280,18.0,35,177,19.47,243.84587570621468,26.77448933063489,0.10980087013197128,16.775706214689265,2.3071727788316183,0.13753059032539536,123.59468926553673,12.34322033898305,0.24412429378531075,4199.84,5
Overlap,FILLET,FE410,TEST,03-22-23-0055-06,overlap_3_03-22-23_Fe410,235,18.0,30,101,11.11,223.35920792079207,32.39522994773053,0.14503646502551426,16.93534653465347,2.958006952106921,0.17466468407092725,0.9229702970297031,7.224059405940594,0.11910891089108917,15.74,5
Spatter,NON_FILLET,FE410,TEST,11-14-22-0111-09,spatter_weld_7_11-14-22_plane_plate,150,16.0,30,226,24.86,143.5579646017699,35.02982504880452,0.24401171433418778,14.62433628318584,3.278469256929708,0.22417901185020545,42.141681415929206,10.025353982300885,0.06836283185840707,1628.85,5
Undercut,FILLET,FE410,TEST,03-15-23-0012-05,undercut_1_03-15-23_Fe410,290,18.0,30,210,23.1,277.9146666666667,19.60773068256335,0.07055306190831964,16.49157142857143,2.004039439187991,0.12151901035434495,41.3042380952381,8.048666666666668,0.13414285714285715,2847.21,5
Porosity,NON_FILLET,BSK46,TEST,12-22-22-0291-03,porosity_weld_16_12-22-22_plane_plate_BSK46,150,21.0,30,233,25.63,126.8063948497854,10.836651723090466,0.08545824314244987,18.61695278969957,1.5922454006418196,0.08552663900629219,34.836437768240344,-0.005107296137339057,0.004334763948497854,1402.13,5
Porosity,NON_FILLET,FE410,TEST,09-19-22-0068-03,porosity_weld_5_09-19-2022_plane_plate,180,22.0,30,230,25.3,154.61473913043477,14.8540078743634,0.0960710987704244,20.10378260869565,1.2046775812662043,0.05992293115749946,43.192260869565224,-0.003000000000000001,0.04421739130434783,1813.77,5
Porosity,NON_FILLET,FE410,TEST,10-27-22-0136-03,porosity_weld_8_10-27-22_plane_plate,170,21.0,30,233,25.63,152.42536480686695,12.38591089775816,0.08125885684086721,18.518712446351934,1.8864135531957533,0.10186526512902168,41.07824034334764,-0.005493562231759656,0.009613733905579396,1582.79,5
Spatter,NON_FILLET,BSK46,TEST,12-25-22-0275-09,spatter_weld_15_12-25-22_plane_plate_BSK46,150,15.0,30,222,24.42,132.2895945945946,32.534217369331365,0.24593179432617843,14.975405405405406,3.8873143921374647,0.25957991031977873,34.9222972972973,18.640045045045046,0.13315315315315315,1370.82,5
Spatter,NON_FILLET,FE410,TEST,11-15-22-0174-09,spatter_weld_10_11-15-22_plane_plate,170,16.0,30,224,24.64,151.95691964285714,25.701810110091813,0.16913879387986097,15.434955357142856,4.007336768985215,0.2596273637507305,41.90950892857143,12.358839285714286,0.1166517857142857,1635.74,5
Spatter,NON_FILLET,FE410,TEST,11-15-22-0164-09,spatter_weld_10_11-15-22_plane_plate,170,16.0,30,225,24.75,153.21804444444444,25.431221701486518,0.16598059186630373,15.219199999999999,3.396525703883728,0.22317373474845778,41.81991111111111,12.198844444444443,0.06426666666666667,1641.64,5
Undercut,FILLET,BSK46,TEST,03-20-23-0016-05,undercut_1_03-20-23_BSK46,280,18.0,35,177,19.47,245.65045197740116,18.02803204920834,0.07338896348078709,16.75276836158192,2.3349580776638943,0.1393774465967373,118.68502824858757,12.157683615819208,0.3590395480225989,4125.08,5
Porosity,NON_FILLET,FE410,TEST,09-19-22-0014-03,porosity_weld_2_09-19-2022_plane_plate,150,22.0,30,233,25.63,124.29454935622317,12.597445994861761,0.1013515561230122,21.563476394849786,1.7146479533613472,0.07951630441976755,31.513004291845498,-0.0075965665236051505,0.019313304721030048,1302.13,5
Porosity,NON_FILLET,FE410,TEST,11-26-22-0249-03,porosity_weld_14_11-26-22_plane_plate,140,18.0,30,220,24.2,122.364,13.71348006616534,0.11207119795172878,16.95340909090909,2.373660586675967,0.14001081280748381,33.14209090909091,-0.0014545454545454542,0.01040909090909091,1292.46,5
Porosity,NON_FILLET,FE410,TEST,11-26-22-0231-03,porosity_weld_13_11-26-22_plane_plate,160,22.0,30,219,24.09,129.19931506849315,8.80715091995601,0.06816716416249596,19.363470319634704,1.2755037906594378,0.06587165263274462,35.572420091324204,-0.007031963470319635,0.010182648401826484,1375.57,5
Spatter,NON_FILLET,FE410,TEST,09-23-22-0019-09,spatter_weld_2_09-23-22_plane_plate,170,14.0,35,199,21.89,141.20849246231154,41.933679525220924,0.2969628723740748,15.472864321608037,5.349755525112162,0.3457508198815629,36.480100502512556,47.078291457286426,1.1449246231155779,1391.64,5
Porosity,NON_FILLET,FE410,TEST,11-25-22-0185-03,porosity_weld_11_11-25-22_plane_plate,170,24.0,30,221,24.31,141.87914027149318,16.33290442587539,0.11511843386294504,22.946425339366517,1.5906366307209707,0.06931958277580169,42.088190045248865,-0.004389140271493214,0.0019004524886877844,1655.41,5
Good,NON_FILLET,BSK46,TEST,12-25-22-0540-00,good_weld_33_12-25-22_butt_BSK46,150,18.0,30,236,25.96,144.3333474576271,12.61077139313148,0.08737254151770926,18.205974576271185,1.4859126801289182,0.08161676123977385,35.88550847457628,11.195254237288136,0.0822033898305085,1448.53,5
Spatter,NON_FILLET,FE410,TEST,09-23-22-0066-09,spatter_weld_5_09-23-22_plane_plate,160,13.0,35,198,21.78,138.39575757575759,25.716100018948964,0.18581566710866854,14.311111111111114,6.186740018673618,0.4323032621743987,20.216767676767677,47.102171717171714,1.0166666666666666,1040.98,5
Spatter,NON_FILLET,BSK46,TEST,12-25-22-0297-09,spatter_weld_16_12-25-22_plane_plate_BSK46,160,15.0,30,219,24.09,147.98561643835615,28.72042192834419,0.19407576641279708,14.353378995433792,3.240872362131865,0.22579159674964874,38.803333333333335,17.757716894977168,0.07095890410958905,1541.48,5
Porosity,NON_FILLET,FE410,TEST,10-27-22-0127-03,porosity_weld_8_10-27-22_plane_plate,170,21.0,30,232,25.52,150.4583620689655,13.739521655218786,0.09131776703059555,18.763491379310345,2.074190054184462,0.1105439287525976,41.80625,-0.002672413793103448,0.004956896551724137,1624.43,5
Porosity,NON_FILLET,FE410,TEST,09-19-22-0029-03,porosity_weld_3_09-19-2022_plane_plate,160,22.0,30,233,25.63,136.43042918454935,13.599331778253173,0.09967960857073437,21.05291845493562,1.9486418960423169,0.09255922879354903,35.175021459227466,-0.0065236051502145925,0.021287553648068672,1456.89,5
Porosity,NON_FILLET,BSK46,TEST,12-22-22-0317-03,porosity_weld_17_12-22-22_plane_plate_BSK46,160,22.0,30,234,25.74,140.60290598290598,15.746994566295855,0.1119962240909183,20.778974358974363,1.8743096627254705,0.09020222222450373,41.523931623931624,-0.0015811965811965809,0.0022222222222222222,1713.12,5
Spatter,NON_FILLET,FE410,TEST,09-23-22-0020-09,spatter_weld_2_09-23-22_plane_plate,170,14.0,35,199,21.89,148.79502512562814,26.815011340785155,0.18021443471073814,14.506884422110552,4.773868192239634,0.32907604784963895,36.99723618090453,47.51291457286433,1.1922110552763818,1390.16,5
Good,NON_FILLET,BSK46,TEST,12-22-22-0484-00,good_weld_31_12-22-22_plane_plate_BSK46,160,22.0,30,236,25.96,137.51601694915254,9.52580983454776,0.06927054786694405,21.14491525423729,1.5250608614365089,0.07212423616268207,34.10800847457627,7.85542372881356,0.07326271186440679,1392.46,5
Spatter,NON_FILLET,FE410,TEST,09-23-22-0058-09,spatter_weld_4_09-23-22_plane_plate,160,14.0,35,201,22.11,133.6802487562189,35.08710491673274,0.2624703742189922,15.753233830845769,5.9930422149397335,0.38043250543294804,34.98034825870647,47.22174129353234,1.0322885572139304,1349.34,5
Overlap,FILLET,BSK46,TEST,03-22-23-0007-06,overlap_1_03-22-23_BSK46,240,18.0,30,99,10.89,243.3857575757576,18.528485465760994,0.07612805962975756,16.456767676767676,2.6121352702272054,0.1587271158913427,1.3953535353535351,10.651111111111112,0.03494949494949495,29.84,5
Porosity,NON_FILLET,BSK46,TEST,12-22-22-0320-03,porosity_weld_17_12-22-22_plane_plate_BSK46,160,22.0,30,233,25.63,146.33210300429187,13.411800495871855,0.09165316578193708,20.707424892703862,1.6585419631978044,0.08009407117454675,41.622145922746775,-0.0008583690987124464,0.007081545064377684,1717.05,5
Spatter,NON_FILLET,FE410,TEST,09-23-22-0048-09,spatter_weld_4_09-23-22_plane_plate,160,14.0,35,201,22.11,132.77258706467663,30.864585162830746,0.2324620303421209,15.91781094527363,6.171799509387809,0.3877291626723561,32.96800995024876,46.86721393034826,1.0033830845771146,1257.71,5
Porosity,NON_FILLET,FE410,TEST,10-27-22-0081-03,porosity_weld_6_10-27-22_plane_plate,150,21.0,30,233,25.63,125.07793991416311,12.050456460656054,0.09634357960265326,19.70991416309013,2.0105167442245198,0.10200535261536167,37.75381974248927,-0.0057081545064377685,0.008283261802575107,1508.69,5
Spatter,NON_FILLET,FE410,TEST,11-15-22-0170-09,spatter_weld_10_11-15-22_plane_plate,170,16.0,30,226,24.86,152.3262389380531,23.43481413084173,0.15384620728653337,15.042345132743362,2.7266086848600004,0.1812622075081143,41.891548672566365,12.176061946902655,0.09084070796460175,1640.66,5
Spatter,NON_FILLET,FE410,TEST,11-15-22-0142-09,spatter_weld_9_11-15-22_plane_plate,170,15.0,30,225,24.75,148.99155555555555,35.46214652849895,0.23801447267443238,14.45408888888889,2.5228821017253953,0.17454452654326616,40.98662222222222,9.221022222222222,0.07364444444444444,1618.69,5
Porosity,NON_FILLET,FE410,TEST,11-25-22-0207-03,porosity_weld_12_11-25-22_plane_plate,160,21.0,30,217,23.87,135.47345622119815,17.779217177991693,0.1312376436972433,15.159677419354837,3.2396906841229933,0.2137044604911433,33.855714285714285,-0.005898617511520737,-0.0060829493087557595,1257.21,5
Spatter,NON_FILLET,FE410,TEST,11-15-22-0172-09,spatter_weld_10_11-15-22_plane_plate,170,16.0,30,225,24.75,155.38457777777776,25.877966357302547,0.16654140795305794,15.3632,4.1283918392724575,0.26871952713448094,40.574133333333336,12.544622222222221,0.049511111111111124,1616.07,5
Undercut,FILLET,BSK46,TEST,03-20-23-0010-05,undercut_1_03-20-23_BSK46,280,18.0,35,176,19.36,247.87965909090906,19.373850768430177,0.0781582919691078,16.775000000000002,2.436346444986837,0.14523674783826152,118.42517045454547,12.40852272727273,0.3179545454545455,4167.71,5
Overlap,FILLET,FE410,TEST,03-22-23-0021-06,overlap_2_03-22-23_Fe410,240,18.0,30,100,11.0,232.11800000000002,24.919875398945916,0.10735865119872613,16.8446,2.8707294747453505,0.17042431846083317,1.0246000000000002,6.4398,0.09470000000000006,18.52,5
Spatter,NON_FILLET,FE410,TEST,08-30-22-0002-09,spatter_weld_1_08_27_2022_plane_plate_corrected,150,16.0,30,179,19.69,115.89340782122905,66.7368216432324,0.5758465722759404,22.032067039106146,9.025712812335732,0.4096625521479854,32.81759776536313,14.396927374301677,0.21435754189944137,1226.39,5
Overlap,FILLET,BSK46,TEST,03-22-23-0002-06,overlap_1_03-22-23_BSK46,240,18.0,30,100,11.0,234.3982,21.942674872623357,0.09361281303620658,16.4144,2.1023735119712637,0.12808104542177987,3.9944000000000006,11.1899,0.08120000000000001,165.57,5
Good,NON_FILLET,BSK46,TEST,12-25-22-0533-00,good_weld_33_12-25-22_butt_BSK46,150,18.0,30,234,25.74,144.24970085470088,18.01808644018343,0.12490900385528425,18.529615384615386,3.1687010548553274,0.17100738407588373,35.45021367521367,10.9832905982906,0.10717948717948715,1439.34,5
Porosity,NON_FILLET,FE410,TEST,09-16-22-0013-03,porosity_weld_1_09-16-2022_plane_plate_corrected,180,24.0,30,232,25.52,154.0978448275862,11.49202375796967,0.07457614849076981,23.4151724137931,1.4006392991542376,0.05981759495092026,36.688922413793094,-0.007241379310344828,0.004827586206896554,1662.13,5
Spatter,NON_FILLET,FE410,TEST,08-30-22-0013-09,spatter_weld_1_08_27_2022_plane_plate_corrected,150,16.0,30,183,20.13,124.35868852459018,65.11020374133086,0.5235677901866602,21.555136612021858,9.47358501469666,0.43950475402753864,36.543551912568304,14.84120218579235,0.22038251366120218,1287.54,5
Spatter,NON_FILLET,FE410,TEST,09-23-22-0024-09,spatter_weld_3_09-23-22_plane_plate,170,13.0,35,198,21.78,137.38,43.36277984795407,0.3156411402529777,15.317171717171718,6.183841813502707,0.4037195591775046,36.85449494949495,46.263232323232316,0.9531313131313133,1391.8,5
Spatter,NON_FILLET,BSK46,TEST,12-25-22-0293-09,spatter_weld_16_12-25-22_plane_plate_BSK46,160,15.0,30,222,24.42,145.40283783783784,32.93065903652581,0.22647879179120356,14.614594594594594,3.691161703553585,0.2525668214511274,38.70198198198198,18.160585585585583,0.05504504504504506,1540.49,5
Overlap,FILLET,FE410,TEST,03-22-23-0076-06,overlap_4_03-22-23_Fe410,225,17.0,30,100,11.0,218.1442,20.701803375307644,0.09489962774764418,15.3729,3.039242760220965,0.19770132897637824,1.0956,8.1226,0.06100000000000001,25.57,5
Overlap,FILLET,FE410,TEST,03-22-23-0016-06,overlap_1_03-22-23_Fe410,230,18.0,30,101,11.11,224.89069306930693,25.986199847512363,0.11555035689940234,16.983663366336636,3.185118121129035,0.18754011148397265,1.2402970297029703,6.40158415841584,0.04712871287128713,22.79,5
Spatter,NON_FILLET,FE410,TEST,08-30-22-0004-09,spatter_weld_1_08_27_2022_plane_plate_corrected,150,16.0,30,185,20.35,118.64275675675674,69.41051670935025,0.5850379627612395,22.646756756756755,9.691712689663753,0.4279514631503334,36.11167567567568,14.254756756756757,0.28816216216216217,1268.85,5
Spatter,NON_FILLET,BSK46,TEST,12-25-22-0262-09,spatter_weld_15_12-25-22_plane_plate_BSK46,150,15.0,30,201,22.11,141.95338308457713,29.586858628409882,0.20842658332969607,13.88965174129353,3.965129049363898,0.28547361180955205,40.00124378109453,19.96223880597015,0.03761194029850745,1418.36,5
Undercut,FILLET,FE410,TEST,03-15-23-0023-05,undercut_2_03-15-23_Fe410,295,18.0,30,208,22.88,280.6516346153846,15.665281505868945,0.055817531678863115,16.27581730769231,1.6559733204251408,0.10174440331438786,116.22115384615384,9.16923076923077,0.1321153846153846,4425.9,5
Overlap,FILLET,FE410,TEST,03-22-23-0008-06,overlap_1_03-22-23_Fe410,230,18.0,30,100,11.0,221.09359999999998,22.10281304460698,0.09997038830887453,17.145000000000003,3.007337323576751,0.17540608478137942,0.7728,6.455,0.07790000000000001,15.57,5
Spatter,NON_FILLET,FE410,TEST,09-23-22-0033-09,spatter_weld_3_09-23-22_plane_plate,170,13.0,35,200,22.0,146.43779999999998,23.677296000376547,0.1616884165179793,13.5612,4.401236984641349,0.32454627795780233,37.486149999999995,46.749300000000005,0.9616999999999999,1391.15,5
Spatter,NON_FILLET,FE410,TEST,12-06-22-0209-09,spatter_weld_12_12-06-22_plane_plate,165,15.0,35,200,22.0,132.75959999999998,43.203113183935244,0.3254236468318318,15.92705,4.986934164323455,0.31311097562470486,40.43355,13.3497,0.0508,1541.64,5
Porosity,NON_FILLET,FE410,TEST,11-27-22-0277-03,porosity_weld_15_11-26-22_plane_plate,140,19.0,30,221,24.31,118.20932126696832,25.87093281150155,0.21885696097580729,18.923348416289596,3.400818566016627,0.17971547588740344,34.53986425339367,-0.003846153846153846,0.03927601809954751,1349.18,5
Spatter,NON_FILLET,FE410,TEST,12-06-22-0228-09,spatter_weld_13_12-06-22_plane_plate,165,13.5,35,202,22.22,152.11950495049504,25.801947200854762,0.16961629745805187,13.650792079207921,5.121071518622095,0.3751483056006844,41.43490099009901,12.762722772277225,0.08757425742574258,1563.77,5
Spatter,NON_FILLET,FE410,TEST,12-06-22-0181-09,spatter_weld_11_12-06-22_plane_plate,165,14.0,35,200,22.0,133.14195,50.06454142642968,0.37602379585419676,14.7802,4.502737074916672,0.3046465592425455,40.4184,13.1701,0.06115,1525.9,5
Spatter,NON_FILLET,FE410,TEST,11-15-22-0145-09,spatter_weld_9_11-15-22_plane_plate,170,15.0,30,224,24.64,147.67026785714285,36.760942349715975,0.24893936256199348,14.649508928571427,3.6806331379103843,0.25124617868466037,40.009821428571435,9.119598214285714,0.07151785714285715,1596.23,5
Spatter,NON_FILLET,BSK46,TEST,12-25-22-0296-09,spatter_weld_16_12-25-22_plane_plate_BSK46,160,15.0,30,219,24.09,147.25858447488585,29.467201317595205,0.20010515123904832,14.430593607305937,3.4355593423251825,0.23807470682188872,38.467123287671235,18.029817351598176,0.08191780821917809,1526.56,5
Spatter,NON_FILLET,FE410,TEST,09-23-22-0026-09,spatter_weld_3_09-23-22_plane_plate,170,13.0,35,198,21.78,143.20641414141414,29.944698348081005,0.2091016560090044,14.139141414141415,5.799063005900004,0.4101425140355417,35.57777777777777,46.42752525252525,0.9963131313131313,1377.05,5
Porosity,NON_FILLET,BSK46,TEST,12-22-22-0314-03,porosity_weld_17_12-22-22_plane_plate_BSK46,160,22.0,30,236,25.96,144.6468220338983,16.777246688694174,0.11598766189804287,20.624957627118643,1.8993410946803577,0.09208945438913371,42.654661016949156,-0.003135593220338983,0.0074576271186440725,1730.0,5
Porosity,NON_FILLET,FE410,TEST,09-16-22-0005-03,porosity_weld_1_09-16-2022_plane_plate_corrected,180,24.0,30,229,25.19,156.43786026200874,12.699168720468043,0.08117708014670451,23.47078602620087,1.528898322717173,0.06514048234304705,42.47668122270742,-0.009650655021834063,0.01017467248908297,1707.05,5
Undercut,FILLET,FE410,TEST,03-15-23-0115-05,undercut_6_03-15-23_Fe410,310,20.0,30,203,22.330000000000002,287.7526108374384,26.326206470173005,0.09148902730563098,19.08743842364532,1.7627328411331604,0.09235041402671955,133.44600985221675,16.79650246305419,0.21630541871921183,4989.84,5
Spatter,NON_FILLET,BSK46,TEST,12-25-22-0294-09,spatter_weld_16_12-25-22_plane_plate_BSK46,160,15.0,30,222,24.42,151.19801801801802,24.491414741781913,0.16198237954986494,14.359414414414415,3.320043629349885,0.23121023835185958,38.79842342342342,18.243468468468468,0.10418918918918921,1537.21,5
Undercut,FILLET,FE410,TEST,03-15-23-0024-05,undercut_2_03-15-23_Fe410,295,18.0,30,209,22.99,276.967990430622,23.257059490282156,0.08397020700523095,16.358325358851673,1.738680857547444,0.10628721580027899,116.13684210526316,9.071626794258373,0.08818181818181818,4453.44,5
Spatter,NON_FILLET,BSK46,TEST,12-25-22-0263-09,spatter_weld_15_12-25-22_plane_plate_BSK46,150,15.0,30,201,22.11,132.90398009950246,37.76603114016089,0.2841602720391537,14.218606965174127,4.1699854975468735,0.29327665556551985,36.888159203980095,19.44412935323383,0.059303482587064665,1381.48,5
Spatter,NON_FILLET,FE410,TEST,12-06-22-0238-09,spatter_weld_13_12-06-22_plane_plate,165,13.5,35,204,22.44,148.75460784313728,25.565285872005745,0.17186214425683208,13.375098039215684,4.0063305189155525,0.29953653477298053,42.09598039215686,12.80220588235294,0.0594607843137255,1557.05,5
Overlap,FILLET,FE410,TEST,03-22-23-0018-06,overlap_1_03-22-23_Fe410,230,18.0,30,100,11.0,223.4041,22.788982101937425,0.10200789556654254,16.9052,3.177506321668365,0.18796029160662783,1.0396999999999998,6.508000000000001,0.045199999999999976,18.69,5
Porosity,NON_FILLET,FE410,TEST,09-19-22-0081-03,porosity_weld_5_09-19-2022_plane_plate,180,22.0,30,231,25.41,160.9248051948052,16.638278622061964,0.10339163438427491,20.048614718614722,2.211291336979325,0.1102964652678066,38.117142857142866,-0.003766233766233766,0.0196969696969697,1694.75,5
Overlap,FILLET,FE410,TEST,03-22-23-0128-06,overlap_7_03-22-23_Fe410,255,18.0,30,101,11.11,238.18366336633662,25.846888506076404,0.1085166301532729,16.61445544554455,3.0567739449450704,0.183982794679244,43.11999999999999,9.584158415841584,0.09405940594059413,1122.3,5
Spatter,NON_FILLET,BSK46,TEST,12-25-22-0266-09,spatter_weld_15_12-25-22_plane_plate_BSK46,150,15.0,30,212,23.32,136.78259433962265,44.52523668402346,0.3255182934567689,14.086037735849056,4.13050475536759,0.29323396918463657,37.744905660377356,19.809056603773588,0.10132075471698114,1447.87,5
Undercut,FILLET,FE410,TEST,03-15-23-0123-05,undercut_7_03-15-23_Fe410,310,20.5,30,204,22.44,283.9880392156863,30.39203420198153,0.10701871207645848,19.98803921568627,2.174560728741916,0.10879309897667992,134.99019607843138,16.79441176470588,0.22392156862745094,5031.15,5
Overlap,FILLET,FE410,TEST,04-01-23-0004-06,16_overlap_4_03-22-23_Fe410,225,17.0,30,103,11.33,235.2753398058252,26.796942348823027,0.11389609455431571,15.145631067961167,3.900780884593949,0.2575515584058825,1.419514563106796,11.80368932038835,0.07184466019417476,32.62,5
Overlap,FILLET,FE410,TEST,03-22-23-0064-06,overlap_4_03-22-23_Fe410,225,17.0,30,99,10.89,226.54717171717178,24.195722300305018,0.10680213801349803,14.864949494949496,2.172057885187889,0.14611942582959098,1.7226262626262625,8.07,0.05898989898989901,39.02,5
Porosity,NON_FILLET,FE410,TEST,11-26-22-0245-03,porosity_weld_14_11-26-22_plane_plate,140,18.0,30,221,24.31,123.43651583710407,15.547066811517649,0.1259519252150207,16.877330316742082,1.9529694464012275,0.11571554326124128,32.440633484162895,-0.004298642533936651,0.0012669683257918543,1286.07,5
Porosity,NON_FILLET,FE410,TEST,10-27-22-0094-03,porosity_weld_6_10-27-22_plane_plate,150,21.0,30,232,25.52,129.04577586206895,13.172884595749002,0.10207916150489799,19.509655172413797,1.9700493021428584,0.10097817130712093,38.67633620689655,-0.003879310344827586,0.014870689655172414,1572.62,5
Porosity,NON_FILLET,FE410,TEST,10-27-22-0122-03,porosity_weld_8_10-27-22_plane_plate,170,21.0,30,234,25.74,150.91388888888886,18.40405653188457,0.12195071419460042,18.600982905982907,1.9466474690619389,0.10465293575619652,40.68619658119658,-0.0025641025641025645,0.013589743589743589,1703.12,5
Spatter,NON_FILLET,FE410,TEST,11-15-22-0163-09,spatter_weld_10_11-15-22_plane_plate,170,16.0,30,225,24.75,151.19328888888887,31.80957811211326,0.21039014592433364,15.470577777777779,3.822565182622374,0.24708612939545005,40.83168888888889,12.060755555555556,0.0703111111111111,1621.64,5
Spatter,NON_FILLET,FE410,TEST,11-14-22-0090-09,spatter_weld_6_11-14-22_plane_plate,170,17.0,30,224,24.64,149.77624999999998,19.243644743251846,0.1284826181938181,15.253303571428571,3.2497991351223376,0.21305542893735072,40.77892857142857,10.724464285714285,0.019955357142857153,1605.41,5
Overlap,FILLET,FE410,TEST,03-22-23-0099-06,overlap_5_03-22-23_Fe410,245,18.0,30,101,11.11,239.10217821782177,28.07013347328297,0.11739806672823831,16.327227722772278,2.3008372905583223,0.14092026703034508,1.1604950495049504,7.836336633663367,0.037326732673267325,23.28,5
Overlap,FILLET,FE410,TEST,03-22-23-0043-06,overlap_3_03-22-23_Fe410,235,18.0,30,101,11.11,226.03217821782178,28.230263711271295,0.12489488856788554,16.957623762376237,3.406983753561162,0.2009116254318729,0.8400000000000001,6.922079207920791,0.06455445544554457,15.41,5
Undercut,FILLET,FE410,TEST,03-15-23-0030-05,undercut_2_03-15-23_Fe410,295,18.0,30,210,23.1,277.36271428571433,25.015469582534784,0.09019045565283183,16.36504761904762,2.358894244161413,0.14414221694141893,117.44109523809524,9.357190476190475,0.1346190476190476,4484.75,5
Spatter,NON_FILLET,FE410,TEST,09-23-22-0014-09,spatter_weld_2_09-23-22_plane_plate,170,14.0,35,199,21.89,136.32582914572862,41.903711163616435,0.30737910362402787,16.4929648241206,6.398683478367418,0.38796441674388843,37.852964824120605,47.21678391959799,1.1360804020100506,1490.16,5
Spatter,NON_FILLET,FE410,TEST,12-06-22-0201-09,spatter_weld_12_12-06-22_plane_plate,165,15.0,35,204,22.44,120.42926470588235,45.75101669923117,0.37989949378970567,18.213774509803923,6.895151646248671,0.3785679702215057,42.048676470588234,13.615686274509804,0.06137254901960785,1577.38,5
Spatter,NON_FILLET,BSK46,TEST,12-25-22-0272-09,spatter_weld_15_12-25-22_plane_plate_BSK46,150,15.0,30,219,24.09,132.11808219178081,30.226142066017097,0.2287812657024588,14.821232876712328,4.008871336233404,0.27048163736313,35.15310502283105,19.1386301369863,0.06990867579908672,1367.05,5
Spatter,NON_FILLET,FE410,TEST,09-23-22-0075-09,spatter_weld_5_09-23-22_plane_plate,160,13.0,35,198,21.78,140.24974747474747,21.376407970059066,0.15241673054639884,13.379393939393939,4.965327869244905,0.37111754775566647,33.72060606060606,47.44525252525253,1.0273232323232322,1282.13,5
Undercut,FILLET,FE410,TEST,03-15-23-0103-05,undercut_6_03-15-23_Fe410,310,20.0,30,204,22.44,290.40705882352944,29.632973781739015,0.10203944043848456,19.12985294117647,1.892810998437011,0.098945402468975,130.8763725490196,16.34877450980392,0.20696078431372553,4933.44,5
Spatter,NON_FILLET,FE410,TEST,09-23-22-0060-09,spatter_weld_4_09-23-22_plane_plate,160,14.0,35,198,21.78,139.28045454545455,28.244696843696865,0.20279009668567052,14.671464646464646,5.539069666268815,0.37754033422992667,35.113585858585864,47.49025252525252,1.0219696969696972,1323.44,5
Undercut,FILLET,FE410,TEST,03-15-23-0042-05,undercut_3_03-15-23_Fe410,300,18.5,30,209,22.99,278.2213397129187,26.787334390966624,0.09628066063734364,16.450765550239236,2.4133790521956424,0.14670314550562333,119.4500956937799,13.067416267942585,0.22019138755980863,4609.51,5
Porosity,NON_FILLET,FE410,TEST,11-26-22-0237-03,porosity_weld_13_11-26-22_plane_plate,160,22.0,30,222,24.42,125.7604054054054,14.810032441587548,0.11776387324647562,19.635675675675678,2.005808814022457,0.10215124995709808,34.52310810810811,-0.007207207207207207,-0.019189189189189187,1363.93,5
Spatter,NON_FILLET,FE410,TEST,08-30-22-0012-09,spatter_weld_1_08_27_2022_plane_plate_corrected,150,16.0,30,186,20.46,124.90155913978494,65.06209483287816,0.5209069869180993,21.419569892473117,9.213854892289639,0.4301605932585699,33.72091397849462,15.001612903225807,0.22752688172043012,1239.02,5
Porosity,NON_FILLET,FE410,TEST,09-19-22-0074-03,porosity_weld_5_09-19-2022_plane_plate,180,22.0,30,231,25.41,157.82770562770565,12.571211882361585,0.07965148978351991,20.28229437229437,1.7022768435535462,0.08392920506463301,43.082034632034635,-0.0037229437229437234,-0.005108225108225109,1763.61,5
Overlap,FILLET,FE410,TEST,03-22-23-0015-06,overlap_1_03-22-23_Fe410,230,18.0,30,100,11.0,222.54400000000004,21.784784144030905,0.09788978424055872,16.9408,2.949310030594555,0.17409508586339223,0.9342000000000001,6.533699999999999,0.01669999999999999,18.36,5
Good,NON_FILLET,BSK46,TEST,12-21-22-0464-00,good_weld_30_12-21-22_plane_plate_BSK46,170,23.0,30,235,25.85,161.45897872340427,12.683067242549512,0.07855287666768228,23.760723404255316,1.1892671323368598,0.05005180659288654,42.009191489361704,10.849489361702128,0.056765957446808527,1700.98,5
Porosity,NON_FILLET,FE410,TEST,09-16-22-0012-03,porosity_weld_1_09-16-2022_plane_plate_corrected,180,24.0,30,229,25.19,154.53100436681223,10.032849831489001,0.06492451060289427,23.465109170305677,1.210331117284922,0.05158003350849764,35.87502183406114,-0.007903930131004369,0.013362445414847164,1670.82,5
Porosity,NON_FILLET,FE410,TEST,09-19-22-0037-03,porosity_weld_3_09-19-2022_plane_plate,160,22.0,30,231,25.41,135.25298701298698,11.29938275323827,0.08354257456919087,21.193073593073596,1.5612245998197216,0.07366673800113482,35.55290043290043,-0.005324675324675325,0.010000000000000002,1462.79,5
Porosity,NON_FILLET,BSK46,TEST,12-22-22-0309-03,porosity_weld_17_12-22-22_plane_plate_BSK46,160,22.0,30,236,25.96,146.08067796610166,15.046632943707419,0.10300221188184124,20.772245762711865,1.6582840525429108,0.07983171735430199,42.50656779661016,-0.0025,0.040296610169491535,1738.36,5
Porosity,NON_FILLET,FE410,TEST,10-30-22-0154-03,porosity_weld_9_10-30-22_plane_plate,180,21.0,30,235,25.85,159.46863829787236,17.491521482674653,0.10968627856470525,18.41391489361702,2.1282479434890256,0.11557824372408496,38.43336170212766,-0.006425531914893617,-0.026893617021276593,1668.69,5
Porosity,NON_FILLET,BSK46,TEST,12-22-22-0311-03,porosity_weld_17_12-22-22_plane_plate_BSK46,160,22.0,30,234,25.74,143.78230769230768,12.695162803217535,0.08829433194510289,21.054358974358973,1.9252304403023435,0.09144094306775064,42.29239316239317,-0.0026068376068376074,-0.018076923076923077,1725.9,5
Porosity,NON_FILLET,FE410,TEST,11-26-22-0226-03,porosity_weld_13_11-26-22_plane_plate,160,22.0,30,220,24.2,128.2426818181818,12.55894662237223,0.09793109785537615,19.646181818181816,1.6320525115881395,0.08307224918776508,35.57481818181818,-0.008863636363636365,0.02918181818181819,1370.16,5
Spatter,NON_FILLET,FE410,TEST,11-15-22-0146-09,spatter_weld_9_11-15-22_plane_plate,170,15.0,30,224,24.64,145.64200892857144,37.75078866494093,0.2592026087985054,14.589419642857141,3.3313986778025297,0.22834346803051586,40.52084821428572,9.458035714285714,0.026517857142857138,1603.61,5
Undercut,FILLET,FE410,TEST,03-15-23-0117-05,undercut_6_03-15-23_Fe410,310,20.0,30,203,22.330000000000002,286.1171428571428,29.22622716281662,0.1021477667187847,19.224926108374383,1.8138759357669922,0.09435021625268393,131.412118226601,16.647192118226602,0.23118226600985217,4996.72,5
Undercut,FILLET,BSK46,TEST,03-20-23-0007-05,undercut_1_03-20-23_BSK46,280,18.0,35,177,19.47,245.87118644067795,22.152177869902886,0.09009668107347588,16.711525423728816,2.1322969477766662,0.12759439331307257,117.0683615819209,12.23225988700565,0.3449717514124294,4093.61,5
Undercut,FILLET,FE410,TEST,03-15-23-0118-05,undercut_6_03-15-23_Fe410,310,20.0,30,201,22.11,293.27333333333337,18.446513473644103,0.06289870703204326,19.165671641791047,2.114784072108023,0.11034228863113271,133.70751243781095,16.715621890547265,0.21512437810945279,5020.33,5
Undercut,FILLET,FE410,TEST,03-15-23-0067-05,undercut_4_03-15-23_Fe410,300,19.0,30,209,22.99,281.456985645933,23.363693584046512,0.08300981953042569,17.814258373205742,1.5983932888995949,0.08972550276377057,122.33277511961721,13.018038277511959,0.21004784688995215,4717.54,5
Good,NON_FILLET,BSK46,TEST,12-24-22-0511-00,good_weld_32_12-24-22_butt_BSK46,165,21.0,30,236,25.96,150.4950847457627,12.252426020876149,0.0814141275216706,21.99347457627119,1.451902861247893,0.06601516537156682,41.28860169491526,11.589322033898306,0.07546610169491524,1682.79,5
Spatter,NON_FILLET,FE410,TEST,12-06-22-0258-09,spatter_weld_14_12-06-22_plane_plate,165,14.5,35,200,22.0,147.11530000000002,19.643810945238233,0.1335266348587688,12.36275,4.138098504587384,0.33472314044912205,40.79295,13.535749999999998,0.0561,1550.33,5
Porosity,NON_FILLET,FE410,TEST,09-16-22-0010-03,porosity_weld_1_09-16-2022_plane_plate_corrected,180,24.0,30,232,25.52,155.07202586206895,10.807650959146466,0.06969439458255022,23.56594827586207,1.7485283749005938,0.07419724232746287,42.778146551724134,-0.008017241379310345,0.003706896551724137,1736.56,5
Porosity,NON_FILLET,FE410,TEST,09-19-22-0070-03,porosity_weld_5_09-19-2022_plane_plate,180,22.0,30,233,25.63,157.67562231759655,18.22101914032016,0.11556015364010204,20.0637339055794,1.784238526246906,0.08892853815962631,38.69527896995708,-0.003948497854077253,0.024034334763948496,1690.33,5
Undercut,FILLET,FE410,TEST,03-15-23-0100-05,undercut_5_03-15-23_Fe410,310,19.0,30,202,22.22,303.7530693069307,24.319705407950586,0.08006406474654078,17.368861386138615,1.870933518179314,0.10771768376667629,130.76153465346536,16.280247524752475,0.21737623762376243,4894.59,5
Porosity,NON_FILLET,FE410,TEST,10-27-22-0098-03,porosity_weld_6_10-27-22_plane_plate,150,21.0,30,234,25.74,128.12076923076924,12.287899393661585,0.09590872321043281,19.48760683760684,2.0300771247205267,0.10417272585789855,38.905470085470085,-0.002606837606837607,0.012393162393162394,1587.87,5
Porosity,NON_FILLET,FE410,TEST,09-19-22-0058-03,porosity_weld_4_09-19-2022_plane_plate,170,22.0,30,233,25.63,144.6184549356223,12.771624907383558,0.08831255259274423,20.852703862660945,1.500509678591031,0.07195755948358612,37.42236051502146,-0.003991416309012875,0.0056223175965665236,1525.57,5
Spatter,NON_FILLET,FE410,TEST,12-06-22-0234-09,spatter_weld_13_12-06-22_plane_plate,165,13.5,35,201,22.11,149.5081094527363,21.91537242229664,0.1465831686489535,13.76810945273632,4.942714781166338,0.35899734804795636,42.0007960199005,13.572587064676618,0.07960199004975123,1565.9,5
Overlap,FILLET,BSK46,TEST,03-22-23-0006-06,overlap_1_03-22-23_BSK46,240,18.0,30,99,10.89,235.0445454545454,19.582626946035784,0.0833145347328335,16.59242424242424,2.956994851682311,0.17821355146656245,2.6846464646464643,10.640505050505052,0.05181818181818182,83.93,5
Porosity,NON_FILLET,FE410,TEST,09-16-22-0004-03,porosity_weld_1_09-16-2022_plane_plate_corrected,180,24.0,30,232,25.52,156.02288793103446,11.449989501703387,0.0733866015014703,23.558577586206898,1.6385758659315095,0.06955325973885897,41.58181034482759,-0.009482758620689657,0.01163793103448276,1694.1,5
Undercut,FILLET,FE410,TEST,03-15-23-0044-05,undercut_3_03-15-23_Fe410,300,18.5,30,208,22.88,282.13567307692307,20.58740101868614,0.07296986160652245,17.059326923076924,2.039735828506452,0.1195671926391896,120.05533653846153,12.880336538461538,0.2102403846153846,4611.15,5
Spatter,NON_FILLET,BSK46,TEST,12-25-22-0267-09,spatter_weld_15_12-25-22_plane_plate_BSK46,150,15.0,30,214,23.54,140.7998598130841,33.531146833376816,0.2381475867794924,13.8253738317757,4.086168769361635,0.29555575271101486,39.51257009345794,19.200280373831774,0.06023364485981308,1495.25,5
Overlap,FILLET,FE410,TEST,03-22-23-0056-06,overlap_3_03-22-23_Fe410,235,18.0,30,98,10.78,226.9267346938776,24.45726425409977,0.10777603743821736,16.986530612244895,3.103022172358105,0.18267545287448297,1.0525510204081632,7.170408163265306,0.015816326530612233,20.0,5
Spatter,NON_FILLET,FE410,TEST,11-14-22-0100-09,spatter_weld_6_11-14-22_plane_plate,170,17.0,30,224,24.64,145.44745535714284,27.76778155702927,0.19091280413841638,15.610624999999999,3.485352381320014,0.22326795892669346,41.2015625,10.1390625,0.06223214285714286,1622.62,5
Undercut,FILLET,FE410,TEST,03-15-23-0092-05,undercut_5_03-15-23_Fe410,310,19.0,30,202,22.22,301.1617326732673,28.912348314217038,0.09600272935600443,17.636732673267325,2.113481769938522,0.11983408770163012,132.12168316831685,16.337623762376236,0.22806930693069308,4897.71,5
Undercut,FILLET,FE410,TEST,03-15-23-0006-05,undercut_1_03-15-23_Fe410,290,18.0,30,210,23.1,270.44904761904763,19.54791306786293,0.07227946720447677,16.54714285714286,1.5872549891390548,0.09592320576684264,110.98942857142859,8.489095238095238,0.1637619047619048,4263.28,5
Porosity,NON_FILLET,FE410,TEST,10-27-22-0086-03,porosity_weld_6_10-27-22_plane_plate,150,21.0,30,234,25.74,127.67623931623932,14.029151484532424,0.10988067599472313,19.676623931623933,1.8818516961927274,0.09563895222738122,36.51324786324786,-0.0057692307692307696,0.0013247863247863255,1475.9,5
Overlap,FILLET,BSK46,TEST,03-22-23-0013-06,overlap_1_03-22-23_BSK46,240,18.0,30,99,10.89,234.01434343434346,30.10667290470758,0.12865310930462046,16.78727272727273,3.4267452928999362,0.2041275762043718,18.186767676767676,11.167878787878786,0.06919191919191918,680.66,5
Porosity,NON_FILLET,FE410,TEST,11-26-22-0242-03,porosity_weld_14_11-26-22_plane_plate,140,18.0,30,219,24.09,124.64949771689498,15.578288944675602,0.12497674864328091,16.77068493150685,1.5205307457925141,0.09066598961238097,32.94744292237443,-0.005114155251141553,0.02073059360730594,1286.89,5
Overlap,FILLET,FE410,TEST,03-22-23-0013-06,overlap_1_03-22-23_Fe410,230,18.0,30,100,11.0,223.20649999999998,18.98840195588833,0.08507100803914014,16.9591,2.6833045716508637,0.15822210917152818,1.0178,6.301099999999998,0.057500000000000016,19.02,5
Good,FILLET,BSK46,TEST,03-20-23-0005-00,good_weld_1_03-19-23_BSK46,230,19.0,30,203,22.330000000000002,210.14295566502466,15.350332087000366,0.07304709329143225,19.55985221674877,2.4319159781099846,0.12433202210124963,90.26852216748769,8.315172413793103,0.34133004926108385,3502.95,5
Porosity,NON_FILLET,FE410,TEST,11-27-22-0274-03,porosity_weld_15_11-26-22_plane_plate,140,19.0,30,220,24.2,116.06536363636363,26.943815097593056,0.23214345997319977,19.1215,3.966559304598253,0.20743975653574526,34.193954545454545,-0.0022272727272727275,0.013363636363636366,1329.34,5
Porosity,NON_FILLET,BSK46,TEST,12-22-22-0305-03,porosity_weld_17_12-22-22_plane_plate_BSK46,160,22.0,30,233,25.63,146.78639484978538,12.869035774853378,0.08767185670049989,20.546266094420602,1.1324657479446654,0.05511783711650604,41.54197424892704,-0.0035193133047210297,0.01699570815450644,1695.25,5
Undercut,FILLET,FE410,TEST,03-15-23-0111-05,undercut_6_03-15-23_Fe410,310,20.0,30,203,22.330000000000002,297.5656650246305,25.59579776629704,0.08601730903388463,19.095960591133004,2.1175210703999543,0.11088842901064645,132.04009852216748,16.345467980295567,0.24753694581280788,4945.74,5
Spatter,NON_FILLET,FE410,TEST,11-14-22-0103-09,spatter_weld_7_11-14-22_plane_plate,150,16.0,30,226,24.86,140.30305309734513,40.717092921407115,0.2902081745374191,14.863893805309733,2.986707718059638,0.20093710014213878,40.861017699115045,10.254955752212389,0.0647345132743363,1607.71,5
Porosity,NON_FILLET,FE410,TEST,11-26-22-0265-03,porosity_weld_15_11-26-22_plane_plate,140,19.0,30,222,24.42,112.70022522522524,23.75785369443626,0.2108057339455843,19.17252252252252,3.5645911897676528,0.18592186737974745,34.08297297297297,-0.00536036036036036,-0.0012162162162162157,1330.82,5
Overlap,FILLET,FE410,TEST,03-22-23-0028-06,overlap_2_03-22-23_Fe410,240,18.0,30,100,11.0,232.39770000000001,29.73575838918184,0.12795203390215065,16.7821,3.011819241158762,0.17946617176388902,1.0572000000000001,6.4332,0.04340000000000001,20.33,5
Porosity,NON_FILLET,FE410,TEST,11-26-22-0243-03,porosity_weld_14_11-26-22_plane_plate,140,18.0,30,220,24.2,128.19959090909092,15.104509965340409,0.1178202664940744,16.659818181818185,1.5282657863811397,0.09173364137004951,32.61745454545454,-0.0045,0.00040909090909090946,1276.39,5
Porosity,NON_FILLET,FE410,TEST,11-25-22-0216-03,porosity_weld_12_11-25-22_plane_plate,160,21.0,30,221,24.31,142.68701357466063,15.962999352046948,0.11187422703814842,14.50049773755656,2.218522486669561,0.15299629894245262,32.438009049773754,-0.003619909502262443,0.005520361990950228,1275.08,5
Porosity,NON_FILLET,BSK46,TEST,12-22-22-0319-03,porosity_weld_17_12-22-22_plane_plate_BSK46,160,22.0,30,236,25.96,146.45733050847457,16.53678566340912,0.1129119696910783,20.570974576271187,1.7123049984922434,0.08323888555418289,41.71652542372882,-0.0018644067796610173,0.007754237288135594,1716.07,5
Porosity,NON_FILLET,FE410,TEST,09-19-22-0004-03,porosity_weld_2_09-19-2022_plane_plate,150,22.0,30,233,25.63,125.74214592274677,12.497730195132991,0.09939173618693707,21.912145922746785,1.678900151883393,0.07661961351492019,31.91909871244635,-0.008111587982832619,0.01613733905579399,1311.8,5
Spatter,NON_FILLET,FE410,TEST,08-30-22-0011-09,spatter_weld_1_08_27_2022_plane_plate_corrected,150,16.0,30,182,20.02,122.0310989010989,64.24708194161245,0.5264812209360011,21.256208791208792,9.35742730499789,0.44022089719348084,35.05153846153846,14.477307692307692,0.23186813186813188,1295.9,5
Undercut,FILLET,FE410,TEST,03-15-23-0061-05,undercut_4_03-15-23_Fe410,300,19.0,30,209,22.99,284.93851674641144,24.63187965595674,0.08644629703705005,16.971961722488036,1.8922604203776463,0.1114933235956089,120.13315789473681,13.08354066985646,0.21043062200956938,4638.85,5
Undercut,FILLET,FE410,TEST,03-15-23-0019-05,undercut_1_03-15-23_Fe410,290,18.0,30,210,23.1,273.61400000000003,25.71098899722278,0.09396810469209463,16.52752380952381,2.0078314522336576,0.12148410586930548,111.80509523809523,8.49290476190476,0.1412857142857143,4328.69,5
Porosity,NON_FILLET,FE410,TEST,10-27-22-0106-03,porosity_weld_7_10-27-22_plane_plate,160,21.0,30,233,25.63,138.28759656652358,13.027110765179822,0.09420303113673033,19.053733905579396,1.8161581413538308,0.09531770257492762,40.86901287553648,-0.003261802575107296,0.001373390557939914,1700.16,5
Porosity,NON_FILLET,FE410,TEST,11-25-22-0202-03,porosity_weld_12_11-25-22_plane_plate,160,21.0,30,220,24.2,137.04386363636365,20.408979939553593,0.14892297544753555,15.00940909090909,3.6983025991643075,0.24639894727130185,32.41427272727272,-0.005590909090909092,-0.020499999999999997,1278.36,5
Undercut,FILLET,FE410,TEST,03-15-23-0104-05,undercut_6_03-15-23_Fe410,310,20.0,30,202,22.22,297.5889108910891,29.13850849674543,0.09791530339451887,18.98430693069307,1.9137041170498166,0.10080452892150707,133.35534653465348,16.32361386138614,0.21153465346534656,4977.21,5
Porosity,NON_FILLET,FE410,TEST,09-19-22-0064-03,porosity_weld_5_09-19-2022_plane_plate,180,22.0,30,233,25.63,159.05669527896998,14.352309611589254,0.09023392310783711,20.058583690987124,2.046971514695368,0.10204965346656698,42.687768240343345,-0.002660944206008584,0.015836909871244635,1749.02,5
Overlap,FILLET,FE410,TEST,03-22-23-0123-06,overlap_7_03-22-23_Fe410,255,18.0,30,100,11.0,242.9534,29.946929463349466,0.12326203075713066,16.4601,2.5130003376381973,0.15267224000086252,19.7025,9.802999999999999,0.019799999999999995,700.0,5
Spatter,NON_FILLET,FE410,TEST,11-15-22-0132-09,spatter_weld_8_11-15-22_plane_plate,160,12.0,30,222,24.42,127.3973873873874,30.526042593190624,0.23961278342677195,12.613108108108106,3.7979102109133915,0.3011081946147734,36.598333333333336,10.896126126126127,0.0832882882882883,1457.54,5
Overlap,FILLET,FE410,TEST,03-22-23-0132-06,overlap_7_03-22-23_Fe410,255,18.0,30,100,11.0,240.01780000000002,28.262132125563852,0.11775015072033762,16.4854,2.177055939946552,0.13205963700890194,36.6769,9.613700000000001,0.05859999999999998,727.21,5
Porosity,NON_FILLET,FE410,TEST,09-19-22-0024-03,porosity_weld_3_09-19-2022_plane_plate,160,22.0,30,231,25.41,138.23839826839827,11.819057879646405,0.08549764774255401,21.072640692640693,2.056902366241517,0.09761009055499437,35.938484848484855,-0.007186147186147187,0.007316017316017324,1482.3,5
Good,FILLET,BSK46,TEST,03-19-23-0002-00,good_weld_1_03-19-23_BSK46,230,19.0,30,204,22.44,210.56627450980392,15.334080714948287,0.07282306129339025,19.148186274509804,2.4143932413241154,0.12608991821529186,97.28387254901962,14.900490196078431,0.21122549019607845,3639.34,5
Porosity,NON_FILLET,BSK46,TEST,12-22-22-0281-03,porosity_weld_16_12-22-22_plane_plate_BSK46,150,21.0,30,235,25.85,130.1687659574468,17.074329502437585,0.13117071039929287,18.542851063829787,2.5986057979439354,0.14014057433772145,35.28251063829788,-0.0073191489361702135,0.010595744680851062,1411.64,5
Spatter,NON_FILLET,FE410,TEST,11-15-22-0159-09,spatter_weld_9_11-15-22_plane_plate,170,15.0,30,223,24.53,148.67632286995513,38.2545188983934,0.2573006794891883,14.664843049327354,3.875864779706697,0.2642963696692598,40.29426008968609,10.214080717488786,0.0739013452914798,1607.05,5
Spatter,NON_FILLET,FE410,TEST,11-14-22-0091-09,spatter_weld_6_11-14-22_plane_plate,170,17.0,30,226,24.86,147.59340707964603,24.07506993427467,0.1631175159557297,15.513584070796458,3.6132270568027964,0.23290730499888254,40.62721238938053,10.714557522123894,0.0770796460176991,1606.89,5
Good,NON_FILLET,BSK46,TEST,12-24-22-0513-00,good_weld_32_12-24-22_butt_BSK46,165,21.0,30,234,25.74,154.8515811965812,14.340074959692576,0.09260528597049401,22.120641025641028,2.0988294344819614,0.09488104038436833,41.561239316239316,11.693547008547009,0.0858119658119658,1675.74,5
Porosity,NON_FILLET,FE410,TEST,11-25-22-0214-03,porosity_weld_12_11-25-22_plane_plate,160,21.0,30,219,24.09,136.77479452054794,18.383005847013866,0.13440346162795477,14.701689497716893,2.297167856301931,0.15625196387521795,33.20059360730594,-0.0026027397260273972,0.00269406392694064,1288.03,5
Overlap,FILLET,FE410,TEST,03-22-23-0050-06,overlap_3_03-22-23_Fe410,235,18.0,30,100,11.0,225.2612,26.58891313265282,0.11803592066744215,16.9054,3.4095680641158035,0.20168514581824762,1.0171000000000001,7.0161,0.10750000000000001,18.69,5
Porosity,NON_FILLET,BSK46,TEST,12-22-22-0304-03,porosity_weld_17_12-22-22_plane_plate_BSK46,160,22.0,30,234,25.74,143.3930341880342,12.727611015838754,0.08876031592405513,20.91435897435898,1.4835781387444062,0.07093586471205138,41.780811965811964,-0.0022222222222222222,0.022863247863247862,1712.46,5
Porosity,NON_FILLET,FE410,TEST,11-27-22-0269-03,porosity_weld_15_11-26-22_plane_plate,140,19.0,30,221,24.31,116.62036199095022,24.244240456712856,0.2078902864200869,19.04547511312217,3.4395080747061395,0.180594501018058,34.32095022624434,-0.0021719457013574667,0.013076923076923076,1331.15,5
Porosity,NON_FILLET,FE410,TEST,09-19-22-0018-03,porosity_weld_2_09-19-2022_plane_plate,150,22.0,30,232,25.52,126.18939655172413,13.083174104777433,0.1036788705096528,21.533836206896552,1.8543050246846744,0.08611122546250277,30.521163793103447,-0.00814655172413793,0.03012931034482759,1276.56,5
Spatter,NON_FILLET,FE410,TEST,09-23-22-0030-09,spatter_weld_3_09-23-22_plane_plate,170,13.0,35,197,21.67,147.23878172588832,23.42348147100515,0.15908499918596317,13.389543147208121,4.533754390331848,0.3386041137092261,35.753908629441625,46.73218274111674,1.0349746192893403,1379.34,5
Good,NON_FILLET,BSK46,TEST,12-24-22-0508-00,good_weld_32_12-24-22_butt_BSK46,165,21.0,30,234,25.74,147.64034188034188,7.941093310920414,0.05378674425826266,22.022008547008546,1.0645883283877908,0.048342017764424296,40.45991452991453,10.929487179487179,0.06653846153846155,1667.05,5
Good,NON_FILLET,BSK46,TEST,12-21-22-0475-00,good_weld_30_12-21-22_plane_plate_BSK46,170,23.0,30,234,25.74,159.00918803418804,22.282914676099836,0.14013601950667692,23.921495726495724,2.5197472252947906,0.10533401648893925,41.266324786324795,15.457307692307689,0.060341880341880344,1685.57,5
Good,NON_FILLET,BSK46,TEST,12-22-22-0485-00,good_weld_31_12-22-22_plane_plate_BSK46,160,22.0,30,235,25.85,137.9064680851064,8.789822681454558,0.06373756650797613,21.04382978723404,1.6768666766459646,0.07968448203583235,34.05140425531915,7.862085106382979,0.06940425531914894,1400.49,5
Overlap,FILLET,FE410,TEST,03-22-23-0104-06,overlap_6_03-22-23_Fe410,250,18.0,30,101,11.11,253.24574257425743,23.781515988117103,0.09390687379924588,16.110693069306933,2.693127274165015,0.1671639613875948,18.52059405940594,8.827524752475249,0.06603960396039601,622.62,5
Overlap,FILLET,FE410,TEST,03-22-23-0070-06,overlap_4_03-22-23_Fe410,225,17.0,30,100,11.0,218.66029999999998,23.207751859534724,0.10613610179595805,15.257200000000001,3.140940822830836,0.20586613682922394,1.3426999999999998,7.667000000000001,0.04659999999999998,26.23,5
Spatter,NON_FILLET,FE410,TEST,12-06-22-0203-09,spatter_weld_12_12-06-22_plane_plate,165,15.0,35,201,22.11,127.56477611940299,48.93014989834618,0.3835710090734346,16.97686567164179,6.460152213908405,0.38052679091992014,39.950248756218905,12.962786069651742,0.11432835820895525,1523.61,5
Undercut,FILLET,FE410,TEST,03-15-23-0018-05,undercut_1_03-15-23_Fe410,290,18.0,30,208,22.88,273.1730769230769,23.590508349898155,0.08635736953148217,16.489519230769233,2.164009465277813,0.1312354493173942,111.20375,8.594278846153845,0.1410576923076923,4324.43,5
Spatter,NON_FILLET,FE410,TEST,12-06-22-0222-09,spatter_weld_13_12-06-22_plane_plate,165,13.5,35,202,22.22,152.76381188118813,25.94881258269822,0.16986230091508764,15.770148514851483,4.68588220270576,0.2971362126547411,41.13371287128713,14.110049504950496,0.12495049504950494,1551.64,5
Undercut,FILLET,FE410,TEST,03-15-23-0076-05,undercut_4_03-15-23_Fe410,300,19.0,30,210,23.1,276.76861904761904,21.812335970184176,0.07881072661070468,17.581666666666667,1.7186677224035767,0.09775340159656327,122.67819047619047,13.255,0.20714285714285716,4699.51,5
Good,NON_FILLET,BSK46,TEST,12-21-22-0473-00,good_weld_30_12-21-22_plane_plate_BSK46,170,23.0,30,233,25.63,158.3974678111588,19.841095849490213,0.12526144592882466,24.00047210300429,2.305192833646675,0.09604781204941878,41.204549356223175,15.413648068669529,0.060901287553648056,1690.98,5
Porosity,NON_FILLET,FE410,TEST,09-19-22-0041-03,porosity_weld_4_09-19-2022_plane_plate,170,22.0,30,233,25.63,152.94394849785408,14.708102940242986,0.09616662237832412,20.4843347639485,1.6277980180139215,0.07946550555689864,39.69630901287554,-0.0036480686695278975,0.012446351931330474,1602.79,5
Spatter,NON_FILLET,FE410,TEST,12-06-22-0194-09,spatter_weld_11_12-06-22_plane_plate,165,14.0,35,204,22.44,127.01686274509804,39.27447405474241,0.3092067714942686,15.677549019607842,5.594904866533973,0.3568736962350716,40.40191176470588,12.813480392156864,0.04661764705882353,1538.2,5
Porosity,NON_FILLET,FE410,TEST,11-26-22-0257-03,porosity_weld_14_11-26-22_plane_plate,140,18.0,30,220,24.2,120.5035,14.63148023001983,0.12141954573949994,17.157227272727273,2.3231078701648253,0.13540112474103455,32.977636363636364,-0.0027727272727272726,0.005045454545454539,1289.67,5
Spatter,NON_FILLET,FE410,TEST,11-14-22-0096-09,spatter_weld_6_11-14-22_plane_plate,170,17.0,30,225,24.75,145.44115555555555,27.846134854541333,0.19145980206341717,15.631422222222222,3.7714571507154284,0.24127408863371255,40.842311111111115,10.409199999999998,0.08253333333333333,1600.49,5
Overlap,FILLET,FE410,TEST,03-22-23-0084-06,overlap_5_03-22-23_Fe410,245,18.0,30,100,11.0,238.29730000000004,25.403884847866014,0.10660584424526005,16.7942,4.163504783329554,0.24791325477424073,1.2874,8.6422,0.06250000000000001,26.07,5
Porosity,NON_FILLET,FE410,TEST,10-27-22-0101-03,porosity_weld_7_10-27-22_plane_plate,160,21.0,30,232,25.52,138.4475,13.275505574869767,0.09588837338969478,19.156724137931036,1.8203518882797782,0.09502417402751094,42.699741379310346,-0.004224137931034483,0.0006896551724137935,1701.15,5
Overlap,FILLET,FE410,TEST,03-22-23-0026-06,overlap_2_03-22-23_Fe410,240,18.0,30,101,11.11,230.52712871287122,28.175494044883532,0.12222203175044528,16.84772277227723,2.731531761187527,0.1621306213372787,1.2639603960396038,6.567821782178218,0.05990099009900989,23.77,5
Undercut,FILLET,FE410,TEST,03-15-23-0075-05,undercut_4_03-15-23_Fe410,300,19.0,30,211,23.21,276.20540284360186,22.59073198510085,0.08178960929990421,17.700995260663507,1.4848695485354626,0.08388621807245224,121.98104265402844,13.286208530805686,0.2038862559241706,4722.3,5
Undercut,FILLET,FE410,TEST,03-15-23-0010-05,undercut_1_03-15-23_Fe410,290,18.0,30,210,23.1,273.19361904761905,25.07155137352361,0.09177209724343346,16.709809523809525,2.4375369877021433,0.14587461240829455,112.07695238095238,7.900809523809524,0.15923809523809523,4325.74,5
Overlap,FILLET,FE410,TEST,03-22-23-0110-06,overlap_6_03-22-23_Fe410,250,18.0,30,99,10.89,242.40262626262626,23.36445405825969,0.09638696749492286,16.51454545454546,2.9161560079510016,0.17658106400672138,38.021919191919196,9.014646464646464,0.061212121212121225,707.54,5
Undercut,FILLET,FE410,TEST,03-15-23-0071-05,undercut_4_03-15-23_Fe410,300,19.0,30,210,23.1,278.2637619047619,22.78890688839462,0.08189678286673316,17.574190476190477,1.5737264348592777,0.08954759179328135,122.43071428571429,13.62,0.2117142857142857,4733.77,5
Undercut,FILLET,BSK46,TEST,03-20-23-0015-05,undercut_1_03-20-23_BSK46,280,18.0,35,175,19.25,245.1433142857143,22.77271346606621,0.0928955110704126,16.63988571428571,1.9854111559392624,0.11931639375592243,118.20657142857142,12.244514285714285,0.24788571428571426,4109.51,5
Spatter,NON_FILLET,FE410,TEST,09-23-22-0045-09,spatter_weld_4_09-23-22_plane_plate,160,14.0,35,198,21.78,136.69040404040405,29.931190882642504,0.21897068117375088,15.349494949494948,5.849578122449024,0.3810925468034045,34.55792929292929,47.28292929292929,1.0085353535353534,1286.07,5
Porosity,NON_FILLET,FE410,TEST,10-27-22-0083-03,porosity_weld_6_10-27-22_plane_plate,150,21.0,30,234,25.74,123.75076923076924,10.848418104562974,0.08766343976685065,19.65264957264957,1.66037892834332,0.08448626340206339,39.334658119658116,-0.005042735042735043,0.012820512820512822,1581.97,5
Porosity,NON_FILLET,FE410,TEST,09-19-22-0008-03,porosity_weld_2_09-19-2022_plane_plate,150,22.0,30,230,25.3,126.63673913043479,12.315373297277697,0.09724960846151419,21.402130434782606,1.6479364575326656,0.07699871106543907,31.696782608695653,-0.00882608695652174,-0.03491304347826087,1300.66,5
Overlap,FILLET,BSK46,TEST,03-22-23-0005-06,overlap_1_03-22-23_BSK46,240,18.0,30,100,11.0,235.4375,24.193786303658026,0.10276097182334176,16.586799999999997,2.6292284385001965,0.15851330205345196,4.625,10.752000000000002,0.055600000000000004,94.43,5
Porosity,NON_FILLET,FE410,TEST,11-26-22-0262-03,porosity_weld_15_11-26-22_plane_plate,140,19.0,30,220,24.2,117.43950000000001,27.120215803498144,0.2309292512612719,18.659,2.9119191211358406,0.1560597631778681,65.76304545454545,-0.006045454545454546,-0.0275,1797.21,5
Spatter,NON_FILLET,FE410,TEST,11-14-22-0085-09,spatter_weld_6_11-14-22_plane_plate,170,17.0,30,225,24.75,148.89333333333335,24.5184427122873,0.16467119221111734,15.536222222222221,3.4864447257050877,0.2244074959688884,40.61022222222223,10.403155555555555,0.06115555555555555,1599.84,5
Undercut,FILLET,BSK46,TEST,03-20-23-0004-05,undercut_1_03-20-23_BSK46,280,18.0,35,177,19.47,245.14819209039547,21.182663261480016,0.08640758506458478,16.619999999999997,2.0293667843577574,0.1221038979757977,117.20112994350282,12.227062146892656,0.31423728813559326,4070.49,5
Overlap,FILLET,FE410,TEST,03-22-23-0088-06,overlap_5_03-22-23_Fe410,245,18.0,30,100,11.0,235.4821,28.50809678695057,0.12106269133386602,16.3288,2.33856957056309,0.14321747896741277,1.1477000000000002,8.1743,0.0642,20.66,5
Undercut,FILLET,FE410,TEST,03-15-23-0040-05,undercut_2_03-15-23_Fe410,295,18.0,30,210,23.1,280.2467142857143,22.01988538367812,0.07857321517507117,16.424333333333333,2.4487109749001594,0.1490904333955813,119.50614285714286,12.582142857142857,0.2097142857142857,4556.07,5
Spatter,NON_FILLET,FE410,TEST,12-06-22-0184-09,spatter_weld_11_12-06-22_plane_plate,165,14.0,35,200,22.0,134.00265,45.09965340402647,0.3365579218323404,14.67295,5.0334190501259535,0.34304070075383297,40.9045,12.654200000000001,0.06225000000000001,1532.46,5
Spatter,NON_FILLET,FE410,TEST,12-06-22-0251-09,spatter_weld_14_12-06-22_plane_plate,165,14.5,35,202,22.22,138.66678217821783,28.24281026004943,0.20367394278862766,12.842574257425742,4.3346446894769395,0.33752148148729544,40.609603960396036,13.193613861386137,0.06782178217821781,1553.77,5
Spatter,NON_FILLET,FE410,TEST,12-06-22-0231-09,spatter_weld_13_12-06-22_plane_plate,165,13.5,35,202,22.22,150.92108910891088,23.676464073985933,0.1568797589109632,13.516336633663368,4.810366133037606,0.35589274397450693,42.058019801980194,13.543267326732671,0.07381188118811881,1589.18,5
Porosity,NON_FILLET,FE410,TEST,09-19-22-0060-03,porosity_weld_4_09-19-2022_plane_plate,170,22.0,30,231,25.41,146.5004761904762,14.868311363962453,0.10148985007141582,21.096969696969694,1.936707738481758,0.0918002806232376,39.08952380952381,-0.004761904761904762,0.012207792207792206,1609.02,5
Undercut,FILLET,FE410,TEST,03-15-23-0050-05,undercut_3_03-15-23_Fe410,300,18.5,30,209,22.99,285.0378947368421,20.898950617021722,0.07331990238110773,16.8511004784689,1.387347092908509,0.08232976206397673,121.36191387559808,12.225789473684213,0.21296650717703347,4709.67,5
Spatter,NON_FILLET,FE410,TEST,11-15-22-0135-09,spatter_weld_8_11-15-22_plane_plate,160,12.0,30,223,24.53,132.91488789237667,28.65586827093622,0.2155956245784847,12.37067264573991,4.057970579142401,0.32803152224223187,38.641883408071756,11.150941704035874,0.06977578475336324,1493.28,5
Overlap,FILLET,BSK46,TEST,03-22-23-0004-06,overlap_1_03-22-23_BSK46,240,18.0,30,100,11.0,234.58900000000008,21.069372021342677,0.08981398113868369,16.328400000000002,2.913531551401168,0.17843337690166627,22.8471,10.797,0.060200000000000024,673.77,5
Porosity,NON_FILLET,FE410,TEST,11-27-22-0279-03,porosity_weld_15_11-26-22_plane_plate,140,19.0,30,221,24.31,119.18755656108596,17.740361721297234,0.14884407595187968,18.524886877828056,2.208561772009461,0.11922133649586976,34.41389140271494,-0.0032126696832579186,-0.0010407239819004526,1341.8,5
Good,NON_FILLET,BSK46,TEST,12-21-22-0462-00,good_weld_30_12-21-22_plane_plate_BSK46,170,23.0,30,234,25.74,161.15824786324785,12.942435572477933,0.08030886252536291,23.818376068376068,0.9922168851798372,0.0416576210876616,42.10824786324786,10.968333333333334,0.06123931623931625,1704.1,5
Overlap,FILLET,FE410,TEST,03-22-23-0059-06,overlap_3_03-22-23_Fe410,235,18.0,30,101,11.11,222.89326732673268,19.497124203785074,0.08747291669068143,16.903861386138612,2.9451743480809514,0.17423086245229347,0.7775247524752474,7.594851485148516,0.09069306930693072,13.28,5
Porosity,NON_FILLET,FE410,TEST,10-27-22-0110-03,porosity_weld_7_10-27-22_plane_plate,160,21.0,30,233,25.63,138.94270386266095,14.451213735651285,0.10400843897449775,19.020557939914166,1.4497196926858846,0.07621856820738597,40.58484978540773,-0.003690987124463519,0.0033476394849785403,1690.16,5
Good,FILLET,BSK46,TEST,03-20-23-0016-00,good_weld_1_03-19-23_BSK46,230,19.0,30,202,22.22,206.92366336633665,13.667338138299334,0.06605014581683075,19.29970297029703,1.2461263006234806,0.06456712326305311,90.4880693069307,10.905742574257426,0.3067326732673267,3561.15,5
Spatter,NON_FILLET,FE410,TEST,11-14-22-0113-09,spatter_weld_7_11-14-22_plane_plate,150,16.0,30,225,24.75,139.3258222222222,38.69145917157166,0.2777048687346662,14.774755555555554,3.2059509478715875,0.21698842568438276,40.910533333333326,10.011866666666666,0.06124444444444445,1615.57,5
Undercut,FILLET,FE410,TEST,03-15-23-0011-05,undercut_1_03-15-23_Fe410,290,18.0,30,211,23.21,273.1656872037915,25.803061886911557,0.09445938159744616,16.590758293838864,2.2105692852994805,0.13324100358453156,112.76938388625594,7.8851658767772514,0.14601895734597156,4310.98,5
Porosity,NON_FILLET,FE410,TEST,09-19-22-0012-03,porosity_weld_2_09-19-2022_plane_plate,150,22.0,30,232,25.52,126.00780172413792,9.921514987582702,0.07873730714946793,21.459267241379308,1.8004489284223784,0.08390076455875542,33.38698275862069,-0.008232758620689656,0.04025862068965519,1330.0,5
Overlap,FILLET,FE410,TEST,03-22-23-0012-06,overlap_1_03-22-23_Fe410,230,18.0,30,99,10.89,223.3650505050505,13.143260348918911,0.0588420628885347,16.77929292929293,1.7600558041508245,0.1048945156132388,0.9187878787878788,6.434040404040403,0.09343434343434341,15.57,5
Spatter,NON_FILLET,FE410,TEST,12-06-22-0247-09,spatter_weld_14_12-06-22_plane_plate,165,14.5,35,204,22.44,149.86602941176469,21.35457347489519,0.14249108726449536,11.980490196078431,3.2046686624917426,0.2674906126579633,42.27019607843137,13.336421568627449,0.07490196078431373,1561.48,5
Overlap,FILLET,FE410,TEST,03-22-23-0062-06,overlap_4_03-22-23_Fe410,225,17.0,30,100,11.0,222.90970000000004,30.435685310390685,0.13653818254831745,15.352400000000003,3.1470663331189104,0.20498855769253732,1.2926,7.6304,0.08610000000000002,29.02,5
Porosity,NON_FILLET,FE410,TEST,09-19-22-0015-03,porosity_weld_2_09-19-2022_plane_plate,150,22.0,30,232,25.52,123.97004310344829,12.870984264183916,0.10382334265580248,21.743232758620692,2.219291524787994,0.10206814917657982,31.646077586206893,-0.008060344827586207,0.002112068965517246,1295.9,5
Porosity,NON_FILLET,FE410,TEST,10-27-22-0114-03,porosity_weld_7_10-27-22_plane_plate,160,21.0,30,234,25.74,139.56713675213678,14.292307931735635,0.10240453637103664,19.062350427350424,1.9323658554788263,0.10137080749005074,38.66405982905982,-0.003205128205128205,0.00465811965811966,1563.77,5
Good,NON_FILLET,BSK46,TEST,12-25-22-0539-00,good_weld_33_12-25-22_butt_BSK46,150,18.0,30,233,25.63,144.91429184549355,13.884224878119166,0.09580990736871153,18.377811158798277,2.8832732414523154,0.1568888273221789,34.81309012875536,11.498369098712447,0.08038626609442062,1427.71,5
Overlap,FILLET,FE410,TEST,03-22-23-0139-06,overlap_7_03-22-23_Fe410,255,18.0,30,99,10.89,245.65979797979793,23.471463437057746,0.09554458495072093,16.265151515151512,2.504320904176344,0.15396849527306822,41.23676767676768,9.98939393939394,0.03494949494949495,1099.67,5
Porosity,NON_FILLET,FE410,TEST,11-25-22-0217-03,porosity_weld_12_11-25-22_plane_plate,160,21.0,30,220,24.2,143.02663636363636,17.083958551104033,0.11944599261685164,14.432409090909092,1.7715030163404406,0.12274478953456927,32.67104545454545,-0.002681818181818181,0.005909090909090909,1275.9,5
Undercut,FILLET,FE410,TEST,03-15-23-0109-05,undercut_6_03-15-23_Fe410,310,20.0,30,202,22.22,290.0659900990099,23.895956510925462,0.08238110404728563,19.217475247524753,2.44720026076733,0.1273424437522059,133.8910396039604,16.08410891089109,0.22990099009900994,4959.67,5
Spatter,NON_FILLET,FE410,TEST,12-31-22-0002-09,7_spatter,170,16.0,30,212,23.32,133.17882075471698,48.19056236906135,0.3618485439048649,15.251367924528301,5.686075076771492,0.37282393978750944,40.13754716981132,14.536698113207544,0.053349056603773586,1553.44,5
Porosity,NON_FILLET,FE410,TEST,10-27-22-0113-03,porosity_weld_7_10-27-22_plane_plate,160,21.0,30,232,25.52,135.20060344827587,12.71616000117171,0.09405401808015282,19.393103448275866,1.7871062555071835,0.09215163835296641,42.08728448275862,-0.0033620689655172414,0.011379310344827587,1650.98,5
Undercut,FILLET,FE410,TEST,03-15-23-0032-05,undercut_2_03-15-23_Fe410,295,18.0,30,210,23.1,281.4244761904762,23.015629679261945,0.08178261532477475,16.280190476190477,2.216147129031942,0.13612538085921183,117.06014285714285,9.185857142857143,0.12195238095238091,4490.33,5
Undercut,FILLET,FE410,TEST,03-15-23-0136-05,undercut_7_03-15-23_Fe410,310,20.5,30,201,22.11,285.36333333333334,18.14772926107653,0.06359516847904963,19.848606965174127,1.9752668300134142,0.09951664786748855,134.80144278606966,16.87228855721393,0.22129353233830848,5072.62,5
Spatter,NON_FILLET,FE410,TEST,11-15-22-0167-09,spatter_weld_10_11-15-22_plane_plate,170,16.0,30,226,24.86,156.0999115044248,21.68072374747568,0.1388900450905196,15.018141592920353,3.1634999039172675,0.2106452309258132,41.88353982300885,12.409823008849557,0.06743362831858409,1645.57,5
Porosity,NON_FILLET,FE410,TEST,11-26-22-0258-03,porosity_weld_14_11-26-22_plane_plate,140,18.0,30,219,24.09,122.26534246575342,15.83899717213424,0.12954609092573188,17.036255707762557,1.889149521865588,0.11088994872299307,34.70301369863014,-0.002420091324200913,0.00242009132420091,1320.49,5
Porosity,NON_FILLET,FE410,TEST,11-27-22-0278-03,porosity_weld_15_11-26-22_plane_plate,140,19.0,30,222,24.42,115.63135135135136,26.29778611835362,0.22742781962693273,19.374774774774778,4.124058284793557,0.21285709551384951,33.46400900900901,-0.003693693693693694,0.012972972972972969,1325.57,5
Spatter,NON_FILLET,FE410,TEST,12-06-22-0233-09,spatter_weld_13_12-06-22_plane_plate,165,13.5,35,197,21.67,148.65685279187818,31.438130904022003,0.21148120866002632,13.399543147208123,3.924047433404496,0.2928493449586075,42.26730964467005,13.077411167512688,0.07883248730964466,1587.71,5
Undercut,FILLET,FE410,TEST,03-15-23-0048-05,undercut_3_03-15-23_Fe410,300,18.5,30,210,23.1,279.6614285714286,21.989264907112304,0.07862816484718058,17.021809523809523,2.1841726367404877,0.12831612489173622,121.49438095238095,12.42647619047619,0.20790476190476193,4660.66,5
Overlap,FILLET,FE410,TEST,03-22-23-0109-06,overlap_6_03-22-23_Fe410,250,18.0,30,101,11.11,244.73762376237627,36.60074234625617,0.1495509426936049,16.56069306930693,3.258161830672547,0.19674066882569802,2.8876237623762373,8.90168316831683,0.06633663366336635,165.08,5
Undercut,FILLET,BSK46,TEST,03-20-23-0003-05,undercut_1_03-20-23_BSK46,280,18.0,35,176,19.36,246.3721590909091,25.2033636960903,0.10229793735253376,16.73869318181818,2.7914223711033235,0.16676465365500626,116.56420454545454,12.611420454545453,0.36789772727272735,4062.46,5
Spatter,NON_FILLET,FE410,TEST,09-23-22-0069-09,spatter_weld_5_09-23-22_plane_plate,160,13.0,35,200,22.0,138.52735,21.396291076648854,0.15445535539840222,13.649099999999999,5.391904986823736,0.3950374007680899,34.92355,46.86789999999999,1.03845,1389.51,5
Overlap,FILLET,FE410,TEST,03-22-23-0033-06,overlap_2_03-22-23_Fe410,240,18.0,30,99,10.89,233.56696969696966,24.539767037072018,0.10506522848204937,16.701010101010098,1.9183578728872144,0.11486478130871795,0.835959595959596,7.055656565656566,0.09292929292929294,18.03,5
Porosity,NON_FILLET,FE410,TEST,09-19-22-0077-03,porosity_weld_5_09-19-2022_plane_plate,180,22.0,30,232,25.52,159.0251724137931,13.000690889583845,0.08175240870517822,20.216206896551725,1.45787169500146,0.07211400746250421,43.90685344827586,-0.0018103448275862066,0.007543103448275866,1778.36,5
Spatter,NON_FILLET,FE410,TEST,08-30-22-0006-09,spatter_weld_1_08_27_2022_plane_plate_corrected,150,16.0,30,181,19.91,117.79646408839778,69.14482149554001,0.5869855435019832,21.79171270718232,9.636764720203551,0.4422215385130043,33.909281767955804,13.885580110497237,0.23674033149171275,1234.43,5
Spatter,NON_FILLET,FE410,TEST,08-30-22-0014-09,spatter_weld_1_08_27_2022_plane_plate_corrected,150,16.0,30,140,15.4,125.66614285714287,49.23509736309603,0.3917928587898686,19.02435714285714,7.305283119377726,0.38399631927224187,35.124785714285714,16.173428571428573,0.2591428571428572,1322.13,5
Spatter,NON_FILLET,BSK46,TEST,12-25-22-0277-09,spatter_weld_15_12-25-22_plane_plate_BSK46,150,15.0,30,221,24.31,134.43194570135745,30.04744876958233,0.22351419978948442,14.906425339366516,3.907538678932686,0.26213787611529044,34.342895927601816,18.072986425339366,0.12339366515837105,1363.61,5
Porosity,NON_FILLET,BSK46,TEST,12-22-22-0290-03,porosity_weld_16_12-22-22_plane_plate_BSK46,150,21.0,30,236,25.96,125.74186440677967,12.058170423244329,0.09589622740311607,18.841101694915253,1.8475314335958601,0.09805856703668571,34.48,-0.004872881355932203,0.009152542372881354,1401.48,0
Overlap,FILLET,FE410,TEST,03-22-23-0019-06,overlap_1_03-22-23_Fe410,230,18.0,30,101,11.11,225.0679207920792,27.474236925411837,0.12207087011210678,16.95742574257426,3.3563371861198172,0.19792728195136422,1.191881188118812,6.7289108910891064,0.08891089108910888,22.3,5
Undercut,FILLET,FE410,TEST,03-15-23-0038-05,undercut_2_03-15-23_Fe410,295,18.0,30,210,23.1,278.0994285714286,21.204307896182737,0.07624721850421388,16.386761904761904,2.3532113841806694,0.1436044166539601,117.13319047619048,13.232333333333333,0.20447619047619042,4511.64,5
Good,NON_FILLET,BSK46,TEST,12-25-22-0524-00,good_weld_33_12-25-22_butt_BSK46,150,18.0,30,236,25.96,139.2341525423729,8.966918475057858,0.06440171690152652,18.39800847457627,1.6509408845210647,0.08973476052054531,34.95135593220339,10.490889830508474,0.14411016949152544,1439.51,5
Spatter,NON_FILLET,FE410,TEST,09-23-22-0059-09,spatter_weld_4_09-23-22_plane_plate,160,14.0,35,198,21.78,135.68020202020202,32.96755908834084,0.24297987913838864,14.952828282828282,4.829482540074174,0.3229812078842848,30.916717171717167,47.61419191919191,1.0325757575757575,1221.64,5
Spatter,NON_FILLET,FE410,TEST,09-23-22-0070-09,spatter_weld_5_09-23-22_plane_plate,160,13.0,35,199,21.89,138.12391959798995,22.322143210015753,0.16160954072968978,13.481256281407035,4.562320640409584,0.3384195467526129,27.84060301507538,47.24959798994975,0.9772361809045226,1063.61,5
Porosity,NON_FILLET,FE410,TEST,11-25-22-0194-03,porosity_weld_11_11-25-22_plane_plate,170,24.0,30,221,24.31,142.1333484162896,9.938392800871675,0.0699230188524332,22.941447963800904,1.4776512945943265,0.06440967880169982,41.38466063348417,-0.0015837104072398188,0.0003619909502262439,1637.87,5
Undercut,FILLET,FE410,TEST,03-15-23-0014-05,undercut_1_03-15-23_Fe410,290,18.0,30,212,23.32,276.3670754716981,29.219636663758322,0.10572763276481759,16.76561320754717,2.752792481615524,0.1641927704962401,112.70273584905661,8.132783018867926,0.1256132075471698,4342.46,5
Spatter,NON_FILLET,FE410,TEST,09-23-22-0008-09,spatter_weld_2_09-23-22_plane_plate,170,14.0,35,199,21.89,139.35522613065328,44.80860675379545,0.32154234898793743,18.299849246231155,7.279964582372147,0.3978155494298103,37.45286432160805,46.886432160804006,1.1192462311557787,1432.46,5
Porosity,NON_FILLET,FE410,TEST,10-30-22-0165-03,porosity_weld_10_10-30-22_plane_plate,150,20.0,30,232,25.52,131.13939655172413,13.176235349645669,0.10047503417059483,18.058405172413792,1.7805598977317103,0.09860006355664852,33.99435344827586,-0.0002586206896551724,0.0037931034482758612,1366.89,5
Spatter,NON_FILLET,FE410,TEST,11-14-22-0089-09,spatter_weld_6_11-14-22_plane_plate,170,17.0,30,225,24.75,153.9652888888889,22.798065805942038,0.14807276348108933,15.272222222222222,3.5466177857578565,0.23222670114092914,40.56155555555556,10.455422222222223,0.07315555555555553,1604.26,5
Undercut,FILLET,FE410,TEST,03-15-23-0086-05,undercut_5_03-15-23_Fe410,310,19.0,30,201,22.11,300.0926368159204,26.875551762009238,0.08955751812896012,17.831044776119402,2.62672274954649,0.14731176902569296,130.9015422885572,16.460796019900496,0.21099502487562183,4838.03,5
Spatter,NON_FILLET,BSK46,TEST,12-25-22-0291-09,spatter_weld_16_12-25-22_plane_plate_BSK46,160,15.0,30,219,24.09,148.9413698630137,27.307306075249247,0.1833426542294104,14.484885844748856,3.714651546344826,0.2564501775270451,38.018036529680366,18.2475799086758,0.09050228310502285,1524.92,5
Overlap,FILLET,FE410,TEST,03-22-23-0134-06,overlap_7_03-22-23_Fe410,255,18.0,30,100,11.0,243.57659999999998,28.59113538610642,0.11738046834591838,16.418400000000005,2.080430083740699,0.1267133267395543,22.560800000000004,9.457299999999998,0.10750000000000005,648.2,5
Overlap,FILLET,FE410,TEST,03-22-23-0014-06,overlap_1_03-22-23_Fe410,230,18.0,30,101,11.11,219.98297029702965,26.42601977387266,0.12012757050325855,16.880099009900988,2.5674966387707325,0.1521019892871939,1.0297029702970295,6.506831683168317,0.09445544554455443,18.85,5
Overlap,FILLET,FE410,TEST,03-22-23-0024-06,overlap_2_03-22-23_Fe410,240,18.0,30,100,11.0,232.75339999999997,26.95803102617253,0.11582228670417934,16.994,3.0029598193728257,0.17670706245573883,1.2845999999999997,6.323099999999999,0.10130000000000003,22.13,5
Porosity,NON_FILLET,FE410,TEST,10-27-22-0082-03,porosity_weld_6_10-27-22_plane_plate,150,21.0,30,233,25.63,122.96695278969956,13.318999868039288,0.1083136531066009,19.635622317596567,1.6827747185208364,0.08570009604497275,39.31896995708154,-0.004763948497854077,-0.0037339055793991424,1583.44,5
Spatter,NON_FILLET,FE410,TEST,11-15-22-0122-09,spatter_weld_8_11-15-22_plane_plate,160,12.0,30,221,24.31,129.77303167420814,29.408782737998703,0.22661705871084753,12.44348416289593,3.6374982769096635,0.2923215258115554,37.987420814479634,10.051357466063346,0.091131221719457,1487.87,5
Spatter,NON_FILLET,FE410,TEST,11-14-22-0117-09,spatter_weld_7_11-14-22_plane_plate,150,16.0,30,225,24.75,138.97995555555556,39.60918926905204,0.2849992943998226,14.877911111111114,3.642809893562237,0.24484686501734207,39.48737777777778,10.63031111111111,0.0749777777777778,1599.67,5
Spatter,NON_FILLET,FE410,TEST,11-14-22-0112-09,spatter_weld_7_11-14-22_plane_plate,150,16.0,30,221,24.31,137.92547511312216,39.33356712870949,0.2851798559798277,14.930316742081448,3.640541591719096,0.24383552302397873,40.04674208144797,9.915837104072398,0.05257918552036199,1595.41,5
Good,FILLET,BSK46,TEST,04-03-23-0002-00,12_good_weld_1_03-19-23_BSK46,230,19.0,30,195,21.45,214.77112820512818,15.673096778815534,0.07297580875882972,18.35615384615385,1.7727816330494284,0.096576965300434,0.6693333333333332,8.58825641025641,0.11051282051282052,22.46,5
Porosity,NON_FILLET,BSK46,TEST,12-22-22-0306-03,porosity_weld_17_12-22-22_plane_plate_BSK46,160,22.0,30,237,26.07,146.50215189873418,14.388588110281617,0.09821417585884579,20.73590717299578,1.9754451654035163,0.09526687927963548,41.68708860759494,-0.0015611814345991562,-0.006202531645569623,1718.69,5
Spatter,NON_FILLET,FE410,TEST,09-23-22-0003-09,spatter_weld_2_09-23-22_plane_plate,170,14.0,35,198,21.78,151.95691919191918,23.750879825616963,0.15630008789280583,14.001111111111113,3.925160125128173,0.2803463306575157,35.68272727272728,46.10606060606061,1.1302525252525253,1353.61,5
Spatter,NON_FILLET,FE410,TEST,12-06-22-0206-09,spatter_weld_12_12-06-22_plane_plate,165,15.0,35,201,22.11,131.79597014925372,41.499645831971925,0.3148779570799867,16.148407960199005,5.540428092912705,0.3430943846952717,42.05069651741294,12.996517412935324,0.0608955223880597,1550.16,5
Good,NON_FILLET,BSK46,TEST,12-25-22-0528-00,good_weld_33_12-25-22_butt_BSK46,150,18.0,30,236,25.96,136.19572033898305,10.93624969316466,0.08029804215539948,18.400296610169487,0.7290386536093579,0.03962102726139927,35.99546610169491,11.232033898305085,0.13847457627118645,1456.23,5
Good,NON_FILLET,BSK46,TEST,12-21-22-0461-00,good_weld_30_12-21-22_plane_plate_BSK46,170,23.0,30,233,25.63,162.02549356223176,12.898354407242385,0.07960694409048848,23.788454935622322,0.9261382646478501,0.038932257986246624,41.74090128755365,11.521330472103005,0.09557939914163091,1698.36,5
Porosity,NON_FILLET,FE410,TEST,09-16-22-0003-03,porosity_weld_1_09-16-2022_plane_plate_corrected,180,24.0,30,228,25.080000000000002,157.03157894736842,13.181817578640633,0.08394373709417215,23.158771929824564,1.7710340145786294,0.07647357208513456,42.8153947368421,-0.00942982456140351,0.007675438596491227,1727.38,5
Porosity,NON_FILLET,FE410,TEST,11-27-22-0266-03,porosity_weld_15_11-26-22_plane_plate,140,19.0,30,221,24.31,118.55212669683259,28.1874857710468,0.23776448855387675,18.807601809954754,2.6502144243946444,0.1409118744204751,47.026334841628966,-0.004027149321266969,0.007556561085972852,1513.77,5
Good,NON_FILLET,BSK46,TEST,12-24-22-0516-00,good_weld_32_12-24-22_butt_BSK46,165,21.0,30,235,25.85,149.81897872340423,18.028042514406682,0.12033216798046695,22.172893617021277,2.4801709621424908,0.11185598979460935,46.60731914893618,11.940212765957446,0.0845531914893617,1736.07,5
Overlap,FILLET,FE410,TEST,03-22-23-0106-06,overlap_6_03-22-23_Fe410,250,18.0,30,100,11.0,251.2088,30.633557564385253,0.12194460370968395,16.2324,2.6875997026373106,0.16557007606005958,8.9728,8.946899999999998,0.07370000000000003,225.57,5
Porosity,NON_FILLET,BSK46,TEST,12-22-22-0316-03,porosity_weld_17_12-22-22_plane_plate_BSK46,160,22.0,30,232,25.52,145.03922413793103,12.689419879750595,0.08748957363204776,20.69689655172414,1.3508063417092442,0.06526613003710048,47.60125,0.0001293103448275861,0.011681034482758621,1814.43,5
Good,FILLET,BSK46,TEST,03-20-23-0018-00,good_weld_1_03-19-23_BSK46,230,19.0,30,203,22.330000000000002,206.16901477832513,21.039804285474414,0.10205124328743875,19.20714285714286,1.7416427644883914,0.09067682671192814,99.19064039408866,11.308571428571428,0.30177339901477834,3687.71,5
Good,NON_FILLET,BSK46,TEST,12-22-22-0488-00,good_weld_31_12-22-22_plane_plate_BSK46,160,22.0,30,235,25.85,135.68817021276598,10.564049160798076,0.07785534394216613,21.107574468085105,1.6379243658988545,0.07759889078564736,34.32038297872341,7.966425531914894,0.06748936170212765,1402.3,5
Good,NON_FILLET,BSK46,TEST,12-22-22-0500-00,good_weld_31_12-22-22_plane_plate_BSK46,160,22.0,30,235,25.85,138.36221276595745,10.344104074294513,0.07476104832026487,20.835021276595743,1.4557470471745213,0.06987019729179646,34.59272340425532,8.488127659574468,0.06982978723404257,1398.69,5
Overlap,FILLET,FE410,TEST,03-22-23-0051-06,overlap_3_03-22-23_Fe410,235,18.0,30,100,11.0,228.8659,33.29219215939043,0.14546593511480055,16.6238,2.9053533938979506,0.1747707139100537,1.2673,6.8746,0.10650000000000005,24.43,5
Porosity,NON_FILLET,FE410,TEST,10-27-22-0102-03,porosity_weld_7_10-27-22_plane_plate,160,21.0,30,233,25.63,141.66163090128754,14.609618905709876,0.1031303876198498,19.00188841201717,1.9681620705039287,0.10357718284774392,43.61227467811159,-0.004549356223175966,0.0029613733905579395,1767.54,5
Porosity,NON_FILLET,FE410,TEST,09-19-22-0031-03,porosity_weld_3_09-19-2022_plane_plate,160,22.0,30,232,25.52,139.27025862068965,11.761865443912567,0.08445353344210171,21.123706896551724,1.9440716990022056,0.09203269617983384,32.64431034482759,-0.0077586206896551714,-0.004310344827586207,1398.03,5
Spatter,NON_FILLET,FE410,TEST,12-06-22-0225-09,spatter_weld_13_12-06-22_plane_plate,165,13.5,35,201,22.11,146.596815920398,28.927142648573938,0.1973244948531581,13.415124378109454,3.986031247927283,0.2971296527396804,40.180348258706466,13.135373134328358,0.07398009950248755,1528.03,5
Porosity,NON_FILLET,FE410,TEST,09-19-22-0010-03,porosity_weld_2_09-19-2022_plane_plate,150,22.0,30,232,25.52,127.00823275862068,11.213619728977276,0.08829049491845757,21.272370689655176,1.1473926703253796,0.05393816641618419,32.98129310344827,-0.007543103448275862,0.004310344827586209,1323.77,5
Porosity,NON_FILLET,FE410,TEST,09-19-22-0053-03,porosity_weld_4_09-19-2022_plane_plate,170,22.0,30,232,25.52,150.95564655172413,10.397734748100161,0.06887940256370227,20.561206896551724,1.5926786797474022,0.07746036931394853,38.72870689655172,-0.0075,0.012241379310344828,1587.21,5
Overlap,FILLET,BSK46,TEST,03-22-23-0011-06,overlap_1_03-22-23_BSK46,240,18.0,30,99,10.89,233.97727272727272,14.770991415069082,0.06313002644614275,16.461313131313133,1.6870567574889337,0.10248615915578271,6.792121212121212,10.257575757575756,0.05434343434343434,150.0,5
Porosity,NON_FILLET,FE410,TEST,09-19-22-0078-03,porosity_weld_5_09-19-2022_plane_plate,180,22.0,30,231,25.41,160.6520346320346,13.469384728810311,0.08384198033757406,20.175151515151516,1.9458072759665115,0.09644573298521265,43.377272727272725,-0.002813852813852814,0.01796536796536797,1987.05,5
Porosity,NON_FILLET,FE410,TEST,10-30-22-0179-03,porosity_weld_10_10-30-22_plane_plate,150,20.0,30,233,25.63,130.0963948497854,14.352860638165273,0.11032481457105456,18.170128755364807,2.2522007399443265,0.12395073090934233,33.31188841201717,-0.0035622317596566517,-0.011330472103004295,1296.89,5
Porosity,NON_FILLET,BSK46,TEST,12-22-22-0298-03,porosity_weld_16_12-22-22_plane_plate_BSK46,150,21.0,30,235,25.85,127.24799999999999,15.143376307247536,0.11900679230516423,18.663489361702126,2.0498458757190945,0.1098318666993441,34.7343829787234,-0.002680851063829787,0.010595744680851065,1411.64,5
Porosity,NON_FILLET,FE410,TEST,11-25-22-0190-03,porosity_weld_11_11-25-22_plane_plate,170,24.0,30,222,24.42,138.64036036036038,14.48579606553807,0.10448469715374314,23.16581081081081,1.5864859201723858,0.06848393665686067,42.22932432432433,-0.0024324324324324327,0.005810810810810815,1651.97,5
Porosity,NON_FILLET,FE410,TEST,10-27-22-0123-03,porosity_weld_8_10-27-22_plane_plate,170,21.0,30,233,25.63,150.0808154506438,15.999760470333175,0.10660763284295269,18.52472103004292,1.5191453570365907,0.08200638242124562,39.16098712446352,0.0015879828326180257,0.013562231759656653,1686.89,5
Undercut,FILLET,FE410,TEST,03-15-23-0003-05,undercut_1_03-15-23_Fe410,290,18.0,30,209,22.99,278.6925837320574,23.43117207958243,0.0840753340681279,16.404545454545456,1.6382999834170586,0.0998686606682607,110.44138755980862,9.32133971291866,0.1908133971291866,4249.84,5
Undercut,FILLET,FE410,TEST,03-15-23-0036-05,undercut_2_03-15-23_Fe410,295,18.0,30,209,22.99,281.591004784689,21.01593361743601,0.07463283009876426,16.414832535885168,2.3707922433743573,0.14442987695375306,118.53095693779905,12.77397129186603,0.21717703349282297,4531.8,5
Spatter,NON_FILLET,FE410,TEST,12-06-22-0185-09,spatter_weld_11_12-06-22_plane_plate,165,14.0,35,201,22.11,134.68746268656716,45.761528580564814,0.33976086316999693,14.69129353233831,4.52775113256106,0.30819281655455494,41.5,12.737562189054726,0.01895522388059701,1562.3,5
Good,NON_FILLET,BSK46,TEST,12-22-22-0497-00,good_weld_31_12-22-22_plane_plate_BSK46,160,22.0,30,234,25.74,136.7669658119658,8.91330469721728,0.06517147356673647,20.939230769230768,1.4450547037159511,0.06901183332099249,34.72435897435897,8.49888888888889,0.07952991452991452,1404.59,5
Porosity,NON_FILLET,FE410,TEST,11-25-22-0197-03,porosity_weld_11_11-25-22_plane_plate,170,24.0,30,221,24.31,140.44963800904978,9.783293498947517,0.06965695061682635,22.996108597285065,1.4130165240519772,0.06144589716447933,43.46954751131223,-0.002986425339366516,0.00647058823529412,1665.74,5
Spatter,NON_FILLET,FE410,TEST,08-30-22-0005-09,spatter_weld_1_08_27_2022_plane_plate_corrected,150,16.0,30,177,19.47,117.6642372881356,63.39032502184535,0.5387390976462579,21.965310734463277,9.355520613735605,0.42592252515039175,34.56112994350282,14.06909604519774,0.2578531073446328,1269.67,5
Porosity,NON_FILLET,BSK46,TEST,12-22-22-0308-03,porosity_weld_17_12-22-22_plane_plate_BSK46,160,22.0,30,236,25.96,144.89334745762713,15.861757550052005,0.10947195180710864,20.867584745762713,1.6231966403406355,0.07778555401195796,41.6839406779661,-0.002584745762711865,-0.03161016949152542,1719.02,5
Undercut,FILLET,FE410,TEST,03-15-23-0107-05,undercut_6_03-15-23_Fe410,310,20.0,30,201,22.11,290.9562189054726,23.634775789751863,0.08123138209130513,19.036467661691542,1.7839049751034959,0.09370987342853404,133.2434328358209,16.50825870646766,0.1940298507462687,4974.1,5
Porosity,NON_FILLET,FE410,TEST,10-27-22-0125-03,porosity_weld_8_10-27-22_plane_plate,170,21.0,30,232,25.52,151.11047413793105,16.506836029504743,0.10923687536336883,18.55034482758621,1.6495372201779357,0.08892218638032592,37.03245689655172,-0.0036206896551724136,0.00646551724137931,1619.67,5
Spatter,NON_FILLET,BSK46,TEST,12-25-22-0264-09,spatter_weld_15_12-25-22_plane_plate_BSK46,150,15.0,30,198,21.78,137.0962121212121,34.6729160719054,0.25290936587839297,14.65141414141414,5.66020905249723,0.386325101308679,36.568383838383845,19.17464646464646,0.0558080808080808,1375.08,5
Porosity,NON_FILLET,BSK46,TEST,12-22-22-0293-03,porosity_weld_16_12-22-22_plane_plate_BSK46,150,21.0,30,236,25.96,125.69512711864405,13.047988790351322,0.10380663983923005,18.669661016949153,1.7993253734372587,0.09637697073362772,34.34101694915254,-0.0023728813559322033,0.007838983050847457,1394.26,5
Undercut,FILLET,FE410,TEST,03-15-23-0124-05,undercut_7_03-15-23_Fe410,310,20.5,30,201,22.11,287.7977611940299,18.997879788615535,0.06601121464529874,19.884427860696515,1.7420633731354034,0.08760942911406364,134.3738805970149,16.609104477611943,0.1927363184079602,5046.07,5
Overlap,FILLET,BSK46,TEST,03-22-23-0012-06,overlap_1_03-22-23_BSK46,240,18.0,30,100,11.0,236.0762,20.626500644764853,0.08737221560142383,16.4666,2.8200280176271337,0.17125745555409944,1.0758,10.528699999999999,0.0704,37.21,5
Overlap,FILLET,FE410,TEST,03-22-23-0020-06,overlap_1_03-22-23_Fe410,230,18.0,30,101,11.11,220.68079207920792,28.86686202839402,0.13080822194091535,17.191881188118813,3.457709274323475,0.2011245445735789,1.2257425742574257,6.718118811881187,0.06425742574257426,22.95,5
Spatter,NON_FILLET,FE410,TEST,11-15-22-0129-09,spatter_weld_8_11-15-22_plane_plate,160,12.0,30,222,24.42,127.84833333333333,33.74195223528963,0.2639217215864342,12.676576576576577,4.331231314271889,0.34167200332896003,36.52207207207208,10.941036036036035,0.05513513513513514,1459.51,5
Spatter,NON_FILLET,FE410,TEST,12-06-22-0254-09,spatter_weld_14_12-06-22_plane_plate,165,14.5,35,202,22.22,141.29851485148515,22.368133200112773,0.15830409274735321,12.608762376237625,4.318271944889552,0.3424818246260024,41.43658415841585,13.08529702970297,0.055198019801980205,1547.38,5
Spatter,NON_FILLET,FE410,TEST,11-15-22-0126-09,spatter_weld_8_11-15-22_plane_plate,160,12.0,30,223,24.53,128.79412556053813,28.265503933820323,0.21946267976744377,12.662466367713007,4.55537557094168,0.3597542089080735,37.605560538116585,11.02713004484305,0.12932735426008968,1468.85,5
Undercut,FILLET,FE410,TEST,03-15-23-0056-05,undercut_3_03-15-23_Fe410,300,18.5,30,210,23.1,279.992,18.48561573987452,0.06602194255505342,16.765428571428572,1.2953723512435993,0.07726449376016288,120.9868095238095,13.038190476190477,0.20919047619047623,4628.53,5
Spatter,NON_FILLET,FE410,TEST,09-23-22-0022-09,spatter_weld_3_09-23-22_plane_plate,170,13.0,35,200,22.0,144.10855,29.426924470909,0.20419971244529903,13.5555,4.980189170187641,0.36739251006511314,36.0875,46.204249999999995,1.0391499999999998,1367.38,5
Good,NON_FILLET,BSK46,TEST,12-21-22-0476-00,good_weld_30_12-21-22_plane_plate_BSK46,170,23.0,30,234,25.74,164.3565811965812,9.57211410917828,0.0582399198102655,23.574743589743587,0.8396035100827541,0.035614534125751066,41.30564102564103,15.548376068376067,0.06799145299145301,1692.95,5
Porosity,NON_FILLET,FE410,TEST,09-19-22-0040-03,porosity_weld_3_09-19-2022_plane_plate,160,22.0,30,233,25.63,138.67875536480688,10.880730146934667,0.07845996395274772,21.043690987124464,1.862629567063578,0.08851249375421943,35.418454935622314,-0.0051931330472103,-0.003133047210300431,1427.05,5
Porosity,NON_FILLET,FE410,TEST,10-27-22-0118-03,porosity_weld_7_10-27-22_plane_plate,160,21.0,30,233,25.63,137.79789699570816,12.627138922521393,0.09163520777762434,19.314463519313307,1.4903722023256967,0.07716353088634399,33.50819742489271,-0.0015879828326180255,0.008540772532188842,1514.26,5
Good,NON_FILLET,BSK46,TEST,12-22-22-0487-00,good_weld_31_12-22-22_plane_plate_BSK46,160,22.0,30,236,25.96,137.47838983050846,12.827298083373831,0.09330410473375551,20.94652542372882,1.4555384334553918,0.06948829956334986,34.80902542372881,7.804745762711865,0.0690677966101695,1408.36,5
Undercut,FILLET,FE410,TEST,03-15-23-0002-05,undercut_1_03-15-23_Fe410,290,18.0,30,209,22.99,277.12105263157895,24.423245977530247,0.08813204823525245,16.92933014354067,2.2981599100610905,0.13575019747239944,91.0936842105263,9.55181818181818,0.18248803827751198,3903.61,5
Undercut,FILLET,FE410,TEST,03-15-23-0073-05,undercut_4_03-15-23_Fe410,300,19.0,30,208,22.88,278.649375,23.282368795054705,0.08355435498484323,17.71889423076923,1.613308248806482,0.09105016530912739,124.33350961538461,13.08298076923077,0.20663461538461536,4740.0,5
Spatter,NON_FILLET,FE410,TEST,09-23-22-0051-09,spatter_weld_4_09-23-22_plane_plate,160,14.0,35,200,22.0,137.73555,33.84532073085395,0.24572683472679313,14.766350000000003,4.9612415549267155,0.33598293111884214,35.46915,47.48335000000001,1.01895,1286.23,5
Undercut,FILLET,FE410,TEST,03-15-23-0105-05,undercut_6_03-15-23_Fe410,310,20.0,30,201,22.11,291.49572139303484,26.014740928980824,0.08924570420676657,19.206616915422885,2.351687797628001,0.12244154230720347,133.3157711442786,16.28333333333333,0.19527363184079602,4953.28,5
Good,NON_FILLET,BSK46,TEST,12-25-22-0534-00,good_weld_33_12-25-22_butt_BSK46,150,18.0,30,235,25.85,147.94591489361704,10.133392307161783,0.06849389734382572,18.073787234042555,1.692982915187978,0.09367062327696271,35.708,10.998382978723404,0.13480851063829788,1444.26,5
Porosity,NON_FILLET,FE410,TEST,11-26-22-0248-03,porosity_weld_14_11-26-22_plane_plate,140,18.0,30,220,24.2,122.42249999999999,13.09897631418013,0.10699811157409897,17.235136363636364,2.0593002046613367,0.11948267546093579,33.12863636363636,-0.0026818181818181815,0.0036363636363636416,1289.84,5
Porosity,NON_FILLET,FE410,TEST,10-30-22-0152-03,porosity_weld_9_10-30-22_plane_plate,180,21.0,30,233,25.63,158.2921459227468,18.549248372986778,0.11718363071557314,18.524506437768242,2.455553143879251,0.13255700777391866,35.53605150214593,-0.0051931330472103,-0.0003862660944206011,1649.51,5
Porosity,NON_FILLET,FE410,TEST,11-26-22-0261-03,porosity_weld_15_11-26-22_plane_plate,140,19.0,30,220,24.2,122.81613636363637,14.409429024826164,0.11732521028150934,18.462227272727272,2.035461879344956,0.11025007163419423,34.088545454545454,-0.004863636363636364,0.020863636363636365,1323.44,5
Spatter,NON_FILLET,FE410,TEST,11-14-22-0119-09,spatter_weld_7_11-14-22_plane_plate,150,16.0,30,224,24.64,143.42058035714288,37.267725696444664,0.25984921831749225,14.6584375,3.4824502694919146,0.23757308850223052,40.86285714285714,10.749151785714286,0.05674107142857143,1616.39,5
Overlap,FILLET,FE410,TEST,03-22-23-0100-06,overlap_5_03-22-23_Fe410,245,18.0,30,102,11.22,241.97490196078434,37.22377614356626,0.15383321097325595,16.712352941176473,3.876137246461625,0.23193246696648345,1.5435294117647056,7.681568627450981,0.018333333333333323,28.69,5
Spatter,NON_FILLET,FE410,TEST,08-30-22-0017-09,spatter_weld_1_08_27_2022_plane_plate_corrected,150,16.0,30,186,20.46,118.31639784946238,62.83294634516062,0.5310586485662362,22.892365591397848,9.903708494361902,0.43262058063948494,35.710967741935484,14.82790322580645,0.231989247311828,1254.59,5
Spatter,NON_FILLET,FE410,TEST,09-23-22-0007-09,spatter_weld_2_09-23-22_plane_plate,170,14.0,35,198,21.78,139.94040404040408,41.206541800369116,0.2944577878199624,17.063282828282826,7.1973762725692065,0.4218048979789148,36.51434343434343,46.692777777777785,1.1530808080808082,1370.82,5
Porosity,NON_FILLET,FE410,TEST,09-19-22-0046-03,porosity_weld_4_09-19-2022_plane_plate,170,22.0,30,231,25.41,148.39575757575756,13.544706786179745,0.09127421839714679,20.8525974025974,1.5357641371762472,0.07364857756209077,32.239134199134206,-0.004632034632034631,-0.00017316017316017283,1449.84,5
Porosity,NON_FILLET,FE410,TEST,09-19-22-0026-03,porosity_weld_3_09-19-2022_plane_plate,160,22.0,30,234,25.74,137.21128205128207,13.341473626288964,0.09723306587356753,21.02833333333333,1.9987863807090926,0.0950520590017798,35.58641025641026,-0.008461538461538463,-0.0022649572649572716,1460.16,5
Porosity,NON_FILLET,FE410,TEST,11-25-22-0186-03,porosity_weld_11_11-25-22_plane_plate,170,24.0,30,221,24.31,141.07289592760182,13.066226440471064,0.09262038859099207,22.99923076923077,1.6219861130875783,0.07052349399691801,42.25538461538461,-0.005067873303167421,0.00244343891402715,1650.66,5
Porosity,NON_FILLET,FE410,TEST,11-26-22-0236-03,porosity_weld_13_11-26-22_plane_plate,160,22.0,30,219,24.09,124.64940639269408,12.696350848782172,0.10185648866055352,19.705981735159817,1.5155758041132386,0.07690942904961275,34.978767123287675,-0.005890410958904109,0.006894977168949773,1361.97,5
Spatter,NON_FILLET,FE410,TEST,08-30-22-0016-09,spatter_weld_1_08_27_2022_plane_plate_corrected,150,16.0,30,181,19.91,120.86325966850829,67.43626392448878,0.5579550320705089,22.552541436464086,9.901601225991241,0.4390459165715946,34.79187845303867,14.989613259668507,0.2609944751381215,1234.59,5
Good,NON_FILLET,BSK46,TEST,12-21-22-0466-00,good_weld_30_12-21-22_plane_plate_BSK46,170,23.0,30,236,25.96,161.98411016949152,14.82983816688153,0.09155119073941499,23.819999999999997,1.3936469835986502,0.05850743004192487,42.58148305084745,12.692711864406778,0.06529661016949152,1710.66,5
Undercut,FILLET,FE410,TEST,03-15-23-0106-05,undercut_6_03-15-23_Fe410,310,20.0,30,201,22.11,290.9771641791045,15.163547356008438,0.052112499614144485,19.052736318407963,1.7165404088236254,0.09009416706014953,131.74457711442787,16.263482587064676,0.22427860696517415,4932.46,5
Porosity,NON_FILLET,FE410,TEST,09-19-22-0025-03,porosity_weld_3_09-19-2022_plane_plate,160,22.0,30,229,25.19,138.19751091703057,9.915549254726468,0.07174911609427938,21.09545851528384,1.6693031911863117,0.07913092716031211,34.77266375545852,-0.007248908296943232,0.012663755458515289,1396.72,5
Spatter,NON_FILLET,FE410,TEST,09-23-22-0063-09,spatter_weld_5_09-23-22_plane_plate,160,13.0,35,198,21.78,139.58060606060604,24.056449658858675,0.17234808142625013,13.931515151515153,6.244299225659051,0.4482139349344165,34.250202020202025,47.21121212121212,1.0263131313131313,1309.34,5
Porosity,NON_FILLET,FE410,TEST,10-27-22-0135-03,porosity_weld_8_10-27-22_plane_plate,170,21.0,30,231,25.41,145.21,16.539890804539397,0.11390324911878931,18.89004329004329,1.799474439659366,0.09526047198673424,38.013376623376615,-0.00445887445887446,0.0003896103896103885,1531.48,5
Spatter,NON_FILLET,FE410,TEST,09-23-22-0016-09,spatter_weld_2_09-23-22_plane_plate,170,14.0,35,200,22.0,140.75934999999998,43.66486311016729,0.31020932613121116,16.67775,6.642657671610893,0.3982945943913833,35.5151,46.87955,1.1791,1377.38,5
Overlap,FILLET,FE410,TEST,03-22-23-0006-06,overlap_1_03-22-23_Fe410,230,18.0,30,100,11.0,220.13209999999995,27.04390617499662,0.12285307856053991,17.531100000000002,4.813160177990121,0.27454981022241165,1.1798999999999997,6.6995000000000005,0.0877,19.84,5
Spatter,NON_FILLET,FE410,TEST,12-06-22-0187-09,spatter_weld_11_12-06-22_plane_plate,165,14.0,35,202,22.22,134.10188118811882,46.00959745678142,0.34309434773878317,14.527524752475248,4.580533307919112,0.31530032720396267,41.116782178217825,12.435099009900988,0.10495049504950495,1530.16,5
Porosity,NON_FILLET,FE410,TEST,09-19-22-0023-03,porosity_weld_3_09-19-2022_plane_plate,160,22.0,30,233,25.63,137.77351931330472,12.661249310900246,0.09189900478703643,20.998841201716736,1.593930820877549,0.0759056562010307,32.36463519313305,-0.006480686695278971,-0.013433476394849788,1380.49,5
Undercut,FILLET,FE410,TEST,03-15-23-0058-05,undercut_3_03-15-23_Fe410,300,18.5,30,209,22.99,279.8032057416268,24.100935581919074,0.08613530898632422,16.81368421052632,1.5684302281474944,0.09328295979090462,120.77913875598087,12.291866028708133,0.2073684210526316,4651.31,5
Undercut,FILLET,FE410,TEST,03-15-23-0059-05,undercut_3_03-15-23_Fe410,300,18.5,30,210,23.1,277.77295238095235,27.016241895755417,0.09726016037264827,16.968714285714288,2.380845365583171,0.1403079411613153,120.41742857142859,12.23795238095238,0.21790476190476193,4647.05,5
Spatter,NON_FILLET,FE410,TEST,12-06-22-0199-09,spatter_weld_11_12-06-22_plane_plate,165,14.0,35,203,22.330000000000002,125.91453201970444,45.783681408548986,0.36360919326916347,15.526995073891628,5.130713510198946,0.3304382777081028,41.956847290640404,12.907881773399016,0.06216748768472908,1567.21,5
Good,NON_FILLET,BSK46,TEST,12-21-22-0463-00,good_weld_30_12-21-22_plane_plate_BSK46,170,23.0,30,235,25.85,162.33519148936173,11.976764303837278,0.0737779910440562,23.8363829787234,1.366630746138193,0.05733381391623308,41.43187234042553,10.890680851063829,0.052,1694.26,5
Spatter,NON_FILLET,FE410,TEST,11-14-22-0110-09,spatter_weld_7_11-14-22_plane_plate,150,16.0,30,222,24.42,143.01436936936938,38.56603721571069,0.2696654705801242,14.800315315315316,3.752846568431717,0.2535653118517201,39.17013513513514,10.284054054054053,0.06639639639639638,1579.51,5
Overlap,FILLET,FE410,TEST,03-22-23-0025-06,overlap_2_03-22-23_Fe410,240,18.0,30,101,11.11,234.9174257425743,25.610520324798767,0.10901924471479235,16.89207920792079,3.0899661217662837,0.18292396594478325,1.392772277227723,6.414554455445543,0.07851485148514857,28.52,5
Porosity,NON_FILLET,FE410,TEST,09-19-22-0056-03,porosity_weld_4_09-19-2022_plane_plate,170,22.0,30,232,25.52,145.1589224137931,11.178647245755482,0.07700971500662834,20.945991379310342,1.501473406203304,0.07168309100357993,39.29581896551725,-0.004827586206896551,0.02435344827586207,1636.07,5
Spatter,NON_FILLET,FE410,TEST,09-23-22-0006-09,spatter_weld_2_09-23-22_plane_plate,170,14.0,35,197,21.67,148.81269035532995,22.198909822711933,0.14917349971770633,14.304010152284265,4.761186897546219,0.3328567895895883,34.943350253807104,46.49456852791878,1.1279187817258882,1349.02,5
Spatter,NON_FILLET,FE410,TEST,09-23-22-0050-09,spatter_weld_4_09-23-22_plane_plate,160,14.0,35,198,21.78,131.73934343434343,34.56684449216349,0.2623881643177537,15.475656565656568,6.237488376090189,0.4030516152660279,34.23449494949495,47.353080808080804,1.0296464646464647,1272.13,5
Undercut,FILLET,FE410,TEST,03-15-23-0119-05,undercut_6_03-15-23_Fe410,310,20.0,30,201,22.11,294.9600995024876,23.165208632560375,0.07853675351897896,19.10691542288557,1.4036375735249274,0.07346228014615594,134.94044776119404,16.323482587064674,0.21422885572139308,5005.9,5
Overlap,FILLET,FE410,TEST,03-22-23-0119-06,overlap_6_03-22-23_Fe410,250,18.0,30,101,11.11,244.0038613861386,29.0406399712643,0.11901713278753073,16.5390099009901,2.6465046778536006,0.160015907463431,13.156336633663363,9.79752475247525,0.055544554455445545,661.48,5
Overlap,FILLET,FE410,TEST,03-22-23-0137-06,overlap_7_03-22-23_Fe410,255,18.0,30,100,11.0,247.90400000000002,28.652831686176565,0.11558035241939042,16.6048,3.4612648706867986,0.20844965736936297,38.9246,9.845600000000001,0.0735,979.18,5
Overlap,FILLET,FE410,TEST,03-22-23-0133-06,overlap_7_03-22-23_Fe410,255,18.0,30,100,11.0,243.51549999999995,27.706950569279268,0.1137790020318184,16.495,2.602849448686046,0.15779626848657446,35.3231,9.8317,0.055299999999999974,701.31,5
Overlap,FILLET,FE410,TEST,03-22-23-0038-06,overlap_2_03-22-23_Fe410,240,18.0,30,102,11.22,230.4023529411765,27.79241021746731,0.12062554857919756,17.17323529411765,2.6608467206551367,0.15494149326461257,1.1194117647058823,6.579509803921567,0.08970588235294116,19.34,5
Undercut,FILLET,FE410,TEST,03-15-23-0091-05,undercut_5_03-15-23_Fe410,310,19.0,30,203,22.330000000000002,305.59118226600987,27.457639049264305,0.0898508878615584,17.4192118226601,1.564252698387952,0.08980042922223756,131.07172413793103,16.440443349753693,0.2203448275862069,4899.18,5
Porosity,NON_FILLET,FE410,TEST,11-26-22-0229-03,porosity_weld_13_11-26-22_plane_plate,160,22.0,30,221,24.31,127.03393665158374,14.648326475172563,0.11531034038052808,19.603800904977373,1.7863179591243228,0.09112100086013318,35.54773755656109,-0.005429864253393665,0.040904977375565615,1374.1,5
Overlap,FILLET,FE410,TEST,03-22-23-0044-06,overlap_3_03-22-23_Fe410,235,18.0,30,102,11.22,226.90647058823532,26.13924819750579,0.11519833757821916,16.849509803921567,2.701521162051455,0.1603323297525665,0.6924509803921571,6.9677450980392175,0.03480392156862745,14.75,5
Good,NON_FILLET,BSK46,TEST,12-21-22-0479-00,good_weld_30_12-21-22_plane_plate_BSK46,170,23.0,30,235,25.85,162.277914893617,9.990738377420323,0.061565607272991256,23.722127659574472,1.4648180893597122,0.061749018063668414,40.68987234042553,15.676936170212768,0.055404255319148936,1682.46,5
Spatter,NON_FILLET,FE410,TEST,09-23-22-0034-09,spatter_weld_3_09-23-22_plane_plate,170,13.0,35,199,21.89,145.9108040201005,26.59912876139815,0.18229718450275884,13.84040201005025,5.549037120878254,0.4009303426915493,38.36371859296482,46.75708542713568,1.0136180904522614,1411.64,5
Spatter,NON_FILLET,FE410,TEST,12-06-22-0191-09,spatter_weld_11_12-06-22_plane_plate,165,14.0,35,200,22.0,131.83530000000002,38.98135392310524,0.29568221806379047,15.378300000000001,5.288465034592792,0.34389139466604185,41.5339,12.3528,0.09035,1547.71,5
Good,NON_FILLET,BSK46,TEST,12-25-22-0538-00,good_weld_33_12-25-22_butt_BSK46,150,18.0,30,233,25.63,142.6615450643777,10.685777173859787,0.07490299624217378,18.344763948497853,2.017654848154385,0.10998532626633219,35.628927038626614,11.184206008583692,0.07918454935622317,1447.87,5
Spatter,NON_FILLET,FE410,TEST,12-06-22-0190-09,spatter_weld_11_12-06-22_plane_plate,165,14.0,35,200,22.0,127.17945,48.67720062308431,0.3827442296934317,15.2477,4.585753524442266,0.3007505082368007,39.6301,12.4246,0.08375,1496.23,5
Porosity,NON_FILLET,FE410,TEST,11-27-22-0270-03,porosity_weld_15_11-26-22_plane_plate,140,19.0,30,220,24.2,119.59786363636364,19.50841873015809,0.16311678266656404,18.53559090909091,2.2910716353429765,0.12360391673401167,34.28663636363636,-0.003272727272727273,0.04495454545454546,1327.87,5
Overlap,FILLET,FE410,TEST,03-22-23-0048-06,overlap_3_03-22-23_Fe410,235,18.0,30,99,10.89,229.20070707070707,23.692268361370434,0.10336908931987504,16.839393939393936,3.184587827167353,0.1891153469435355,1.0806060606060606,6.948181818181817,0.08727272727272728,20.98,5
Good,NON_FILLET,BSK46,TEST,12-24-22-0520-00,good_weld_32_12-24-22_butt_BSK46,165,21.0,30,235,25.85,148.02412765957445,12.501766148078447,0.08445762421130412,22.12425531914894,1.3590012431848602,0.061425852467387694,40.68655319148936,11.675787234042552,0.08948936170212766,1680.49,5
Porosity,NON_FILLET,FE410,TEST,11-26-22-0227-03,porosity_weld_13_11-26-22_plane_plate,160,22.0,30,220,24.2,128.88463636363636,11.074871691003361,0.08592856374096142,19.65727272727273,1.5593175003291382,0.07932522084641594,35.217136363636364,-0.006500000000000001,0.05054545454545455,1360.98,5
Overlap,FILLET,FE410,TEST,03-22-23-0032-06,overlap_2_03-22-23_Fe410,240,18.0,30,101,11.11,233.4984158415842,32.307180184369955,0.13836145340826891,16.78346534653465,2.837513501516271,0.169066008892028,1.2585148514851487,6.719009900990098,0.07762376237623761,25.08,5
Spatter,NON_FILLET,FE410,TEST,09-23-22-0054-09,spatter_weld_4_09-23-22_plane_plate,160,14.0,35,198,21.78,145.1838888888889,22.554118052917786,0.1553486287323433,14.229494949494947,4.977001803470741,0.3497665813955956,34.255656565656565,47.51373737373738,1.024191919191919,1449.34,5
Porosity,NON_FILLET,FE410,TEST,11-27-22-0268-03,porosity_weld_15_11-26-22_plane_plate,140,19.0,30,221,24.31,117.0272850678733,24.28176120344433,0.20748803314852116,19.03678733031674,3.317745550962228,0.17428074881514294,34.279276018099544,-0.004524886877828055,-0.012488687782805432,1336.72,5
Overlap,FILLET,FE410,TEST,03-22-23-0089-06,overlap_5_03-22-23_Fe410,245,18.0,30,100,11.0,232.76990000000006,29.406796798864324,0.1263341901116266,16.2295,2.461024002608293,0.1516389292712833,1.0201,8.168099999999999,0.0688,19.67,5
Undercut,FILLET,FE410,TEST,03-15-23-0094-05,undercut_5_03-15-23_Fe410,310,19.0,30,201,22.11,311.6774129353234,23.4779425264147,0.07532769957663452,17.378159203980097,1.7040569516678024,0.09805739098520426,131.05930348258707,16.222288557213933,0.2202487562189055,4904.1,5
Spatter,NON_FILLET,FE410,TEST,12-06-22-0239-09,spatter_weld_13_12-06-22_plane_plate,165,13.5,35,202,22.22,150.9650495049505,22.88698542269887,0.15160453030519724,13.583712871287128,4.875447531618493,0.35891862392969726,38.32247524752475,12.99019801980198,0.09094059405940595,1492.79,5
Porosity,NON_FILLET,FE410,TEST,10-30-22-0174-03,porosity_weld_10_10-30-22_plane_plate,150,20.0,30,231,25.41,131.52965367965368,12.409369737051318,0.09434655524354142,17.929567099567098,2.1081142992586863,0.11757753478105926,30.723333333333333,-0.004069264069264069,0.013246753246753243,1275.25,5
Porosity,NON_FILLET,FE410,TEST,09-19-22-0045-03,porosity_weld_4_09-19-2022_plane_plate,170,22.0,30,233,25.63,149.40115879828326,12.381143857510262,0.08287180606294287,20.874206008583695,1.8759129709607834,0.08986751257458071,37.42665236051502,-0.003991416309012875,0.005836909871244632,1560.98,5
Overlap,FILLET,FE410,TEST,03-22-23-0085-06,overlap_5_03-22-23_Fe410,245,18.0,30,100,11.0,231.6923,27.17558432758079,0.11729170251916353,16.445000000000004,2.0809843727418906,0.12654207192106356,0.9976000000000002,8.5565,0.04370000000000001,17.7,5
Overlap,FILLET,FE410,TEST,03-22-23-0114-06,overlap_6_03-22-23_Fe410,250,18.0,30,100,11.0,237.59620000000004,32.657235923167384,0.1374484773879691,16.6914,3.2607655480877433,0.19535602454484005,11.391100000000002,8.8077,0.0564,407.7,5
Spatter,NON_FILLET,FE410,TEST,09-23-22-0036-09,spatter_weld_3_09-23-22_plane_plate,170,13.0,35,196,21.56,143.54770408163265,28.84971407820248,0.20097649253795266,14.654132653061225,6.354824193154572,0.4336540649389481,36.425816326530615,47.151479591836726,1.009642857142857,1386.23,5
Spatter,NON_FILLET,FE410,TEST,11-15-22-0155-09,spatter_weld_9_11-15-22_plane_plate,170,15.0,30,225,24.75,149.10097777777779,34.179701616765335,0.2292386148379741,14.470933333333333,3.4931910196838647,0.24139362259636776,41.6804,9.855822222222223,0.07622222222222223,1623.77,5
Spatter,NON_FILLET,FE410,TEST,12-06-22-0229-09,spatter_weld_13_12-06-22_plane_plate,165,13.5,35,202,22.22,150.5690099009901,24.717563236455167,0.1641610265798303,13.38569306930693,3.9740844265947555,0.296890449080088,41.96995049504951,13.209108910891088,0.04262376237623762,1576.07,5
Undercut,FILLET,FE410,TEST,03-15-23-0072-05,undercut_4_03-15-23_Fe410,300,19.0,30,211,23.21,279.4131279620853,23.743560283394036,0.08497653799078438,17.68127962085308,2.3213745461137067,0.131289962937745,122.8503317535545,13.278483412322275,0.23336492890995258,4725.25,5
Overlap,FILLET,FE410,TEST,03-22-23-0087-06,overlap_5_03-22-23_Fe410,245,18.0,30,100,11.0,231.6457,26.772496789682044,0.11557519431477487,16.910100000000003,4.007737086630753,0.2370025657228965,1.2228999999999999,8.1569,0.07420000000000002,20.98,5
Porosity,NON_FILLET,FE410,TEST,09-19-22-0007-03,porosity_weld_2_09-19-2022_plane_plate,150,22.0,30,231,25.41,126.05069264069263,12.388797444742515,0.09828424727547329,21.3991341991342,1.5677624970414623,0.07326289383730737,32.84731601731601,-0.010173160173160176,0.025324675324675333,1307.05,5
Undercut,FILLET,FE410,TEST,03-15-23-0054-05,undercut_3_03-15-23_Fe410,300,18.5,30,209,22.99,278.15148325358854,19.170440416697552,0.06892086352536186,17.007846889952155,1.7870543165474184,0.10507234267279117,122.73090909090908,12.895454545454543,0.248133971291866,4688.36,5
Spatter,NON_FILLET,FE410,TEST,11-14-22-0105-09,spatter_weld_7_11-14-22_plane_plate,150,16.0,30,223,24.53,134.1452466367713,48.12860624894433,0.3587798111047755,15.271121076233184,4.194580598246316,0.27467404503618553,39.657713004484314,10.841614349775783,0.11739910313901346,1593.93,5
Porosity,NON_FILLET,FE410,TEST,09-16-22-0016-03,porosity_weld_1_09-16-2022_plane_plate_corrected,180,24.0,30,229,25.19,155.27973799126636,11.039924314886347,0.07109700504200543,24.065458515283844,1.741713560422879,0.07237400273577693,40.01493449781658,-0.005807860262008734,0.008820960698689956,1682.79,5
Undercut,FILLET,BSK46,TEST,03-20-23-0011-05,undercut_1_03-20-23_BSK46,280,18.0,35,177,19.47,244.6971751412429,19.98498006850318,0.08167229579568112,16.774011299435028,2.1290950542123754,0.12692819959433832,119.06446327683615,12.20401129943503,0.3018079096045198,4142.13,5
Good,NON_FILLET,BSK46,TEST,12-25-22-0535-00,good_weld_33_12-25-22_butt_BSK46,150,18.0,30,231,25.41,143.00025974025974,14.352580041417124,0.10036751029324427,18.51255411255411,3.0246805027635943,0.16338536996969188,35.11705627705628,11.071428571428571,0.08411255411255411,1435.25,5
Spatter,NON_FILLET,FE410,TEST,08-30-22-0001-09,spatter_weld_1_08_27_2022_plane_plate_corrected,150,16.0,30,186,20.46,144.72451612903228,50.05281297311231,0.3458488880245185,16.386935483870968,3.6579691258326523,0.22322472248902495,37.29075268817204,14.130860215053763,0.2236559139784946,1388.03,5
Porosity,NON_FILLET,FE410,TEST,11-25-22-0211-03,porosity_weld_12_11-25-22_plane_plate,160,21.0,30,218,23.98,131.8202752293578,16.567181314215564,0.12568006921082406,15.097889908256882,2.2726622458421946,0.15052846852455182,33.60775229357798,-0.004357798165137614,0.005917431192660551,1279.51,5
Spatter,NON_FILLET,FE410,TEST,09-23-22-0018-09,spatter_weld_2_09-23-22_plane_plate,170,14.0,35,200,22.0,137.27214999999998,45.80352599797022,0.3336694733634625,17.3988,6.823725279747664,0.3921951674683118,33.381899999999995,46.9039,1.12915,1317.71,5
Spatter,NON_FILLET,FE410,TEST,12-06-22-0196-09,spatter_weld_11_12-06-22_plane_plate,165,14.0,35,201,22.11,126.53154228855719,42.69318699874083,0.3374114171577735,15.507810945273631,5.002156953163264,0.3225572565216104,41.34960199004974,12.97457711442786,0.061492537313432835,1534.26,5
Spatter,NON_FILLET,FE410,TEST,11-14-22-0120-09,spatter_weld_7_11-14-22_plane_plate,150,16.0,30,225,24.75,140.11853333333332,38.00500428843925,0.2712346709912221,14.833022222222224,3.913040666025367,0.2638060273491002,40.97422222222222,10.582622222222223,0.07555555555555557,1638.2,5
Porosity,NON_FILLET,FE410,TEST,10-27-22-0138-03,porosity_weld_8_10-27-22_plane_plate,170,21.0,30,233,25.63,148.35841201716735,17.024659740440807,0.11475358565088167,18.80107296137339,2.023997657164014,0.1076533058151679,40.98961373390558,-0.005879828326180258,0.0021888412017167388,1741.31,5
Good,NON_FILLET,BSK46,TEST,12-25-22-0523-00,good_weld_33_12-25-22_butt_BSK46,150,18.0,30,234,25.74,140.04337606837606,11.99089787717684,0.08562274213756668,18.27534188034188,0.9188479973710798,0.050278019606268,35.816324786324785,10.503205128205128,0.13504273504273506,1449.51,5
Porosity,NON_FILLET,BSK46,TEST,12-22-22-0302-03,porosity_weld_17_12-22-22_plane_plate_BSK46,160,22.0,30,236,25.96,141.56898305084746,12.589859708195798,0.08893091860152648,21.073474576271188,1.683667414026004,0.07989510262924653,41.768389830508475,-0.0038983050847457624,0.01601694915254237,1708.69,5
Porosity,NON_FILLET,FE410,TEST,09-16-22-0018-03,porosity_weld_1_09-16-2022_plane_plate_corrected,180,24.0,30,229,25.19,153.30227074235808,14.767971510685284,0.09633237289423156,23.593755458515282,1.8911824138335567,0.08015605727366328,42.15912663755458,-0.005633187772925765,0.012008733624454149,1732.46,5
Good,NON_FILLET,BSK46,TEST,12-24-22-0518-00,good_weld_32_12-24-22_butt_BSK46,165,21.0,30,235,25.85,151.68544680851065,15.59823601522584,0.10283277890803343,22.091617021276594,1.771936004241643,0.0802085244613411,40.72574468085106,11.735617021276596,0.054510638297872366,1683.93,5
Undercut,FILLET,FE410,TEST,03-15-23-0108-05,undercut_6_03-15-23_Fe410,310,20.0,30,201,22.11,292.40910447761195,19.414127361126223,0.06639371710333544,19.161144278606965,2.0816176844174827,0.10863744117524167,133.60532338308457,16.593830845771144,0.22089552238805973,4988.36,5
Spatter,NON_FILLET,FE410,TEST,09-23-22-0064-09,spatter_weld_5_09-23-22_plane_plate,160,13.0,35,200,22.0,144.44,13.408738993918673,0.09283258788367954,12.9504,3.728524010447353,0.28790801909186997,38.14585,47.5961,1.01255,1351.97,5
Spatter,NON_FILLET,FE410,TEST,08-30-22-0007-09,spatter_weld_1_08_27_2022_plane_plate_corrected,150,16.0,30,171,18.81,111.2195321637427,72.20682104664486,0.649227879688781,24.7172514619883,9.9470593373079,0.40243387710826567,33.72619883040936,14.027602339181286,0.22818713450292397,1230.0,5
Good,NON_FILLET,BSK46,TEST,12-22-22-0499-00,good_weld_31_12-22-22_plane_plate_BSK46,160,22.0,30,235,25.85,138.26331914893615,11.618542947298577,0.08403199792117803,20.93702127659574,1.645327643693172,0.07858460962316481,35.4056170212766,8.517914893617021,0.05621276595744682,1418.53,5
Porosity,NON_FILLET,FE410,TEST,11-25-22-0193-03,porosity_weld_11_11-25-22_plane_plate,170,24.0,30,219,24.09,141.37949771689497,11.639908895878548,0.08233095380765078,23.09853881278539,1.548089874266917,0.06702111708512168,42.5872602739726,-0.0039726027397260265,0.004200913242009132,1660.98,5
Overlap,FILLET,FE410,TEST,03-22-23-0129-06,overlap_7_03-22-23_Fe410,255,18.0,30,101,11.11,243.14178217821785,20.395885045569344,0.08388473944235378,16.345940594059403,2.960201404708072,0.18109703676421635,26.255247524752477,9.76,0.09534653465346533,787.38,5
Good,FILLET,BSK46,TEST,03-20-23-0015-00,good_weld_1_03-19-23_BSK46,230,19.0,30,204,22.44,209.37563725490196,12.017385152241918,0.05739629170709814,19.175980392156863,1.8293032186118,0.09539555116357963,95.59926470588235,10.955588235294115,0.3175980392156863,3633.12,5
Undercut,FILLET,FE410,TEST,03-15-23-0101-05,undercut_6_03-15-23_Fe410,310,20.0,30,201,22.11,297.99462686567165,21.81084913489327,0.07319208861012465,19.167562189054724,1.937847653290419,0.10110037125101858,133.65248756218907,17.52537313432836,0.22741293532338308,4930.33,5
Spatter,NON_FILLET,FE410,TEST,11-15-22-0148-09,spatter_weld_9_11-15-22_plane_plate,170,15.0,30,224,24.64,145.58754464285715,39.108832827827385,0.26862760082784426,14.905624999999999,4.045350269191585,0.27139756093364653,41.12683035714286,9.551026785714285,0.08508928571428573,1617.87,5
Undercut,FILLET,FE410,TEST,03-15-23-0121-05,undercut_7_03-15-23_Fe410,310,20.5,30,202,22.22,294.19,20.07284455569798,0.06823088669124709,20.031782178217824,2.0216745416405724,0.10092334888899214,135.9329702970297,17.545346534653465,0.24039603960396042,5067.71,5
Porosity,NON_FILLET,FE410,TEST,11-25-22-0195-03,porosity_weld_11_11-25-22_plane_plate,170,24.0,30,220,24.2,141.92036363636365,12.907813917977643,0.09095110516381406,22.9745,1.779579301010347,0.07745889142354989,42.36990909090909,-0.003318181818181818,0.009090909090909092,1655.41,5
Porosity,NON_FILLET,BSK46,TEST,12-22-22-0307-03,porosity_weld_17_12-22-22_plane_plate_BSK46,160,22.0,30,235,25.85,145.02778723404253,12.236856344764385,0.0843759432460817,20.763659574468083,1.7006047852902084,0.08190294101052145,41.64212765957448,-0.0013191489361702126,0.03706382978723405,1713.61,5
Spatter,NON_FILLET,FE410,TEST,11-14-22-0115-09,spatter_weld_7_11-14-22_plane_plate,150,16.0,30,225,24.75,140.03515555555555,40.799344467967536,0.2913507276519673,14.911644444444445,3.7796065150661065,0.2534667808870842,40.368311111111105,10.916266666666665,0.05182222222222221,1621.8,5
Porosity,NON_FILLET,FE410,TEST,10-30-22-0169-03,porosity_weld_10_10-30-22_plane_plate,150,20.0,30,232,25.52,130.22211206896552,13.024597054046879,0.1000183213673348,17.955603448275863,2.084948653968492,0.11611688016916488,33.066206896551726,-0.0027586206896551726,0.01461206896551724,1297.87,5
Good,NON_FILLET,BSK46,TEST,12-21-22-0474-00,good_weld_30_12-21-22_plane_plate_BSK46,170,23.0,30,235,25.85,162.49272340425532,12.23043559913282,0.07526758948279486,23.72276595744681,1.2648385967226128,0.053317500960530596,41.44897872340426,15.366468085106387,0.06880851063829788,1700.33,5
Porosity,NON_FILLET,FE410,TEST,11-26-22-0264-03,porosity_weld_15_11-26-22_plane_plate,140,19.0,30,219,24.09,119.00534246575342,24.95678601334964,0.2097114759409355,18.78497716894977,3.5505129974903498,0.18900810821101743,34.15050228310502,-0.00684931506849315,-0.009360730593607307,1323.12,5
Spatter,NON_FILLET,FE410,TEST,09-23-22-0079-09,spatter_weld_5_09-23-22_plane_plate,160,13.0,35,199,21.89,140.81778894472362,26.484242926113104,0.18807455453308664,13.706281407035174,4.653706488598769,0.339530931140091,23.772261306532666,47.45321608040202,1.0325125628140703,1090.66,5
Spatter,NON_FILLET,FE410,TEST,12-06-22-0246-09,spatter_weld_14_12-06-22_plane_plate,165,14.5,35,200,22.0,148.0068,25.547570285596386,0.17261078738001487,12.186900000000001,3.9014489500117433,0.3201346486811037,43.61935,13.329600000000001,0.06665000000000001,1577.54,5
Porosity,NON_FILLET,FE410,TEST,11-26-22-0225-03,porosity_weld_13_11-26-22_plane_plate,160,22.0,30,220,24.2,129.5414090909091,14.062933965002701,0.1085593715839054,19.473136363636364,1.7270418871440802,0.08868842978828588,35.7775,-0.007363636363636364,0.00831818181818182,1380.66,5
Spatter,NON_FILLET,FE410,TEST,12-06-22-0197-09,spatter_weld_11_12-06-22_plane_plate,165,14.0,35,199,21.89,130.94331658291458,38.35740357671181,0.2929313582218878,14.410904522613068,3.261795562081999,0.2263421811562007,40.8805527638191,13.222613065326632,0.05356783919597991,1540.98,5
Overlap,FILLET,FE410,TEST,03-22-23-0093-06,overlap_5_03-22-23_Fe410,245,18.0,30,100,11.0,246.628,19.35486068984306,0.07847795339476078,16.224800000000002,2.9101961057182,0.1793671481755214,1.1003999999999998,7.703200000000001,0.08240000000000001,20.66,5
Overlap,FILLET,FE410,TEST,03-22-23-0072-06,overlap_4_03-22-23_Fe410,225,17.0,30,99,10.89,229.06505050505052,26.972988770466443,0.1177525279871175,15.185050505050507,2.460667892466403,0.16204542037235842,1.667575757575758,7.7155555555555555,0.04545454545454546,41.8,5
Undercut,FILLET,FE410,TEST,03-15-23-0125-05,undercut_7_03-15-23_Fe410,310,20.5,30,201,22.11,287.5105472636816,25.07161469070161,0.087202417195874,20.070398009950246,2.228047540066419,0.11101162712178532,133.02741293532338,16.748457711442786,0.2182587064676617,5032.62,5
Undercut,FILLET,FE410,TEST,03-15-23-0020-05,undercut_1_03-15-23_Fe410,290,18.0,30,211,23.21,278.42350710900473,25.27425690158526,0.09077630392641457,16.482464454976306,1.9290302504273664,0.11703530474442873,113.69293838862559,8.801184834123223,0.13393364928909954,4343.94,5
Undercut,FILLET,BSK46,TEST,03-20-23-0002-05,undercut_1_03-20-23_BSK46,280,18.0,35,176,19.36,244.2139772727273,20.740635176374916,0.084928124950083,16.787954545454546,2.4925125173909657,0.1484702922349662,118.28664772727271,12.653636363636364,0.318125,4106.72,5
Porosity,NON_FILLET,FE410,TEST,11-26-22-0251-03,porosity_weld_14_11-26-22_plane_plate,140,18.0,30,222,24.42,122.35774774774774,14.538989252319686,0.11882360961966389,16.953873873873874,1.3286703939256068,0.07836972268462514,33.3354054054054,-0.002297297297297297,0.01175675675675675,1298.03,5
Porosity,NON_FILLET,FE410,TEST,09-19-22-0062-03,porosity_weld_5_09-19-2022_plane_plate,180,22.0,30,232,25.52,157.2169396551724,16.60318969083238,0.10560687497955719,20.2235775862069,1.7696578418076203,0.08750468774696823,42.10323275862069,-0.0028448275862068963,0.01724137931034483,1735.08,5
Porosity,NON_FILLET,FE410,TEST,10-30-22-0141-03,porosity_weld_9_10-30-22_plane_plate,180,21.0,30,230,25.3,164.55273913043482,15.576467382963418,0.09465942326621822,17.99830434782609,1.8974421287245478,0.10542338278404148,43.690782608695656,-0.008391304347826086,-3.861645303044023e-18,1671.8,5
Good,NON_FILLET,BSK46,TEST,12-25-22-0530-00,good_weld_33_12-25-22_butt_BSK46,150,18.0,30,234,25.74,135.9376923076923,11.289757056473338,0.08305096890212904,18.549829059829058,2.0692539689031477,0.11155110714115747,35.91799145299145,11.27448717948718,0.1433333333333333,1454.92,5
Porosity,NON_FILLET,FE410,TEST,10-27-22-0089-03,porosity_weld_6_10-27-22_plane_plate,150,21.0,30,234,25.74,127.08773504273503,11.757966252053626,0.09251849714765822,19.638931623931626,1.927130260909975,0.09812806000921205,38.638888888888886,-0.003376068376068375,0.0015811965811965807,1574.26,5
Spatter,NON_FILLET,FE410,TEST,12-06-22-0252-09,spatter_weld_14_12-06-22_plane_plate,165,14.5,35,203,22.330000000000002,138.91768472906404,28.40117967601383,0.20444610584610326,13.010098522167489,4.798609739892366,0.3688373098571213,41.06467980295567,13.237044334975371,0.08625615763546798,1560.66,5
Porosity,NON_FILLET,FE410,TEST,11-26-22-0223-03,porosity_weld_13_11-26-22_plane_plate,160,22.0,30,221,24.31,131.4010407239819,11.58711326914389,0.08818128992968573,19.342307692307696,1.6821630056633565,0.08696806153757658,35.16723981900452,-0.007466063348416289,0.0012217194570135748,1369.84,5
Porosity,NON_FILLET,FE410,TEST,10-30-22-0144-03,porosity_weld_9_10-30-22_plane_plate,180,21.0,30,231,25.41,159.01458874458876,15.38751503173507,0.09676794533896944,18.168311688311686,1.9474972138825206,0.10719197508788965,40.86688311688313,-0.008181818181818182,0.03748917748917749,1651.97,5
Porosity,NON_FILLET,FE410,TEST,10-27-22-0105-03,porosity_weld_7_10-27-22_plane_plate,160,21.0,30,232,25.52,138.29982758620687,19.63095549949005,0.14194490218907485,19.15008620689655,2.987570063498275,0.15600817830378,41.21530172413792,-0.003103448275862069,0.008405172413793103,1711.64,5
Spatter,NON_FILLET,FE410,TEST,12-06-22-0240-09,spatter_weld_13_12-06-22_plane_plate,165,13.5,35,203,22.330000000000002,152.72886699507393,19.169943424229576,0.12551617648579738,13.240197044334975,4.258807874914852,0.3216574391343405,40.38901477832512,13.304236453201971,0.09536945812807883,1540.98,5
Spatter,NON_FILLET,BSK46,TEST,12-25-22-0279-09,spatter_weld_15_12-25-22_plane_plate_BSK46,150,15.0,30,220,24.2,136.85145454545454,27.752261147298952,0.2027911302768154,14.658090909090907,3.534427157852252,0.24112465803170932,35.21818181818182,18.50040909090909,0.05777272727272729,1376.56,5
Good,FILLET,BSK46,TEST,03-20-23-0008-00,good_weld_1_03-19-23_BSK46,230,19.0,30,204,22.44,210.49857843137258,16.898484831333352,0.08027837982213572,19.358284313725488,1.582911670685118,0.08176921286163752,94.63691176470589,10.043088235294118,0.34500000000000003,3589.02,5
Spatter,NON_FILLET,FE410,TEST,12-06-22-0249-09,spatter_weld_14_12-06-22_plane_plate,165,14.5,35,203,22.330000000000002,144.9516748768473,24.039373604973864,0.16584405544398162,12.316059113300492,3.9516770767941796,0.32085564387447946,40.068768472906406,13.534975369458126,0.029901477832512312,1536.89,5
Spatter,NON_FILLET,FE410,TEST,09-23-22-0055-09,spatter_weld_4_09-23-22_plane_plate,160,14.0,35,198,21.78,138.08383838383838,29.572119971491144,0.21416061660516764,14.616565656565657,5.140770678681771,0.35170852028243543,25.157777777777778,47.469090909090895,1.0267676767676768,1109.02,5
Porosity,NON_FILLET,FE410,TEST,09-19-22-0075-03,porosity_weld_5_09-19-2022_plane_plate,180,22.0,30,231,25.41,158.19857142857143,14.423844664541848,0.09117556836506825,20.20766233766234,1.575307199388407,0.07795593439090695,43.283982683982686,-0.00277056277056277,0.007705627705627706,1776.07,5
Overlap,FILLET,BSK46,TEST,03-22-23-0020-06,overlap_1_03-22-23_BSK46,240,18.0,30,100,11.0,242.11900000000003,21.662864911216527,0.08947197415823015,16.401899999999998,2.638809302574465,0.16088436721199773,0.6012000000000001,10.013499999999999,0.067,11.64,5
Overlap,FILLET,FE410,TEST,03-22-23-0037-06,overlap_2_03-22-23_Fe410,240,18.0,30,101,11.11,230.34584158415842,30.16855383565234,0.1309706901074229,17.015742574257427,2.7138759538839103,0.15949206695155618,1.0465346534653464,6.870693069306929,0.10841584158415846,18.69,5
Spatter,NON_FILLET,FE410,TEST,11-15-22-0150-09,spatter_weld_9_11-15-22_plane_plate,170,15.0,30,223,24.53,151.1365022421525,31.86244513895792,0.2108189925416401,14.447399103139011,3.407643165532857,0.23586551054663343,40.580403587443946,9.622914798206278,0.08753363228699551,1603.44,5
Undercut,FILLET,FE410,TEST,03-15-23-0046-05,undercut_3_03-15-23_Fe410,300,18.5,30,209,22.99,282.8932057416268,20.007241688005735,0.0707236557186136,16.818708133971292,1.7673210811360087,0.10508066773370558,121.50794258373207,12.755550239234449,0.21191387559808617,4610.82,5
Overlap,FILLET,FE410,TEST,03-22-23-0063-06,overlap_4_03-22-23_Fe410,225,17.0,30,100,11.0,231.7841,31.106495411048407,0.13420461287486246,15.431899999999999,3.490507964248878,0.22618782938256976,1.3852000000000002,7.7943999999999996,0.08950000000000001,30.0,5
Spatter,NON_FILLET,BSK46,TEST,12-25-22-0261-09,spatter_weld_15_12-25-22_plane_plate_BSK46,150,15.0,30,201,22.11,138.33880597014925,38.4084563939657,0.2776405082045704,13.959253731343283,3.9297310264569645,0.28151440629189073,38.83477611940298,19.890298507462685,0.020945273631840806,1404.59,5
Porosity,NON_FILLET,FE410,TEST,11-25-22-0191-03,porosity_weld_11_11-25-22_plane_plate,170,24.0,30,221,24.31,140.7888235294118,11.336862219029657,0.08052387920310525,23.142262443438913,1.2085544873906944,0.05222283216018635,43.45117647058823,-0.004027149321266969,0.023665158371040725,1681.15,5
Porosity,NON_FILLET,FE410,TEST,09-16-22-0019-03,porosity_weld_1_09-16-2022_plane_plate_corrected,180,24.0,30,230,25.3,154.79869565217393,15.260433328234265,0.09858244130508573,23.456478260869563,1.5337516400681726,0.06538712346374687,40.755043478260866,-0.006434782608695652,0.009130434782608698,1691.31,5
Porosity,NON_FILLET,FE410,TEST,11-25-22-0219-03,porosity_weld_12_11-25-22_plane_plate,160,21.0,30,220,24.2,144.30354545454546,16.56339119901547,0.11478159560696875,14.390500000000001,2.2958193541411998,0.15953714979612937,32.847909090909084,-0.0041818181818181815,-9.090909090908872e-05,1277.21,5
Good,NON_FILLET,BSK46,TEST,12-24-22-0512-00,good_weld_32_12-24-22_butt_BSK46,165,21.0,30,236,25.96,154.0532627118644,12.3865747137455,0.08040449449560116,22.01720338983051,1.6888396548320213,0.0767054573158041,46.967161016949156,12.097161016949153,0.07220338983050849,1760.49,5
Porosity,NON_FILLET,FE410,TEST,11-25-22-0213-03,porosity_weld_12_11-25-22_plane_plate,160,21.0,30,220,24.2,131.27054545454547,19.46040409536765,0.14824653945013222,15.196454545454547,2.2235875764748316,0.14632278666209908,34.247454545454545,-0.004454545454545454,-0.004363636363636362,1294.59,5
Spatter,NON_FILLET,BSK46,TEST,12-25-22-0288-09,spatter_weld_16_12-25-22_plane_plate_BSK46,160,15.0,30,218,23.98,145.15697247706422,35.27068915363734,0.2429830861842365,15.060183486238532,5.081434624824172,0.33740854681268717,37.969128440366966,19.024266055045874,0.022339449541284407,1521.31,5
Spatter,NON_FILLET,FE410,TEST,09-23-22-0025-09,spatter_weld_3_09-23-22_plane_plate,170,13.0,35,201,22.11,145.84069651741294,23.926663380263403,0.16406026542396984,13.313184079601989,4.352931059751035,0.32696393542852376,36.90203980099503,46.52442786069652,1.0512437810945274,1408.03,5
Overlap,FILLET,FE410,TEST,03-22-23-0111-06,overlap_6_03-22-23_Fe410,250,18.0,30,101,11.11,250.34514851485153,20.975296546836297,0.08378551240665227,16.20128712871287,2.6126602011613893,0.16126250836768888,21.774158415841583,9.004158415841585,0.03742574257425741,711.15,5
Overlap,FILLET,FE410,TEST,03-22-23-0130-06,overlap_7_03-22-23_Fe410,255,18.0,30,101,11.11,239.2051485148515,30.233407205072382,0.12639112240176253,16.804554455445544,3.559203710031915,0.21179994503683788,25.890495049504953,9.464455445544555,0.09336633663366337,890.98,5
Undercut,FILLET,FE410,TEST,03-15-23-0066-05,undercut_4_03-15-23_Fe410,300,19.0,30,210,23.1,276.17285714285714,24.570165271376336,0.08896661868065774,17.57109523809524,1.8443069627110578,0.10496255001296016,119.49395238095238,12.742857142857142,0.21057142857142858,4698.03,5
Undercut,FILLET,FE410,TEST,03-15-23-0043-05,undercut_3_03-15-23_Fe410,300,18.5,30,210,23.1,281.7925714285714,22.388168334957534,0.07944910762359281,17.01919047619048,2.358924378168667,0.138603794432453,119.25204761904762,12.77804761904762,0.21942857142857142,4592.79,5
Spatter,NON_FILLET,FE410,TEST,12-31-22-0004-09,7_spatter,170,16.0,30,214,23.54,139.2223831775701,37.77816822932636,0.2713512537789451,14.439345794392525,4.751146492925234,0.3290416727030893,49.35462616822429,14.580233644859813,0.07967289719626167,1689.84,5
Spatter,NON_FILLET,FE410,TEST,11-15-22-0168-09,spatter_weld_10_11-15-22_plane_plate,170,16.0,30,224,24.64,155.93968750000002,22.733661168543026,0.1457849604100497,15.137500000000001,3.544446549927291,0.2341500611017203,40.63455357142857,12.702455357142858,0.06883928571428571,1621.8,5
Porosity,NON_FILLET,FE410,TEST,11-26-22-0259-03,porosity_weld_14_11-26-22_plane_plate,140,18.0,30,220,24.2,122.74040909090908,14.529044609842824,0.11837213772916239,16.937409090909092,1.857642025743224,0.10967687063426285,33.73068181818182,-0.0028636363636363638,0.034636363636363646,1300.98,5
Porosity,NON_FILLET,FE410,TEST,10-30-22-0177-03,porosity_weld_10_10-30-22_plane_plate,150,20.0,30,232,25.52,129.25073275862067,12.33565254468383,0.09543971071886304,18.26853448275862,2.1150768836886322,0.11577704197809562,32.886034482758625,-0.003836206896551724,0.04258620689655174,1139.84,5
Porosity,NON_FILLET,FE410,TEST,10-27-22-0091-03,porosity_weld_6_10-27-22_plane_plate,150,21.0,30,232,25.52,126.28375,12.182938257166128,0.09647273110884123,19.612974137931033,1.4271517480220421,0.0727656977460631,38.64663793103448,-0.0031896551724137938,-0.0017241379310344843,1556.23,5
Spatter,NON_FILLET,FE410,TEST,12-06-22-0214-09,spatter_weld_12_12-06-22_plane_plate,165,15.0,35,203,22.330000000000002,146.847881773399,37.861557150325176,0.2578284187220988,15.056995073891626,4.444641710601561,0.295187830559129,40.78054187192119,12.501576354679804,0.10275862068965519,1527.54,5
Spatter,NON_FILLET,FE410,TEST,11-14-22-0084-09,spatter_weld_6_11-14-22_plane_plate,170,17.0,30,223,24.53,146.24089686098654,25.07958205650473,0.1714949962344996,15.574260089686096,3.670496844461495,0.23567712516193604,39.912286995515686,10.396681614349776,0.05493273542600898,1594.1,5
Porosity,NON_FILLET,FE410,TEST,11-25-22-0210-03,porosity_weld_12_11-25-22_plane_plate,160,21.0,30,218,23.98,128.90311926605503,18.513883702900156,0.14362634363166685,15.101926605504586,2.099006557672137,0.1389893231839081,32.51032110091743,-0.005321100917431193,-0.004311926605504587,1278.2,5
Porosity,NON_FILLET,FE410,TEST,09-19-22-0043-03,porosity_weld_4_09-19-2022_plane_plate,170,22.0,30,231,25.41,149.2187012987013,13.755090853680258,0.09218074365990997,20.536320346320345,1.3231749897325722,0.0644309675452475,38.9678354978355,-0.0033333333333333335,0.03454545454545456,1585.9,5
Porosity,NON_FILLET,FE410,TEST,09-19-22-0017-03,porosity_weld_2_09-19-2022_plane_plate,150,22.0,30,231,25.41,125.35134199134197,10.432281980547872,0.0832243342178852,21.57558441558442,1.4537871025642501,0.0673811227803477,32.99380952380953,-0.0048917748917748916,-0.019004329004329006,1356.89,5
Undercut,FILLET,FE410,TEST,03-15-23-0129-05,undercut_7_03-15-23_Fe410,310,20.5,30,202,22.22,282.88970297029704,34.88856161057114,0.12332920302240333,20.182425742574257,1.8325689651064532,0.0908002332564366,124.15321782178218,16.779059405940593,0.2253960396039604,4758.85,5
Overlap,FILLET,FE410,TEST,03-22-23-0069-06,overlap_4_03-22-23_Fe410,225,17.0,30,101,11.11,223.27653465346535,30.53691907955495,0.13676725647390373,15.19168316831683,3.1767615803855755,0.20911189005118952,1.755742574257426,7.811584158415842,0.05039603960396041,40.0,5
Spatter,NON_FILLET,FE410,TEST,11-15-22-0139-09,spatter_weld_8_11-15-22_plane_plate,160,12.0,30,224,24.64,133.46915178571427,28.158369626006312,0.2109728671327348,12.284062500000001,3.784730119413235,0.3081008517673396,37.44183035714286,11.33830357142857,0.06325892857142856,1477.71,5
Overlap,FILLET,FE410,TEST,03-22-23-0065-06,overlap_4_03-22-23_Fe410,225,17.0,30,99,10.89,224.4959595959596,25.69141629540219,0.11444043955909385,15.397070707070707,3.1419531987464038,0.20406175034992485,1.8995959595959597,7.7940404040404045,0.08262626262626264,44.43,5
Spatter,NON_FILLET,FE410,TEST,09-23-22-0046-09,spatter_weld_4_09-23-22_plane_plate,160,14.0,35,199,21.89,132.9708542713568,35.97007475039999,0.2705109698475351,15.744874371859295,5.834176636817949,0.37054450223149016,32.6370351758794,47.23206030150752,1.0075376884422111,1199.18,5
Porosity,NON_FILLET,FE410,TEST,10-30-22-0161-03,porosity_weld_10_10-30-22_plane_plate,150,20.0,30,230,25.3,130.45969565217393,17.68304895743337,0.13554415307375206,18.303130434782606,3.0795641003906145,0.16825340951175885,33.91469565217391,-0.002739130434782609,0.01647826086956522,1330.66,5
Porosity,NON_FILLET,FE410,TEST,09-19-22-0005-03,porosity_weld_2_09-19-2022_plane_plate,150,22.0,30,232,25.52,125.95801724137932,12.52802200850513,0.09946188645139664,21.434353448275864,1.615743302628254,0.07538101424553215,31.248448275862074,-0.009353448275862068,0.040517241379310356,1284.75,5
Overlap,FILLET,FE410,TEST,03-22-23-0077-06,overlap_4_03-22-23_Fe410,225,17.0,30,101,11.11,219.100396039604,22.49325342945267,0.10266185655541603,15.570990099009899,3.3075478847480038,0.21241731346026085,1.3599999999999999,8.233168316831682,0.07455445544554458,34.59,5
Good,FILLET,BSK46,TEST,03-20-23-0020-00,good_weld_1_03-19-23_BSK46,230,19.0,30,203,22.330000000000002,206.69241379310344,14.591135467939747,0.07059347365571575,19.26753694581281,1.1882176694797522,0.06166941175830851,95.51798029556652,11.496551724137932,0.3053694581280788,3640.0,5
Undercut,FILLET,FE410,TEST,03-15-23-0069-05,undercut_4_03-15-23_Fe410,300,19.0,30,210,23.1,278.2585238095238,26.011116398173584,0.09347823758304333,17.725,2.136985591029556,0.1205633619762796,122.21171428571428,13.811714285714286,0.20804761904761904,4741.97,5
Overlap,FILLET,FE410,TEST,03-22-23-0090-06,overlap_5_03-22-23_Fe410,245,18.0,30,101,11.11,226.16039603960397,30.17356753586795,0.1334166726988934,16.603366336633663,2.864085989361256,0.17250031898904364,1.1952475247524752,7.88079207920792,0.06910891089108913,21.48,5
Porosity,NON_FILLET,FE410,TEST,09-16-22-0014-03,porosity_weld_1_09-16-2022_plane_plate_corrected,180,24.0,30,232,25.52,156.03310344827585,11.600049329182552,0.07434351475953246,23.245991379310343,1.6132540479732214,0.06939923626613179,39.36443965517241,-0.0065948275862068965,0.010344827586206896,1710.16,5
Spatter,NON_FILLET,FE410,TEST,11-15-22-0147-09,spatter_weld_9_11-15-22_plane_plate,170,15.0,30,223,24.53,144.61560538116592,38.17344256858776,0.2639648913958721,14.695156950672644,3.4768404741176626,0.23659770942143743,41.3339461883408,9.657040358744394,0.10542600896860987,1616.56,5
Spatter,NON_FILLET,FE410,TEST,11-14-22-0101-09,spatter_weld_7_11-14-22_plane_plate,150,16.0,30,225,24.75,149.76995555555558,15.328148636512363,0.10234461631275939,16.37088888888889,2.247290255410612,0.13727356349818448,40.578088888888885,10.977688888888888,0.07448888888888888,1618.85,5
Spatter,NON_FILLET,FE410,TEST,09-23-22-0029-09,spatter_weld_3_09-23-22_plane_plate,170,13.0,35,199,21.89,138.55060301507538,34.57286509163852,0.24953240432938947,14.497437185929646,5.409413788963309,0.3731289689058536,37.55829145728644,46.49080402010049,0.9971859296482412,1404.1,5
Undercut,FILLET,FE410,TEST,03-15-23-0026-05,undercut_2_03-15-23_Fe410,295,18.0,30,210,23.1,273.7009047619048,25.136748306919724,0.0918402090368917,16.42647619047619,1.9892834808978277,0.12110226550300439,116.97923809523809,9.172952380952381,0.15890476190476194,4481.8,5
Good,FILLET,BSK46,TEST,03-19-23-0001-00,good_weld_1_03-19-23_BSK46,230,19.0,30,202,22.22,207.7439603960396,15.130572396745276,0.0728327907482875,19.223267326732675,2.0276008953606834,0.10547639279515285,94.99856435643564,15.103267326732672,0.2198019801980198,3569.51,5
Good,NON_FILLET,BSK46,TEST,12-21-22-0477-00,good_weld_30_12-21-22_plane_plate_BSK46,170,23.0,30,234,25.74,160.489358974359,18.464284885300053,0.11504990114796364,24.06846153846154,2.372155397128968,0.09855866330875573,40.80393162393162,15.073760683760682,0.05722222222222222,1680.16,5
Spatter,NON_FILLET,FE410,TEST,11-15-22-0152-09,spatter_weld_9_11-15-22_plane_plate,170,15.0,30,226,24.86,146.37097345132744,37.444134113271005,0.2558166638532486,14.759823008849558,3.648156303255022,0.2471680250547513,41.31761061946903,9.646371681415928,0.08035398230088496,1618.03,5
Porosity,NON_FILLET,FE410,TEST,10-27-22-0115-03,porosity_weld_7_10-27-22_plane_plate,160,21.0,30,233,25.63,138.6541201716738,13.97122567078913,0.10076314828214795,19.004248927038624,1.819833847050793,0.09575931435320198,38.5087982832618,-4.2918454935622477e-05,-0.0004291845493562237,1626.72,5
Undercut,FILLET,FE410,TEST,03-15-23-0049-05,undercut_3_03-15-23_Fe410,300,18.5,30,210,23.1,280.17985714285714,30.193176698026495,0.10776355233357016,17.036238095238094,2.187977292394652,0.12843077680431264,121.92590476190477,12.214952380952381,0.22723809523809524,4697.21,5
Good,FILLET,BSK46,TEST,03-20-23-0010-00,good_weld_1_03-19-23_BSK46,230,19.0,30,203,22.330000000000002,210.3186206896552,20.93481647071075,0.09953857819180942,19.473793103448276,1.6556249445396454,0.08501810282900045,96.06064039408868,10.238128078817734,0.3633990147783251,3631.48,5
Spatter,NON_FILLET,FE410,TEST,12-06-22-0236-09,spatter_weld_13_12-06-22_plane_plate,165,13.5,35,200,22.0,149.0935,27.201517818093173,0.18244603432136997,13.5527,4.599987405488548,0.33941483287378515,41.81054999999999,12.956299999999999,0.0649,1552.95,5
Porosity,NON_FILLET,BSK46,TEST,12-22-22-0288-03,porosity_weld_16_12-22-22_plane_plate_BSK46,150,21.0,30,234,25.74,126.88730769230769,11.785967906857953,0.0928853178557311,18.680683760683763,1.8351165492548112,0.09823604814279244,34.40952991452991,-0.006837606837606838,0.014572649572649574,1399.34,5
Porosity,NON_FILLET,FE410,TEST,11-27-22-0280-03,porosity_weld_15_11-26-22_plane_plate,140,19.0,30,221,24.31,121.38968325791856,15.841481576405094,0.1305010537241987,18.5289592760181,2.164057910325671,0.11679327900119009,35.2575113122172,-0.0035294117647058825,0.010361990950226245,1360.33,5
Undercut,FILLET,FE410,TEST,03-15-23-0028-05,undercut_2_03-15-23_Fe410,295,18.0,30,209,22.99,278.2719138755981,18.65279635079109,0.06703082639928172,16.349569377990434,1.961410968346535,0.11996713326205151,116.61224880382775,9.361244019138756,0.12014354066985644,4471.8,5
Porosity,NON_FILLET,FE410,TEST,11-25-22-0208-03,porosity_weld_12_11-25-22_plane_plate,160,21.0,30,215,23.65,137.57153488372094,17.34875577879796,0.1261071615829654,14.861627906976745,1.7589447375832383,0.11835478243655308,32.57274418604652,-0.0037674418604651165,0.008279069767441865,1274.43,5
Spatter,NON_FILLET,BSK46,TEST,12-25-22-0271-09,spatter_weld_15_12-25-22_plane_plate_BSK46,150,15.0,30,212,23.32,138.93245283018868,34.5218255933307,0.24847920619040165,13.899811320754718,3.8008767961100403,0.2734480856178747,44.55966981132075,19.943962264150947,0.09108490566037737,1554.26,5
Spatter,NON_FILLET,FE410,TEST,12-06-22-0245-09,spatter_weld_14_12-06-22_plane_plate,165,14.5,35,201,22.11,144.06910447761194,28.73266716116048,0.1994367027222376,12.605771144278608,4.25537595605408,0.3375736325330221,42.083333333333336,13.28139303482587,0.059751243781094525,1573.12,5
Undercut,FILLET,FE410,TEST,03-15-23-0120-05,undercut_6_03-15-23_Fe410,310,20.0,30,202,22.22,291.70435643564355,20.99356534517594,0.07196863839024491,18.999356435643563,1.8964549493223197,0.09981679936087169,134.50316831683168,16.65158415841584,0.20702970297029702,5037.87,5
Undercut,FILLET,BSK46,TEST,03-20-23-0012-05,undercut_1_03-20-23_BSK46,280,18.0,35,177,19.47,246.40124293785314,22.57549296332722,0.09162085667328054,16.756610169491527,2.4225746612259806,0.1445742687048196,118.48485875706214,12.321638418079095,0.30887005649717514,4123.77,5
Good,NON_FILLET,BSK46,TEST,12-21-22-0478-00,good_weld_30_12-21-22_plane_plate_BSK46,170,23.0,30,235,25.85,161.70714893617023,13.342737291046921,0.08251173419867558,23.684425531914894,1.3667829804269043,0.05770809085426863,40.58404255319149,15.635872340425529,0.08229787234042554,1676.89,5
Porosity,NON_FILLET,FE410,TEST,10-30-22-0151-03,porosity_weld_9_10-30-22_plane_plate,180,21.0,30,234,25.74,159.02688034188034,16.644392967741133,0.10466402240903275,18.387478632478633,2.1607571121772873,0.11751242002047223,39.29602564102564,-0.00623931623931624,-4.273504273504325e-05,1705.9,5
Overlap,FILLET,FE410,TEST,03-22-23-0074-06,overlap_4_03-22-23_Fe410,225,17.0,30,101,11.11,222.89693069306932,23.13723590849064,0.10380239798075452,15.217128712871288,3.026898854152105,0.19891392859099802,1.4428712871287126,8.18940594059406,0.06613861386138616,32.95,5
Spatter,NON_FILLET,BSK46,TEST,12-25-22-0280-09,spatter_weld_15_12-25-22_plane_plate_BSK46,150,15.0,30,222,24.42,132.7067117117117,33.302720643521084,0.2509497840310215,15.064864864864866,4.662294963378794,0.3094813664244983,33.751621621621624,18.787432432432436,0.06896396396396395,1347.87,5
Porosity,NON_FILLET,FE410,TEST,10-30-22-0175-03,porosity_weld_10_10-30-22_plane_plate,150,20.0,30,230,25.3,130.2730434782609,12.310841401963648,0.09450029778430716,18.083608695652178,2.120019882067321,0.1172343373353923,29.118,-0.0013913043478260868,0.004304347826086953,1081.48,5
Spatter,NON_FILLET,FE410,TEST,09-23-22-0047-09,spatter_weld_4_09-23-22_plane_plate,160,14.0,35,197,21.67,131.23487309644668,34.40291586492813,0.2621476674088362,16.486395939086293,6.932852043328005,0.42051956467280116,35.354923857868016,47.81253807106599,1.0203045685279188,1301.48,5
Good,NON_FILLET,BSK46,TEST,12-25-22-0536-00,good_weld_33_12-25-22_butt_BSK46,150,18.0,30,234,25.74,148.7137606837607,9.675533386412381,0.06506145323691577,18.02491452991453,1.9950550975972865,0.11068319321493873,36.06017094017094,11.099444444444444,0.11662393162393161,1449.18,5
Spatter,NON_FILLET,FE410,TEST,09-23-22-0002-09,spatter_weld_2_09-23-22_plane_plate,170,14.0,35,200,22.0,146.43380000000002,36.30036704771723,0.2478960939872982,16.1146,5.944499407522062,0.3688890451839985,38.176950000000005,46.03915000000001,1.1429999999999998,1421.64,5
